"ID","NAME","UNIQUE_NAME","GAMETIME","TIMEZONE","STDTIME","HOWTOPLAY","PLAY_TYPE","TOP_PRIZE","TOP_PRIZE_ODDS","PRIZE_ROLLOVER","PRIZE_PERI_MUTUAL","INFO_URL","INFO","IS_MULTI_STATE","IS_MULTI_COUNTRY","Status","PRIZE_MATRIX","isCardGame","NUM_OF_BALLS","DIS_GAME_TYPE","TINBU_GAME_ID","isJackpot","isPayout","HIGHEST_JACKPOT","HIGHEST_JACKPOT_DATE","TICKET_PRICE","ADVANCED_PLAYS","CUTOFFTIME"
301,Pick 3,Arizona-Pick 3,"08:00 PM",US/Arizona,"11:00 PM",Choose 3 digits from 0 to 9.,"3-Digits",$500,"1 in 1000",F,F,https://lottery.az.gov/pick-3,<h4>Arizona Pick 3 ticket price and top prize</h4> <p>For $1 bet you can win up to $500</p> <p>For 50 cents bet you can win up to $250.</p> <h4>How to play Arizona Pick 3</h4> <p>Select any three digits and mark them on the selection slip. Pick three-digit (000 through 999).</p> <p>Now select the way you want to play with selected digits. The selected play type determines the prize amount:</p> <p> <strong>Straight:&nbsp;</strong>Three numbers in exact order drawn </p> <p> <strong>Box: &nbsp;</strong>Three numbers in any order. You have two options: </p> <ol> <li>3-Way &ndash; Two of your three numbers are the same</li> <li>6-Way &ndash; Three different numbers are selected</li> </ol> <p> <strong>Straight/Box: &nbsp;</strong>Three numbers in exact or any order </p> <p> <strong>Front Pair: &nbsp;</strong>First two numbers in exact order drawn </p> <p> <strong>Back Pair:&nbsp;</strong>&nbsp;Last two numbers in exact order drawn </p> <p>You can play same numbers for up to 12 consecutive drawing dates on the same ticket.</p>  <h4>Arizona Pick 3 drawing schedule</h4> <p> 8:00 PM (Arizona time) from the first Sunday in November to the second Saturday in March.<br /> 7:00 PM( Arizona Time) from the second Sunday in March to the first Saturday in November. </p>,F,F,Active,"<table class=""table table-bordered""><thead><tr class=""result-table-heading""><th > PLAY TYPE </th> <th> ODDS </th> <th> 2 PLAY PRIZE </th> <th> 1 PLAY PRIZE </th> </tr> </thead> <tbody> <tr> <td> Straight (Exact) </td> <td> 1 in 1,000 </td> <td> $250 </td> <td> $500 </td> </tr> <tr> <td> Box Any (3-way)&nbsp;&nbsp; </td> <td> 1 in 333 </td> <td> $80 </td> <td> $160 </td> </tr> <tr> <td> Box Any (6-way) </td> <td> 1 in 167 </td> <td> $40 </td> <td> $80 </td> </tr> <tr> <td> Straight/Box 3-way (Straight) </td> <td> 1 in 1,000 </td> <td> $165 </td> <td> $330 </td> </tr> <tr> <td> Straight/Box 3-way (Box) </td> <td> 1 in 333 </td> <td> $40 </td> <td> $80 </td> </tr> <tr> <td> Straight/Box 6-way (Straight) </td> <td> 1 in 1,000 </td> <td> $145 </td> <td> $290 </td> </tr> <tr> <td> Straight/Box 6-way (Box) </td> <td> 1 in 167 </td> <td> $20 </td> <td> $40 </td> </tr> <tr> <td> Front Pair </td> <td> 1 in 100 </td> <td> $25 </td> <td> $50 </td> </tr> <tr> <td> Back Pair </td> <td> 1 in 100 </td> <td> $25 </td> <td> $50 </td> </tr> </tbody> </table>",F,"3","3-Digits",AZA,F,F,,,"1$",upto 12 consecutive draws,"1 hour prior to draw time"
302,Weekly Winnings,Arizona-Weekly Winnings,"7:00 PM",US/Arizona,"10:00 PM",Choose any 4 numbers between 1 to 50,"6/53",,"1 in 230,300",F,F,https://lottery.az.gov/weekly-winnings,,F,F,Ignore,,F,"6+1","6/53 + XTRA",,F,F,,,,,
303,Fantasy 5,Arizona-Fantasy 5,"08:00 PM",US/Arizona,"11:00 PM",Choose any 5 numbers 1 through 41,"5/41",,"1 in 749,398",T,F,https://lottery.az.gov/fantasy-5,,F,F,Active,"<table class=""table table-bordered""<thead><tr class=""result-table-heading""><th><strong>Matching Numbers</strong></th><th><strong>Fantacy 5 Prizes</strong><strong>s</strong></th><th><strong>Odds</strong></th></tr></thead><tbody><tr><td><p>5 match</p></td><td><p>Jackpot*</p></td><td><p>1 in 749,398</p></td></tr><tr><td><p>4 match</p></td><td><p>$500</p></td><td><p>1 in 4,163</p></td></tr><tr><td><p>3 match</p></td><td><p>$5</p></td><td><p>1 in 119</p></td></tr><tr><td><p>2 match</p></td><td><p>$1</p></td><td><p>1 in 11</p></td></tr><tr><td colspan=""3""><p>The overall odds of winning a cash prize are approximately 1 in 9.62.</p></td></tr></tbody></table>",F,"5","5/41",AZ2,T,F,,,"1$",upto 12 consecutive draws,"1 hour prior to draw time"
304,Arizona 2by2,Arizona-Arizona 2by2,"7:00 PM",US/Arizona,"10:00 PM","Choose 2 Red numbers 1 through 26, and 2 White numbers also 1 through 26.","6/53",,"1 in 105,625",F,F,https://lottery.az.gov/2by2,,F,F,Ignore,,F,"6+1","6/53 + XTRA",,F,F,,,,,
305,The Pick,Arizona-The Pick,"08:00 PM",US/Arizona,"11:00 PM",Choose 6 numbers 1 through 44,"6/44",,"1 in 7,059,052",T,F,https://lottery.az.gov/pick,,F,F,Active,"<table class=""table table-bordered""><thead><tr class=""result-table-heading""><th><strong>Matching Numbers</strong></th><th><strong>The Pick Prizes</strong></th><th><strong>Odds</strong></th></tr></thead><tbody><tr><td><p>5 match</p></td><td><p>Jackpot*</p></td><td><p>1 in 7,059,052</p></td></tr><tr><td><p>4 match</p></td><td><p>$2000</p></td><td><p>1 in 30,961</p></td></tr><tr><td><p>3 match</p></td><td><p>$50</p></td><td><p>1 in 669</p></td></tr><tr><td><p>2 match</p></td><td><p>$3</p></td><td><p>1 in 42</p></td></tr><tr><td colspan=""3""><p>The overall odds of winning a cash prize are approximately 1 in 39</p></td></tr></tbody></table>",F,"6","6/44 ",AZ3,T,F,,,"1$",upto 10 consecutive draws,"Mon, Wed and Sat, 1 hour prior to draw time"
306,Cash 3 Midday,Arkansas-Cash 3 Midday,"12:59 PM",US/Central,"01:59 PM",Choose 3 digits from 0 to 9.,"3-Digits",$500,"1 in 1,000",F,F,http://myarkansaslottery.com/cash-3,,F,F,Active,"<table class=""table table-bordered""><thead><tr class=""result-table-heading""> <th> WAYS TO PLAY </th> <th> EXAMPLES </th> <th> ODDS OF WINNING </th> <th> WIN FOR $0.50 PLAY </th> <th> WIN FOR $1.00 PLAY </th> </tr> </thead> <tbody> <tr> <td> STRAIGHT<br /> exact order </td> <td> PLAY 123&nbsp;<br /> 123 WINS </td> <td> 1 in 1,000 </td> <td> $250 </td> <td> $500 </td> </tr> <tr> <td> 3-WAY BOX&nbsp;<br /> any order, 3 ways to win&nbsp;<br /> (Two numbers must be the same) </td> <td> PLAY 122&nbsp;<br /> 122, 212, or 221 WINS </td> <td> 1 in 333 </td> <td> $80 </td> <td> $160 </td> </tr> <tr> <td> 6-WAY BOX&nbsp;<br /> any order, 6 ways to win&nbsp;<br /> (Each number must be unique) </td> <td> PLAY 123&nbsp;<br /> 123, 132, 213, 231, 312, or 321 WINS </td> <td> 1 in 167 </td> <td> $40 </td> <td> $80 </td> </tr> <tr> <td> 3-WAY STRAIGHT/BOX&nbsp;<br /> $0.50 Straight and $0.50 Box, 3 ways to win&nbsp;<br /> (Two numbers must be the same) </td> <td> PLAY 122&nbsp;<br /> 122 WINS $330 212 or 221 wins $80 </td> <td> 1 in 1,000&nbsp;<br /> (Straight and Box)&nbsp;<br /> 1 in 500&nbsp;<br /> (Box only) </td> <td> No $0.50 play </td> <td> $330&nbsp;<br /> (Straight and Box)&nbsp;<br /> OR $80&nbsp;<br /> (Box only) </td> </tr> <tr> <td> 6-WAY STRAIGHT/BOX&nbsp;<br /> $0.50 Straight and $0.50 Box, 6 ways to win&nbsp;<br /> (Each number must be unique) </td> <td> PLAY 123&nbsp;<br /> 123 WINS $290&nbsp;<br /> 132, 213, 231, 312 or 321 WINS $40 </td> <td> 1 in 1,000&nbsp;<br /> (Straight and Box)&nbsp;<br /> 1 in 200&nbsp;<br /> (Box only) </td> <td> No $0.50 play </td> <td> $290&nbsp;<br /> (Straight and Box)&nbsp;<br /> OR $40&nbsp;<br /> (Box only) </td> </tr> <tr> <td> 3-WAY COMBO PLAY&nbsp;<br /> Straight play for each of 3 ways to win&nbsp;<br /> (Two numbers must be the same) </td> <td> PLAY 122&nbsp;<br /> 122, 212, or 221 WINS </td> <td> 1 in 333 </td> <td> $250 </td> <td> $500 </td> </tr> <tr> <td> 6-WAY COMBO PLAY&nbsp;<br /> Straight play for each of 6 ways to win&nbsp;<br /> (Each number must be unique) </td> <td> PLAY 123&nbsp;<br /> 123, 132, 213, 231, 312, or 321 WINS </td> <td> 1 in 167 </td> <td> $250 </td> <td> $500 </td> </tr> </tbody> </table>",F,"3","3-Digits",ARB,F,F,,,"1$",upto 14 consecutive draws,"Mon-Sat, 4 minutes before draw time"
307,Cash 3 Evening,Arkansas-Cash 3 Evening,"6:59 PM",US/Central,"07:59 PM",Choose 3 digits from 0 to 9.,"3-Digits",$500,"1in 1,000",F,F,http://myarkansaslottery.com/cash-3,,F,F,Active,"<table class=""table table-bordered""><thead><tr class=""result-table-heading""> <th> WAYS TO PLAY </th> <th> EXAMPLES </th> <th> ODDS OF WINNING </th> <th> WIN FOR $0.50 PLAY </th> <th> WIN FOR $1.00 PLAY </th> </tr> </thead> <tbody> <tr> <td> STRAIGHT<br /> exact order </td> <td> PLAY 123&nbsp;<br /> 123 WINS </td> <td> 1 in 1,000 </td> <td> $250 </td> <td> $500 </td> </tr> <tr> <td> 3-WAY BOX&nbsp;<br /> any order, 3 ways to win&nbsp;<br /> (Two numbers must be the same) </td> <td> PLAY 122&nbsp;<br /> 122, 212, or 221 WINS </td> <td> 1 in 333 </td> <td> $80 </td> <td> $160 </td> </tr> <tr> <td> 6-WAY BOX&nbsp;<br /> any order, 6 ways to win&nbsp;<br /> (Each number must be unique) </td> <td> PLAY 123&nbsp;<br /> 123, 132, 213, 231, 312, or 321 WINS </td> <td> 1 in 167 </td> <td> $40 </td> <td> $80 </td> </tr> <tr> <td> 3-WAY STRAIGHT/BOX&nbsp;<br /> $0.50 Straight and $0.50 Box, 3 ways to win&nbsp;<br /> (Two numbers must be the same) </td> <td> PLAY 122&nbsp;<br /> 122 WINS $330 212 or 221 wins $80 </td> <td> 1 in 1,000&nbsp;<br /> (Straight and Box)&nbsp;<br /> 1 in 500&nbsp;<br /> (Box only) </td> <td> No $0.50 play </td> <td> $330&nbsp;<br /> (Straight and Box)&nbsp;<br /> OR $80&nbsp;<br /> (Box only) </td> </tr> <tr> <td> 6-WAY STRAIGHT/BOX&nbsp;<br /> $0.50 Straight and $0.50 Box, 6 ways to win&nbsp;<br /> (Each number must be unique) </td> <td> PLAY 123&nbsp;<br /> 123 WINS $290&nbsp;<br /> 132, 213, 231, 312 or 321 WINS $40 </td> <td> 1 in 1,000&nbsp;<br /> (Straight and Box)&nbsp;<br /> 1 in 200&nbsp;<br /> (Box only) </td> <td> No $0.50 play </td> <td> $290&nbsp;<br /> (Straight and Box)&nbsp;<br /> OR $40&nbsp;<br /> (Box only) </td> </tr> <tr> <td> 3-WAY COMBO PLAY&nbsp;<br /> Straight play for each of 3 ways to win&nbsp;<br /> (Two numbers must be the same) </td> <td> PLAY 122&nbsp;<br /> 122, 212, or 221 WINS </td> <td> 1 in 333 </td> <td> $250 </td> <td> $500 </td> </tr> <tr> <td> 6-WAY COMBO PLAY&nbsp;<br /> Straight play for each of 6 ways to win&nbsp;<br /> (Each number must be unique) </td> <td> PLAY 123&nbsp;<br /> 123, 132, 213, 231, 312, or 321 WINS </td> <td> 1 in 167 </td> <td> $250 </td> <td> $500 </td> </tr> </tbody> </table>",F,"3","3-Digits",ARA,F,F,,,"1$",upto 14 consecutive draws,"Mon-Sun, 4 minutes before draw time"
308,Cash 4 Midday,Arkansas-Cash 4 Midday,"12:59 PM",US/Central,"01:59 PM",Choose 4 digits from 0 to 9.,"4-Digits","$5,000","1 in 10,000",F,F,http://myarkansaslottery.com/cash-4,,F,F,Active,"<table class=""table table-bordered""><thead><tr class=""result-table-heading""> <th> WAYS TO PLAY </th> <th> ODDS OF WINNING </th> <th> WIN FOR $0.50 PLAY </th> <th> WIN FOR $1.00 PLAY </th> </tr> <tr> </thead> <tbody> <td> STRAIGHT&nbsp;<br /> exact order </th> <td> 1 in 10,000 </td> <td> $2,500 </td> <td> $5,000 </td> </tr> <tr> <td> 4-WAY BOX&nbsp;<br /> any order, three numbers&nbsp;<br /> must be the same. Ex. 1112 </td> <td> 1 in 2,500 </td> <td> $600 </td> <td> $1,200 </td> </tr> <tr> <td> 6-WAY BOX&nbsp;<br /> any order, two pairs of numbers&nbsp;<br /> must be the same. Ex. 1122 </td> <td> 1 in 1,667 </td> <td> $400 </td> <td> $800 </td> </tr> <tr> <td> 12-WAY BOX&nbsp;<br /> any order, two numbers must&nbsp;<br /> be the same. Ex. 1123 </td> <td> 1 in 833 </td> <td> $200 </td> <td> $400 </td> </tr> <tr> <td> 24-WAY BOX&nbsp;<br /> any order, each number&nbsp;<br /> must be unique, Ex. 1234 </td> <td> 1 in 417 </td> <td> $100 </td> <td> $200 </td> </tr> <tr> <td> 4-WAY STRAIGHT/BOX&nbsp;<br /> $0.50 straight and $0.50 box, three&nbsp;<br /> numbers must be the same, Ex. 1112 </td> <td> 1 in 2,500 </td> <td> No $0.50 Play </td> <td> $3,100&nbsp;<br /> (Straight and Box)&nbsp;<br /> or $600 (Box Only) </td> </tr> <tr> <td> 6-WAY STRAIGHT/BOX&nbsp;<br /> $0.50 straight and $0.50 box, two pairs of numbers must be the same, Ex. 1122 </td> <td> 1 in 1,667 </td> <td> No $0.50 Play </td> <td> $2,900&nbsp;<br /> (Straight and Box)&nbsp;<br /> or $400 (Box Only) </td> </tr> <tr> <td> 12-WAY STRAIGHT/BOX&nbsp;<br /> $0.50 straight and $0.50 box, two numbers must be the same, Ex. 1123 </td> <td> 1 in 833 </td> <td> No $0.50 Play </td> <td> $2,700&nbsp;<br /> (Straight and Box)&nbsp;<br /> or $200 (Box Only) </td> </tr> <tr> <td> 24-WAY STRAIGHT/BOX&nbsp;<br /> $0.50 straight and $0.50 box, each number must be unique, Ex. 1234 </td> <td> 1 in 417 </td> <td> No $0.50 Play </td> <td> $2,600&nbsp;<br /> (Straight and Box)&nbsp;<br /> or $100 (Box Only) </td> </tr> <tr> <td> 4-WAY COMBO PLAY&nbsp;<br /> Straight play for each of 4 ways to win, three numbers must be the same, Ex. 1112 </td> <td> 1 in 2,500 </td> <td> (Ticket Total Price $2)&nbsp;<br /> $2,500 </td> <td> (Ticket Total Price $4)&nbsp;<br /> $5,000 </td> </tr> <tr> <td> 6-WAY COMBO PLAY&nbsp;<br /> Straight play for each of 6 ways to win, two pairs of numbers must be the same, Ex. 1122 </td> <td> 1 in 1,667 </td> <td> (Ticket Total Price $3)&nbsp;<br /> $2,500 </td> <td> (Ticket Total Price $6)&nbsp;<br /> $5,000 </td> </tr> <tr> <td> 12-WAY COMBO PLAY&nbsp;<br /> Straight play for each of 12 ways to win, two numbers must be the same, Ex. 1123 </td> <td> 1 in 833 </td> <td> (Ticket Total Price $6)&nbsp;<br /> $2,500 </td> <td> (Ticket Total Price $12)&nbsp;<br /> $5,000 </td> </tr> <tr> <td> 24-WAY COMBO PLAY&nbsp;<br /> Straight play for each of 24 ways to win, each number must be unique, Ex. 1234 </td> <td> 1 in 417 </td> <td> (Ticket Total Price $12)&nbsp;<br /> $2,500 </td> <td> (Ticket Total Price $24)&nbsp;<br /> $5,000 </td> </tr> </tbody> </table>",F,"4","4-Digits",ARD,F,F,,,"1$",upto 14 consecutive draws,"Mon-Sat, 4 minutes before draw time"
309,Cash 4 Evening,Arkansas-Cash 4 Evening,"6:59 PM",US/Central,"07:59 PM",Choose 4 digits from 0 to 9.,"4-Digits","$5,000","1 in 10,000",F,F,http://myarkansaslottery.com/cash-4,,F,F,Active,"<table class=""table table-bordered""><thead><tr class=""result-table-heading""> <th> WAYS TO PLAY </th> <th> ODDS OF WINNING </th> <th> WIN FOR $0.50 PLAY </th> <th> WIN FOR $1.00 PLAY </th> </tr> <tr> </thead> <tbody> <td> STRAIGHT&nbsp;<br /> exact order </th> <td> 1 in 10,000 </td> <td> $2,500 </td> <td> $5,000 </td> </tr> <tr> <td> 4-WAY BOX&nbsp;<br /> any order, three numbers&nbsp;<br /> must be the same. Ex. 1112 </td> <td> 1 in 2,500 </td> <td> $600 </td> <td> $1,200 </td> </tr> <tr> <td> 6-WAY BOX&nbsp;<br /> any order, two pairs of numbers&nbsp;<br /> must be the same. Ex. 1122 </td> <td> 1 in 1,667 </td> <td> $400 </td> <td> $800 </td> </tr> <tr> <td> 12-WAY BOX&nbsp;<br /> any order, two numbers must&nbsp;<br /> be the same. Ex. 1123 </td> <td> 1 in 833 </td> <td> $200 </td> <td> $400 </td> </tr> <tr> <td> 24-WAY BOX&nbsp;<br /> any order, each number&nbsp;<br /> must be unique, Ex. 1234 </td> <td> 1 in 417 </td> <td> $100 </td> <td> $200 </td> </tr> <tr> <td> 4-WAY STRAIGHT/BOX&nbsp;<br /> $0.50 straight and $0.50 box, three&nbsp;<br /> numbers must be the same, Ex. 1112 </td> <td> 1 in 2,500 </td> <td> No $0.50 Play </td> <td> $3,100&nbsp;<br /> (Straight and Box)&nbsp;<br /> or $600 (Box Only) </td> </tr> <tr> <td> 6-WAY STRAIGHT/BOX&nbsp;<br /> $0.50 straight and $0.50 box, two pairs of numbers must be the same, Ex. 1122 </td> <td> 1 in 1,667 </td> <td> No $0.50 Play </td> <td> $2,900&nbsp;<br /> (Straight and Box)&nbsp;<br /> or $400 (Box Only) </td> </tr> <tr> <td> 12-WAY STRAIGHT/BOX&nbsp;<br /> $0.50 straight and $0.50 box, two numbers must be the same, Ex. 1123 </td> <td> 1 in 833 </td> <td> No $0.50 Play </td> <td> $2,700&nbsp;<br /> (Straight and Box)&nbsp;<br /> or $200 (Box Only) </td> </tr> <tr> <td> 24-WAY STRAIGHT/BOX&nbsp;<br /> $0.50 straight and $0.50 box, each number must be unique, Ex. 1234 </td> <td> 1 in 417 </td> <td> No $0.50 Play </td> <td> $2,600&nbsp;<br /> (Straight and Box)&nbsp;<br /> or $100 (Box Only) </td> </tr> <tr> <td> 4-WAY COMBO PLAY&nbsp;<br /> Straight play for each of 4 ways to win, three numbers must be the same, Ex. 1112 </td> <td> 1 in 2,500 </td> <td> (Ticket Total Price $2)&nbsp;<br /> $2,500 </td> <td> (Ticket Total Price $4)&nbsp;<br /> $5,000 </td> </tr> <tr> <td> 6-WAY COMBO PLAY&nbsp;<br /> Straight play for each of 6 ways to win, two pairs of numbers must be the same, Ex. 1122 </td> <td> 1 in 1,667 </td> <td> (Ticket Total Price $3)&nbsp;<br /> $2,500 </td> <td> (Ticket Total Price $6)&nbsp;<br /> $5,000 </td> </tr> <tr> <td> 12-WAY COMBO PLAY&nbsp;<br /> Straight play for each of 12 ways to win, two numbers must be the same, Ex. 1123 </td> <td> 1 in 833 </td> <td> (Ticket Total Price $6)&nbsp;<br /> $2,500 </td> <td> (Ticket Total Price $12)&nbsp;<br /> $5,000 </td> </tr> <tr> <td> 24-WAY COMBO PLAY&nbsp;<br /> Straight play for each of 24 ways to win, each number must be unique, Ex. 1234 </td> <td> 1 in 417 </td> <td> (Ticket Total Price $12)&nbsp;<br /> $2,500 </td> <td> (Ticket Total Price $24)&nbsp;<br /> $5,000 </td> </tr> </tbody> </table>",F,"4","4-Digits",ARC,F,F,,,"1$",upto 14 consecutive draws,"Mon-Sun, 4 minutes before draw time"
310,Natural State Jackpot,Arkansas-Natural State Jackpot,"8:00 PM",US/Central,"09:00 PM",select 5 numbers from 1 to 39.,"5/39",,"1 in 575,757",T,F,http://myarkansaslottery.com/games/natural-state-jackpot,,F,F,Active,"<table class=""table table-bordered""><thead><tr class=""result-table-heading""> <th> Matching Numbers </th> <th> Natural State JackPot Prizes </th> <th> Game Odds </th> </tr> </thead> <tbody> <tr> <td> Match all Five numbers </td> <td> *JACKPOT </td> <td> 1 in 575,757 </td> </tr> <tr> <td> Match Four numbers </td> <td> $300 </td> <td> 1 in 3,387 </td> </tr> <tr> <td> Match Three numbers </td> <td> $7 </td> <td> 1 in 103 </td> </tr> <tr> <td> Match Two numbers </td> <td> $1 </td> <td> 1 in 10 </td> </tr> </tbody> </table>",F,"5","5/39",AR1,T,T,,,"1$",upto 20 consecutive draws,"Mon-Sat, 1 minutes before draw time"
311,Daily 3 Midday,California-Daily 3 Midday,"1:00 PM",US/Pacific,"04:00 PM",Choose 3 digits from 0 to 9.,"3-Digits",,"1 in 1,000",F,F,http://www.calottery.com/play/draw-games/daily-3,,F,F,Active,"<table class=""table table-bordered""> <thead><tr class=""result-table-heading""><th> Play Type and Example </th> <th> You win if the numbers drawn are: </th> <th> Prize  </th> <th> Odds </th> </tr> </thead> <tbody> <tr> <td> Straight: 5-1-6 Your numbers must match the winning numbers in EXACT order </td> <td> 5-1-6 </td> <td> Straight prize </td> <td> 1 in 1,000 </td> </tr> <tr> <td> Box: 6-6-5<br /> (2 same numbers)<br /> ALL of your numbers must match ALL of the winning numbers in any order<br />  </td> <td> 6-6-5, 6-5-6, 5-6-6 </td> <td> Box prize </td> <td> 1 in 333 </td> </tr> <tr> <td> Box: 5-1-6<br /> (3 different numbers)<br /> ALL of your numbers must match ALL of the winning numbers in any order </td> <td> 6-1-5, 6-5-1, 5-1-6,<br /> 5-6-1, 1-6-5, 1-5-6 </td> <td> Box prize </td> <td> 1 in 167 </td> </tr> <tr> <td> Straight/Box: 7-9-7<br /> (2 same numbers) </td> <td> 7-9-7 Exact Order<br /> <br /> 7-9-7, 9-7-7, 7-7-9 Any Order </td> <td> Exact Order pays Straight &amp; Box prize<br /> <br /> Any Order pays Box Only Prize </td> <td> 1 in 333 </td> </tr> <tr> <td> Straight/Box: 6-5-1<br /> (3 different numbers) </td> <td> 6-5-1 Exact Order<br /> <br /> 6-5-1, 5-1-6, 5-6-1,<br /> 1-6-5, 1-5-6 Any Order </td> <td> Exact Order pays Straight &amp; Box prize<br /> <br /> Any Order pays Box Only Prize </td> <td> 1 in 167 </td> </tr> </tbody> </table>",F,"3","3-Digits",CAC,T,T,,,"1$",upto 14 consecutive draws,closes at 1PM on every draw day
312,Daily 3 Evening,California-Daily 3 Evening,"6:30 PM",US/Pacific,"09:30 PM",Choose 3 digits from 0 to 9.,"3-Digits",,"1 in 1,000",F,F,http://www.calottery.com/play/draw-games/daily-4,,F,F,Active,"<table class=""table table-bordered""> <thead><tr class=""result-table-heading""><th> Play Type and Example </th> <th> You win if the numbers drawn are: </th> <th> Prize  </th> <th> Odds </th> </tr> </thead> <tbody> <tr> <td> Straight: 5-1-6 Your numbers must match the winning numbers in EXACT order </td> <td> 5-1-6 </td> <td> Straight prize </td> <td> 1 in 1,000 </td> </tr> <tr> <td> Box: 6-6-5<br /> (2 same numbers)<br /> ALL of your numbers must match ALL of the winning numbers in any order<br />  </td> <td> 6-6-5, 6-5-6, 5-6-6 </td> <td> Box prize </td> <td> 1 in 333 </td> </tr> <tr> <td> Box: 5-1-6<br /> (3 different numbers)<br /> ALL of your numbers must match ALL of the winning numbers in any order </td> <td> 6-1-5, 6-5-1, 5-1-6,<br /> 5-6-1, 1-6-5, 1-5-6 </td> <td> Box prize </td> <td> 1 in 167 </td> </tr> <tr> <td> Straight/Box: 7-9-7<br /> (2 same numbers) </td> <td> 7-9-7 Exact Order<br /> <br /> 7-9-7, 9-7-7, 7-7-9 Any Order </td> <td> Exact Order pays Straight &amp; Box prize<br /> <br /> Any Order pays Box Only Prize </td> <td> 1 in 333 </td> </tr> <tr> <td> Straight/Box: 6-5-1<br /> (3 different numbers) </td> <td> 6-5-1 Exact Order<br /> <br /> 6-5-1, 5-1-6, 5-6-1,<br /> 1-6-5, 1-5-6 Any Order </td> <td> Exact Order pays Straight &amp; Box prize<br /> <br /> Any Order pays Box Only Prize </td> <td> 1 in 167 </td> </tr> </tbody> </table>",F,"3","3-Digits",CAA,T,T,,,"1$",upto 14 consecutive draws,closes at 6:30PM on every draw evening
313,Daily 4,California-Daily 4,"6:30 PM",US/Pacific,"09:30 PM",Choose 4 digits from 0 to 9.,"4-Digits",,"1 in 10,000",F,F,http://www.calottery.com/play/draw-games/daily-4,,F,F,Active,"<table class=""table table-bordered""> <thead><tr class=""result-table-heading""><th> Play Type and Example </th> <th> You win if the winning numbers are: </th> <th> Prize </th> <th> Odds </th> </tr> </thead> <tbody> <tr> <td> Straight: 5-1-6-3<br /> Your numbers must match the winning numbers in EXACT order.<br /> Odds: </td> <td> 5-1-6-3 </td> <td> Straight prize </td> <td> 1 in 10,000 </td> </tr> <tr> <td> Box: 1-2-3-4<br /> (4 different numbers)<br /> ALL of your numbers must match ALL of the winning numbers in any order.&nbsp; </td> <td> 1-2-3-4, 1-3-2-4,<br /> 1-4-2-3, 1-2-4-3,<br /> 1-3-4-2, 1-4-3-2,<br /> 2-1-3-4, 2-3-1-4,<br /> 2-4-1-3, 2-1-4-3,<br /> 2-3-4-1, 2-4-3-1,<br /> 3-1-2-4, 3-2-1-4,<br /> 3-4-1-2, 3-1-4-2,<br /> 3-2-4-1, 3-4-2-1,<br /> 4-1-2-3, 4-2-1-3,<br /> 4-3-1-2, 4-1-3-2,<br /> 4-2-3-1, 4-3-2-1 </td> <td> Box prize </td> <td> 1 in 417 </td> </tr> <tr> <td> Box 1-1-2-3<br /> (2 like numbers)<br /> ALL of your numbers must match ALL of the winning numbers in any order.<br />  </td> <td> 1-1-2-3, 1-1-3-2,<br /> 1-2-1-3, 1-2-3-1,<br /> 1-3-2-1, 1-3-1-2,<br /> 2-3-1-1, 2-1-1-3,<br /> 2-1-3-1, 3-2-1-1,<br /> 3-1-1-2, 3-1-2-1 </td> <td> Box prize </td> <td> 1 in 833 </td> </tr> <tr> <td> Box: 1-1-2-2<br /> (2 sets of like numbers)<br /> ALL of your numbers must match ALL of the winning numbers in any order.&nbsp; </td> <td> 1-1-2-2, 1-2-1-2,<br /> 1-2-2-1, 2-2-1-1,<br /> 2-1-2-1, 2-1-1-2 </td> <td> Box prize </td> <td> 1 in1,667 </td> </tr> <tr> <td> Box: 6-6-6-4<br /> (3 like numbers)<br /> ALL of your numbers must match ALL of the winning numbers in any order.&nbsp;<br />  </td> <td> 6-6-6-4, 6-6-4-6,<br /> 6-4-6-6, 4-6-6-6 </td> <td> Box prize </td> <td> 1 in 2,500 </td> </tr> <tr> <td> Straight/Box: 1-2-3-4<br /> (4 different numbers)<br /> You win by matching either Straight and/or Box playstyles.&nbsp; </td> <td> 1-2-3-4 Exact Order<br /> <br /> 1-3-2-4, 1-4-2-3,<br /> 1-2-4-3, 1-3-4-2,<br /> 1-4-3-2, 2-1-3-4,<br /> 2-3-1-4, 2-4-1-3,<br /> 2-1-4-3, 2-3-4-1,<br /> 2-4-3-1, 3-1-2-4,<br /> 3-2-1-4, 3-4-1-2,<br /> 3-1-4-2, 3-2-4-1,<br /> 3-4-2-1, 4-1-2-3,<br /> 4-2-1-3, 4-3-1-2,<br /> 4-1-3-2, 4-2-3-1,<br /> 4-3-2-1 Any Order </td> <td> Exact Order pays Straight &amp; Box prize<br /> <br /> Any Order pays Box Only prize </td> <td> 1 in 417 </td> </tr> <tr> <td> Straight/Box: 1-1-2-3<br /> (2 like numbers)<br /> You win by matching either Straight and/or Box playstyles. </td> <td> 1-1-2-3 Exact Order<br /> <br /> 1-1-3-2, 1-2-1-3,<br /> 1-2-3-1, 1-3-2-1,<br /> 1-3-1-2, 2-3-1-1,<br /> 2-1-1-3, 2-1-3-1,<br /> 3-2-1-1, 3-1-1-2,<br /> 3-1-2-1 Any Order </td> <td> Exact Order pays Straight &amp; Box prize&nbsp;<br /> <br /> Any Order pays Box Only prize </td> <td> 1 in 833 </td> </tr> <tr> <td> Straight/Box: 1-1-2-2<br /> (2 sets of like numbers)<br /> You win by matching either Straight and/or Box playstyles. </td> <td> 1-1-2-2 Exact Order<br /> <br /> 1-2-1-2, 1-2-2-1,<br /> 2-2-1-1, 2-1-2-1,<br /> 2-1-1-2 Any Order </td> <td> Exact Order pays Straight &amp; Box prize&nbsp;<br /> <br /> Any Order pays Box Only prize </td> <td> &nbsp; </td> </tr> <tr> <td> Straight/Box: 6-6-6-4<br /> (3 like numbers)<br /> You win by matching either Straight and/or Box playstyles. </td> <td> 6-6-6-4 Exact Order<br /> <br /> 6-6-4-6, 6-4-6-6,<br /> 4-6-6-6 Any Order </td> <td> Exact Order pays Straight &amp; Box prize&nbsp;<br /> <br /> Any Order pays Box Only prize </td> <td> &nbsp; </td> </tr> </tbody> </table>",F,"4","4-Digits",CAB,T,T,,,"1$",upto 14 consecutive draws,closes at 6:30PM on every draw evening
314,Fantasy 5,California-Fantasy 5,"6:30 PM",US/Pacific,"09:30 PM",select 5 numbers from 1 to 39.,"5/39",,"1 in 575,757",T,F,http://www.calottery.com/play/draw-games/fantasy-5,,F,F,Active,"<table class=""table table-bordered""> <thead><tr class=""result-table-heading""><th>Match </th> <th> Odds 1 in </th> </tr> </thead> <tbody> <tr> <td> All 5 of 5 winning numbers </td> <td> 1 in 575,757 </td> </tr> <tr> <td> Any 4 of 5 winning numbers </td> <td> 1 in 3,387 </td> </tr> <tr> <td> Any 3 of 5 winning numbers </td> <td> 1 in 103 </td> </tr> <tr> <td> Any 2 of 5 winning numbers </td> <td> 1 in 10 </td> </tr> </tbody> </table>",F,"5","5/39",CA2,T,F,,,"1$",upto 12 consecutive draws,closes at 6:30PM on draw day evening
315,Daily Derby,California-Daily Derby,"6:30 PM",US/Pacific,"09:30 PM","The player selects three horses in the order of which comes first, second, and third. In addition the time for the first horse to finish has to chosen",Non-Traditional,,"1 in 1,320,000",F,F,http://www.calottery.com/play/draw-games/daily-derby,,F,F,Active,"<table class=""table table-bordered""><thead><tr class=""result-table-heading""><th><p><strong>CATEGORY</strong></p></th><th><p><strong>MATCH</strong></p></th><th><p><strong>ODDS 1 IN</strong></p></th></tr></thead><tbody><tr><td><p>Grand Prize</p></td><td><p>Trifecta &amp; race time</p></td><td><p>1,320,000</p></td></tr><tr><td><p>Trifecta</p></td><td><p>1st, 2nd, &amp; 3rd place</p></td><td><p>1,321</p></td></tr><tr><td><p>Exacta</p></td><td><p>1st &amp; 2nd place</p></td><td><p>147</p></td></tr><tr><td><p>Win</p></td><td><p>1st place</p></td><td><p>13.2</p></td></tr><tr><td><p>Race Time</p></td><td><p>Race time only</p></td><td><p>1,001</p></td></tr></tbody></table>",F,"1+1+1",Horse Race,CA3,T,F,,,"1$",,
316,SuperLotto Plus,California-SuperLotto Plus,"7:57 PM",US/Pacific,"10:57 PM",Choose 5 numbers 1 through 47 and one mega ball from 1 through 27,"5/47+1/27",,"1 in 41416353",T,F,http://www.calottery.com/play/draw-games/superlotto-plus,,F,F,Active,"<table class=""table table-bordered""> <thead><tr class=""result-table-heading""><th> Match Type </th> <th> Odds </th> </tr> </thead> <tbody> <tr> <td> All 5 of 5 and Mega </td> <td> 41,416,353 </td> </tr> <tr> <td> All 5 of 5 </td> <td> 1,592,937 </td> </tr> <tr> <td> Any 4 of 5 and Mega </td> <td> 197,221 </td> </tr> <tr> <td> Any 4 of 5 </td> <td> 7,585 </td> </tr> <tr> <td> Any 3 of 5 and Mega </td> <td> 4,810 </td> </tr> <tr> <td> Any 3 of 5 </td> <td> 185 </td> </tr> <tr> <td> Any 2 of 5 and Mega </td> <td> 361 </td> </tr> <tr> <td> Any 1 of 5 and Mega </td> <td> 74 </td> </tr> <tr> <td> None of 5, Only Mega </td> <td> 49 </td> </tr> </tbody> </table>",F,"5+1","5/47 + 1/27 (Mega Ball)",CA1,T,F,,,"1$",upto 20 consecutive draws,"Wed and Sat, 12 minutes before draw time"
317,Pick 3,Colorado-Pick 3,"7:36 PM",US/Mountain,"09:36 PM",Choose 3 digits from 0 to 9.,"3-Digits","$2,500","1 in 1000",F,F,http://www.coloradolottery.com/GAMES/PICK-3/,,F,F,Active,"<table class=""table table-bordered""><thead><tr class=""result-table-heading""><th><strong>Match</strong></th><th><strong>If You PLAY</strong></th><th><strong>Winnig combination</strong></th><th><strong>$1 bet BET</strong></th><th><strong>odds</strong></th></tr></thead><tbody><tr><td><p>Exact Order</p></td><td><p>567</p></td><td><p>567</p></td><td><p>$500</p></td><td><p>1 in 1,000</p></td></tr><tr><td><p>Any Order (6-Way)</p></td><td><p>567</p></td><td><p>567 576 657 675 756 765</p></td><td><p>$80</p></td><td><p>1 in 167</p></td></tr><tr><td><p>Any Order<br /> (two of the same number)</p></td><td><p>566</p></td><td><p>566 656 665</p></td><td><p>$160</p></td><td><p>1 in 333</p></td></tr><tr><td rowspan=""2""><p>Exact<br /> +<br /> Any Order</p></td><td rowspan=""2""><p>567</p></td><td><p>567</p></td><td><p>$250</p></td><td><p>1 in 1,000</p></td></tr><tr><td><p>567 576 657 675 756 765</p></td><td><p>$40</p></td><td><p>1 in 167</p></td></tr><tr><td rowspan=""2""><p>Exact<br /> +<br /> Any Order<br /> (two of the same number)</p></td><td rowspan=""2""><p>566</p></td><td><p>566</p></td><td><p>$250</p></td><td><p>1 in 1,000</p></td></tr><tr><td><p>566 656 665</p></td><td><p>$80</p></td><td><p>1 in 333</p></td></tr><tr><td><p>Front Pair</p></td><td><p>56X</p></td><td><p>560 561 562 563 564 565 566 567 568 569</p></td><td><p>$60</p></td><td><p>1 in 100</p></td></tr><tr><td><p>Back Pair</p></td><td><p>X65</p></td><td><p>065 165 265 365 465 565 665 765 865 965</p></td><td><p>$60</p></td><td><p>1 in 100</p></td></tr></tbody></table>",F,"3","3-Digits",COA,F,F,,,"1$",upto 28 consecutive draws,"Mon-Sun, 6 minutes before draw time"
318,Cash 5,Colorado-Cash 5,"7:35 PM",US/Mountain,"09:35 PM",Choose 5 numbers 1 through 32.,"5/32","$20,000","1 in 201,376",F,F,http://www.coloradolottery.com/GAMES/CASH-5/,,F,F,Active,"<table class=""table table-bordered""><thead><tr class=""result-table-heading""><th><strong>Match</strong></th><th><strong>prize</strong></th><th><strong>odds</strong></th></tr></thead><tbody><tr><td><p>5</p></td><td><p>$20,000</p></td><td><p>1 in 201,376</p></td></tr><tr><td><p>4</p></td><td><p>$200.00</p></td><td><p>1 in 1,492</p></td></tr><tr><td><p>3</p></td><td><p>$10.00</p></td><td><p>1 in 57</p></td></tr><tr><td><p>2</p></td><td><p>$1.00</p></td><td><p>1 in 7</p></td></tr></tbody></table>",F,"5","5/32",CO2,T,F,,,"1$",upto 91 consecutive draws,"Mon-Sun, 5 minutes before draw time"
319,Lotto,Colorado-Lotto,"7:35 PM",US/Mountain,"09:35 PM",Choose 6 numbers 1 through 42,"6/42",,"1 in 5,245,786",T,F,http://www.coloradolottery.com/GAMES/LOTTO/,,F,F,Active,"<table class=""table table-bordered""><thead><tr class=""result-table-heading""><th><strong>Match</strong></th><th><strong>Base</strong></th><th><strong>Odds</strong></th></tr></thead><tbody><tr><td><p>6</p></td><td><p>Jackpot</p></td><td><p>1 in 3,838,380</p></td></tr><tr><td><p>5</p></td><td><p>$250</p></td><td><p>1 in 18,816</p></td></tr><tr><td><p>4</p></td><td><p>$25</p></td><td><p>1 in 456</p></td></tr><tr><td><p>3</p></td><td><p>$3</p></td><td><p>1 in 32</p></td></tr></tbody></table>",F,"6","6/42",CO4,T,F,,,"2$",upto 26 consecutive draws,"Wed and Sat, 5 minutes before draw time"
320,Play3 Day,Connecticut-Play3 Day,"1:57 PM",US/Eastern,"01:57 PM",Choose 3 digits from 0 to 9.,"3-Digits+1",$500,"1 in 1,000",F,F,https://www.ctlottery.org/default.aspx,,F,F,Active,"<table class=""table table-bordered""> <thead> <tr class=""result-table-heading""> <th> <p><strong>Wager</strong></p> </th> <th> <p><strong>Example<br /> If you play:</strong></p> </th> <th> <p><strong>You Win if any of these<br /> combinations are drawn</strong></p> </th> <th> <p><strong>$1.00</strong></p> </th> </tr> </thead> <tbody> <tr> <td> <p>Straight 3 digits in<br /> exact order,<br /> 1 way to win<br /> <strong>Odds: 1 in 1,000</strong></p> </td> <td> <p>123</p> </td> <td> <p>123<br /> only exact match wins</p> </td> <td> <p>$500</p> </td> </tr> <tr> <td> <p><strong>3-Way Box</strong><br /> all 3 digits with<br /> 2 digits the same,<br /> in any order,<br /> 3 ways to win.<br /> <strong>Odds: 1 in 333</strong></p> </td> <td> <p>223 &nbsp;</p> </td> <td> <p>223, 232, 322</p> </td> <td> <p>$167</p> </td> </tr> <tr> <td> <p><strong>6-Way Box</strong><br /> all 3 digits,<br /> in any order,<br /> 6 ways to win.<br /> <strong>Odds: 1 in 167</strong></p> </td> <td> <p>123</p> </td> <td> <p>123, 213, 312, 132, 231, 321</p> </td> <td> <p>$83</p> </td> </tr> <tr> <td> <p><strong>Front, Split</strong><br /> <strong>or Back Pair</strong><br /> with any 2 digits<br /> in exact order,<br /> 10 ways to win.<br /> <strong>Odds: 1 in 100</strong></p> </td> <td> <p>Front: 12X<br /> Split: 1X2<br /> Back: X12</p> </td> <td> <p>Front: 12X, X is any digit<br /> Split: 1X2, X is any digit<br /> Back: X12, X is any digit</p> </td> <td> <p>$50</p> </td> </tr> <tr> <td colspan=""4"">Straight/Box combines a straight wager with a box wager in equal amounts. Wager $1.00, $2.00, $3.00, $4.00, $5.00 per ticket. Half of each wager is straight, half is boxed. A straight win pays both ways.</td> </tr> </tbody> </table>",F,"3+1","3-Digits + 1 (Wile Ball)",CTA,F,F,,,"1$",upto 7 consecutive draws,"Mon-Sun, 12 minutes before draw time"
321,Play3 Night,Connecticut-Play3 Night,"10:29 PM",US/Eastern,"10:29 PM",Choose 3 digits from 0 to 9.,"3-Digits+1",$500,"1 in 1,000",F,F,https://www.ctlottery.org/default.aspx,,F,F,Active,"<table class=""table table-bordered""> <thead> <tr class=""result-table-heading""> <th> <p><strong>Wager</strong></p> </th> <th> <p><strong>Example<br /> If you play:</strong></p> </th> <th> <p><strong>You Win if any of these<br /> combinations are drawn</strong></p> </th> <th> <p><strong>$1.00</strong></p> </th> </tr> </thead> <tbody> <tr> <td> <p>Straight 3 digits in<br /> exact order,<br /> 1 way to win<br /> <strong>Odds: 1 in 1,000</strong></p> </td> <td> <p>123</p> </td> <td> <p>123<br /> only exact match wins</p> </td> <td> <p>$500</p> </td> </tr> <tr> <td> <p><strong>3-Way Box</strong><br /> all 3 digits with<br /> 2 digits the same,<br /> in any order,<br /> 3 ways to win.<br /> <strong>Odds: 1 in 333</strong></p> </td> <td> <p>223 &nbsp;</p> </td> <td> <p>223, 232, 322</p> </td> <td> <p>$167</p> </td> </tr> <tr> <td> <p><strong>6-Way Box</strong><br /> all 3 digits,<br /> in any order,<br /> 6 ways to win.<br /> <strong>Odds: 1 in 167</strong></p> </td> <td> <p>123</p> </td> <td> <p>123, 213, 312, 132, 231, 321</p> </td> <td> <p>$83</p> </td> </tr> <tr> <td> <p><strong>Front, Split</strong><br /> <strong>or Back Pair</strong><br /> with any 2 digits<br /> in exact order,<br /> 10 ways to win.<br /> <strong>Odds: 1 in 100</strong></p> </td> <td> <p>Front: 12X<br /> Split: 1X2<br /> Back: X12</p> </td> <td> <p>Front: 12X, X is any digit<br /> Split: 1X2, X is any digit<br /> Back: X12, X is any digit</p> </td> <td> <p>$50</p> </td> </tr> <tr> <td colspan=""4"">Straight/Box combines a straight wager with a box wager in equal amounts. Wager $1.00, $2.00, $3.00, $4.00, $5.00 per ticket. Half of each wager is straight, half is boxed. A straight win pays both ways.</td> </tr> </tbody> </table>",F,"3+1","3-Digits + 1 (Wile Ball)",CTB,F,F,,,"1$",upto 7 consecutive draws,"Mon-Sun, 9 minutes before draw time"
322,Play4 Day,Connecticut-Play4 Day,"1:57 PM",US/Eastern,"01:57 PM",Choose 4 digits from 0 to 9.,"4-Digits+1","$5,000","1 in 10,000",F,F,https://www.ctlottery.org/default.aspx,,F,F,Active,"<table class=""table table-bordered""><thead><tr class=""result-table-heading""><th>ager</th><th>Example<br /> If you play:</th><th>You Win if any of these<br /> combinations are drawn</th><th>$1.00</th></tr></thead><tbody><tr><td><p><strong>Straight</strong><br /> all 4 digits in exact order, 1 way to win<br /> <strong>Odds: 1 in 10,000</strong></p></td><td><p>1234</p></td><td><p>1234<br /> only exact match wins</p></td><td><p>$5,000</p></td></tr><tr><td><p><strong>4-Way Box</strong><br /> all 4 digits with 3 digits the same, in any order, 4 ways to win<br /> <strong>Odds: 1 in 2,500</strong></p></td><td><p>1222&nbsp;</p></td><td><p>1222, 2212, 2122, 2221</p></td><td><p>$1,250</p></td></tr><tr><td><p><strong>6-Way Box</strong><br /> all 4 digits with 2 pair in any order, 6 ways to win<br /> <strong>Odds: 1 in 1,667</strong></p></td><td><p>1122</p></td><td><p>1122, 1221, 2121, 1212, 2112, 2211</p></td><td><p>$834</p></td></tr><tr><td><p><strong>12-Way Box</strong><br /> all 4 digits with 2 digits the same, in any order, 12 ways to win.<br /> <strong>Odds: 1 in 833</strong></p></td><td><p>1233</p></td><td><p>1233, 1323, 1332, 2133, 2313, 2331, 3123, 3132, 3213, 3231, 3312, 3321</p></td><td><p>$416</p></td></tr><tr><td><p><strong>24-Way Box</strong><br /> all 4 digits, in any order, 24 ways to win<br /> <strong>Odds: 1 in 417</strong></p></td><td><p>1234&nbsp;</p></td><td><p>1234, 1243, 1324, 1342, 1423, 1432, 2134, 2143, 2314, 2341, 2413, 2431, 3124, 3142, 3214, 3241, 3412, 3421, 4123, 4132, 4213, 4231, 4312, 4321&nbsp;</p></td><td><p>$208</p></td></tr></tbody></table>",F,"4+1","4-Digits + 1 (Wile Ball)",CTC,F,F,,,"1$",upto 7 consecutive draws,"Mon-Sun, 12 minutes before draw time"
323,Play4 Night,Connecticut-Play4 Night,"10:29 PM",US/Eastern,"10:29 PM",Choose 4 digits from 0 to 9.,"4-Digits+1","$5,000","1 in 10,000",F,F,https://www.ctlottery.org/default.aspx,,F,F,Active,"<table class=""table table-bordered""><thead><tr class=""result-table-heading""><th>ager</th><th>Example<br /> If you play:</th><th>You Win if any of these<br /> combinations are drawn</th><th>$1.00</th></tr></thead><tbody><tr><td><p><strong>Straight</strong><br /> all 4 digits in exact order, 1 way to win<br /> <strong>Odds: 1 in 10,000</strong></p></td><td><p>1234</p></td><td><p>1234<br /> only exact match wins</p></td><td><p>$5,000</p></td></tr><tr><td><p><strong>4-Way Box</strong><br /> all 4 digits with 3 digits the same, in any order, 4 ways to win<br /> <strong>Odds: 1 in 2,500</strong></p></td><td><p>1222&nbsp;</p></td><td><p>1222, 2212, 2122, 2221</p></td><td><p>$1,250</p></td></tr><tr><td><p><strong>6-Way Box</strong><br /> all 4 digits with 2 pair in any order, 6 ways to win<br /> <strong>Odds: 1 in 1,667</strong></p></td><td><p>1122</p></td><td><p>1122, 1221, 2121, 1212, 2112, 2211</p></td><td><p>$834</p></td></tr><tr><td><p><strong>12-Way Box</strong><br /> all 4 digits with 2 digits the same, in any order, 12 ways to win.<br /> <strong>Odds: 1 in 833</strong></p></td><td><p>1233</p></td><td><p>1233, 1323, 1332, 2133, 2313, 2331, 3123, 3132, 3213, 3231, 3312, 3321</p></td><td><p>$416</p></td></tr><tr><td><p><strong>24-Way Box</strong><br /> all 4 digits, in any order, 24 ways to win<br /> <strong>Odds: 1 in 417</strong></p></td><td><p>1234&nbsp;</p></td><td><p>1234, 1243, 1324, 1342, 1423, 1432, 2134, 2143, 2314, 2341, 2413, 2431, 3124, 3142, 3214, 3241, 3412, 3421, 4123, 4132, 4213, 4231, 4312, 4321&nbsp;</p></td><td><p>$208</p></td></tr></tbody></table>",F,"4+1","4-Digits + 1 (Wile Ball)",CTD,F,F,,,"1$",upto 7 consecutive draws,"Mon-Sun, 9 minutes before draw time"
324,Cash 5,Connecticut-Cash 5,"10:29 PM",US/Eastern,"10:29 PM",select 5 numbers from 1 to 35.,"5/35","$100,000","1 in 324,632",F,F,https://www.ctlottery.org/default.aspx,,F,F,Active,"<table class=""table table-bordered""><thead><tr class=""result-table-heading""><th>Match (in any order)</th><th>Prize</th><th>Odds</th></tr><tbody><tr><td><p>5 Numbers</p></td><td><p>$100,000*</p></td><td><p>1 in 324,632</p></td></tr><tr><td><p>4 Numbers</p></td><td><p>$300*</p></td><td><p>1 in 2,164</p></td></tr><tr><td><p>3 Numbers</p></td><td><p>$10*</p></td><td><p>1 in 75</p></td></tr></tbody></table>",F,"5","5/35",CT2,F,F,,,"1$",upto 26 consecutive draws,"Mon-Sun, 9 minutes before draw time"
325,Classic Lotto,Connecticut-Classic Lotto,"10:38 PM",US/Eastern,"10:38 PM",Choose 6 numbers 1 through 44.,"6/44",,"1 in 7,059,052",T,F,https://www.ctlottery.org/default.aspx,,F,F,Active,"<table class=""table table-bordered""><thead><tr class=""result-table-heading""><th><p><strong>Match</strong></p></th><th><p><strong>Prize</strong></p></th><th><p><strong>Odds</strong></p></th></tr></thead><tbody><tr><td><p>6 Winning Numbers</p></td><td><p>JACKPOT*</p></td><td><p>1 in 7,059,052</p></td></tr><tr><td><p>5 Winning Numbers</p></td><td><p>$2,000*</p></td><td><p>1 in 30,961</p></td></tr><tr><td><p>4 Winning Numbers</p></td><td><p>$50*</p></td><td><p>1 in 669</p></td></tr><tr><td><p>3 Winning Numbers</p></td><td><p>$2</p></td><td><p>1 in 42</p></td></tr></tbody></table>",F,"6","6/44",CT1,T,F,,,"2$",upto 26 consecutive draws,"Tue and Fri, 18 minutes before draw time"
326,Play 3 Day,Delaware-Play 3 Day,"1:58 PM",US/Eastern,"01:58 PM",Choose 3 digits from 0 to 9.,"3-Digits",$500,"1 in 1,000",F,F,http://www.delottery.com/games/play3play4/,,F,F,Active,"<table class=""table table-bordered""><thead><tr class=""result-table-heading""><th><strong>Type of Play</strong></th><th><strong>$1</strong></th></tr></thead><tbody><tr><td><p>Straight</p></td><td><p>$500</p></td></tr><tr><td><p>3-way box</p></td><td><p>$160</p></td></tr><tr><td><p>6-way box</p></td><td><p>$80</p></td></tr><tr><td><p>Front Pair</p></td><td><p>$50</p></td></tr><tr><td><p>Back Pair</p></td><td><p>$50</p></td></tr><tr><td><p>3-way combo</p></td><td><p>$500</p></td></tr><tr><td><p>6-way combo</p></td><td><p>$500</p></td></tr><tr><td><p>Str/box 3-way</p></td><td><p>$330</p><p>$80(box)</p></td></tr><tr><td><p>Str/box 6-way</p></td><td><p>$290</p><p>$40(box)</p></td></tr></tbody></table>",F,"3","3-Digits",DEA,F,F,,,"1$",upto 7 consecutive draws,"Mon-Sat, 18 minutes before draw time"
327,Play 3 Night,Delaware-Play 3 Night,"7:57 PM",US/Eastern,"07:57 PM",Choose 3 digits from 0 to 9.,"3-Digits",$500,"1 in 1,000",F,F,http://www.delottery.com/games/play3play4/,,F,F,Active,"<table class=""table table-bordered""><thead><tr class=""result-table-heading""><th><strong>Type of Play</strong></th><th><strong>$1</strong></th></tr></thead><tbody><tr><td><p>Straight</p></td><td><p>$500</p></td></tr><tr><td><p>3-way box</p></td><td><p>$160</p></td></tr><tr><td><p>6-way box</p></td><td><p>$80</p></td></tr><tr><td><p>Front Pair</p></td><td><p>$50</p></td></tr><tr><td><p>Back Pair</p></td><td><p>$50</p></td></tr><tr><td><p>3-way combo</p></td><td><p>$500</p></td></tr><tr><td><p>6-way combo</p></td><td><p>$500</p></td></tr><tr><td><p>Str/box 3-way</p></td><td><p>$330</p><p>$80(box)</p></td></tr><tr><td><p>Str/box 6-way</p></td><td><p>$290</p><p>$40(box)</p></td></tr></tbody></table>",F,"3","3-Digits",DEB,F,F,,,"1$",upto 7 consecutive draws,"Mon-Sun, 27 minutes before draw time"
328,Play 4 Day,Delaware-Play 4 Day,"1:58 PM",US/Eastern,"01:58 PM",Choose 4 digits from 0 to 9.,"4-Digits",$5000,"1 in 10,000",F,F,http://www.delottery.com/games/play3play4/,,F,F,Active,"<table class=""table table-bordered""><thead><tr class=""result-table-heading""><th><strong>Type of Play</strong></th><th><strong>Odds</strong></th><th><strong>$1</strong></th></tr></thead><tbody><tr><td><p>Straight</p></td><td><p>1:10,000</p></td><td><p>$5000</p></td></tr><tr><td><p>4-way box</p></td><td><p>1:2500</p></td><td><p>$1250</p></td></tr><tr><td><p>6-way box</p></td><td><p>1:1666</p></td><td><p>$848</p></td></tr><tr><td><p>12-way box</p></td><td><p>1:833</p></td><td><p>$416</p></td></tr><tr><td><p>24-way box</p></td><td><p>1:416</p></td><td><p>$208</p></td></tr><tr><td><p>4-way combo</p></td><td><p>1:2500</p></td><td><p>Minimum $2 per ticket=$0.5 straight bet</p></td></tr><tr><td><p>6-way combo</p></td><td><p>1:1666</p></td><td><p>Minimum $3 per ticket=$0.5 straight bet</p></td></tr><tr><td><p>12-way combo</p></td><td><p>1:833</p></td><td><p>Minimum $6 per ticket=$0.5 straight bet</p></td></tr><tr><td><p>24-way combo</p></td><td><p>1:416</p></td><td><p>Minimum $12 per ticket=$0.5 straight bet</p></td></tr><tr><td><p>4-way str/box</p></td><td><p>1:2500</p></td><td><p>$3125</p><p>$625(box)</p></td></tr><tr><td><p>6-way str/box</p></td><td><p>1:1666</p></td><td><p>$2917</p><p>$417(box)</p></td></tr><tr><td><p>12-way str/box</p></td><td><p>1:833</p></td><td><p>$2708</p><p>$208(box)</p></td></tr><tr><td><p>24-way str/box</p></td><td><p>1:416</p></td><td><p>$2,604</p><p>$100(box)</p></td></tr></tbody></table>",F,"4","4-Digits",DEC,F,F,,,"1$",upto 7 consecutive draws,"Mon-Sat, 18 minutes before draw time"
329,Play 4 Night,Delaware-Play 4 Night,"7:57 PM",US/Eastern,"07:57 PM",Choose 4 digits from 0 to 9.,"4-Digits",$5000,"1 in 10,000",F,F,http://www.delottery.com/games/play3play4/,,F,F,Active,"<table class=""table table-bordered""><thead><tr class=""result-table-heading""><th><strong>Type of Play</strong></th><th><strong>Odds</strong></th><th><strong>$1</strong></th></tr></thead><tbody><tr><td><p>Straight</p></td><td><p>1:10,000</p></td><td><p>$5000</p></td></tr><tr><td><p>4-way box</p></td><td><p>1:2500</p></td><td><p>$1250</p></td></tr><tr><td><p>6-way box</p></td><td><p>1:1666</p></td><td><p>$848</p></td></tr><tr><td><p>12-way box</p></td><td><p>1:833</p></td><td><p>$416</p></td></tr><tr><td><p>24-way box</p></td><td><p>1:416</p></td><td><p>$208</p></td></tr><tr><td><p>4-way combo</p></td><td><p>1:2500</p></td><td><p>Minimum $2 per ticket=$0.5 straight bet</p></td></tr><tr><td><p>6-way combo</p></td><td><p>1:1666</p></td><td><p>Minimum $3 per ticket=$0.5 straight bet</p></td></tr><tr><td><p>12-way combo</p></td><td><p>1:833</p></td><td><p>Minimum $6 per ticket=$0.5 straight bet</p></td></tr><tr><td><p>24-way combo</p></td><td><p>1:416</p></td><td><p>Minimum $12 per ticket=$0.5 straight bet</p></td></tr><tr><td><p>4-way str/box</p></td><td><p>1:2500</p></td><td><p>$3125</p><p>$625(box)</p></td></tr><tr><td><p>6-way str/box</p></td><td><p>1:1666</p></td><td><p>$2917</p><p>$417(box)</p></td></tr><tr><td><p>12-way str/box</p></td><td><p>1:833</p></td><td><p>$2708</p><p>$208(box)</p></td></tr><tr><td><p>24-way str/box</p></td><td><p>1:416</p></td><td><p>$2,604</p><p>$100(box)</p></td></tr></tbody></table>",F,"4","4-Digits",DED,F,F,,,"1$",upto 7 consecutive draws,"Mon-Sun, 27 minutes before draw time"
330,Cash 5,Delaware-Cash 5,"7:57 PM",US/Eastern,"07:57 PM","Choose five numbers from 1 to 33, Computer picks doubler digits from 1 to 7","6/53",,"1 in 237,336",T,F,http://www.delottery.com/games/cash5/index.asp,,F,F,Ignore,,F,"6+1","6/53 + 1 (XTRA)",,F,F,,,"1$",,
331,Multi-Win Lotto,Delaware-Multi-Win Lotto,"7:57 PM",US/Eastern,"07:57 PM","Chooase 6 numbers 1 through 35, Computer picks another 12 numbers for combo lines","6/35",,"1 in 1,623,160",T,T,http://www.delottery.com/games/multiwin/index.asp,,F,F,Active,"<table class=""table table-bordered""><thead><tr class=""result-table-heading""><th colspan=""2"">WIN IN A LINE</th></tr></thead><thead><tr><td><strong>Match</strong></td><td><strong>Win</strong></td></tr><tr><td><p><strong>6</strong>&nbsp;numbers</p></td><td><p>$50,000 +</p></td></tr><tr><td><p><strong>5</strong>&nbsp;numbers</p></td><td><p>$500</p></td></tr><tr><td><p><strong>4</strong>&nbsp;numbers</p></td><td><p>$20</p></td></tr><tr><td><p><strong>3</strong>&nbsp;numbers</p></td><td><p>$2</p></td></tr><tr><th colspan=""2""><p><strong>COMBINATION WIN</strong></p></th></tr><tr><td><p><strong>Match</strong></p></td><td><p><strong>Win</strong></p></td></tr><tr><td><p><strong>10</strong>&nbsp;numbers</p></td><td><p>$1,000</p></td></tr><tr><td><p><strong>9</strong>&nbsp;numbers</p></td><td><p>$100</p></td></tr><tr><td><p><strong>8</strong>&nbsp;numbers</p></td><td><p>$20</p></td></tr><tr><td><p><strong>7</strong>&nbsp;numbers</p></td><td><p>$5</p></td></tr><tr><td><p><strong>6</strong>&nbsp;numbers</p></td><td><p>$3</p></td></tr><tr><td><p><strong>0</strong>&nbsp;numbers</p></td><td><p>$2</p></td></tr></thead></table>",F,"6","6/35",DE2,T,F,,,"2$",upto 10 consecutive draws,"Mon, Wed and Fri, 27 minutes before draw time"
332,Pick 3 Midday,Florida-Pick 3 Midday,"1:30 PM",US/Eastern,"01:30 PM",Choose 3 digits from 0 to 9.,"3-Digits+1",$500,"1 in 1,000",F,F,http://www.flalottery.com/cash3.do,,F,F,Active,"<table class=""table table-bordered""><thead><tr class=""result-table-heading""><th><strong>Play Types</strong></th><th><strong>Example</strong></th><th><strong>Odds</strong></th><th colspan=""2"">Prize Payouts</th></tr></thead><tbody><tr><td colspan=""3""><p><strong>STRAIGHT&nbsp;</strong><strong>Match in exact order</strong></p></td><td width=""75""><p><strong>50 Cent Play</strong></p></td><td width=""88""><p><strong>$1.00 Play</strong></p></td></tr><tr><td>&nbsp;</td><td><p><strong>123</strong></p></td><td><p><strong>1:1,000</strong></p></td><td><p><strong>$250</strong></p></td><td><p><strong>$500</strong></p></td></tr><tr><td colspan=""2""><p><strong>BOX&nbsp;</strong><strong>Match in any order</strong></p></td><td><p><strong>&nbsp;</strong></p></td><td><p><strong>50cent  Play</strong></p></td><td><p><strong>$1.00 Play</strong></p></td></tr><tr><td><p><strong>3-WAY</strong></p></td><td><p><strong>112</strong></p></td><td><p><strong>1:333.33</strong></p></td><td><p><strong>$80</strong></p></td><td><p><strong>$160</strong></p></td></tr><tr><td><p><strong>6-WAY</strong></p></td><td><p><strong>123</strong></p></td><td><p><strong>1:166.67</strong></p></td><td><p><strong>$40</strong></p></td><td><p><strong>$80</strong></p></td></tr><tr><td colspan=""3""><p><strong>STRAIGHT/BOX&nbsp;</strong><strong>Match in exact order or any order. Costs $1.</strong></p></td><td><p><strong>BOX</strong></p></td><td width=""88""><p><strong>STRAIGHT*</strong></p></td></tr><tr><td><p><strong>3-WAY</strong></p></td><td><p><strong>112</strong></p></td><td><p><strong>1:1,000 &amp; 1:333.33</strong></p></td><td><p><strong>$80</strong></p></td><td><p><strong>$330</strong></p></td></tr><tr><td><p><strong>6-WAY</strong></p></td><td><p><strong>123</strong></p></td><td><p><strong>1:1,000 &amp; 1:166.67</strong></p></td><td><p><strong>$40</strong></p></td><td><p><strong>$290</strong></p></td></tr><tr><td colspan=""3""><p><strong>1-OFF&trade and &nbsp;</strong><strong>Match in exact order or off by one on any or all of your 3 digits in exact order.</strong></p></td><td><p><strong>&nbsp;</strong></p></td><td><p><strong>$1.00 Play</strong></p></td></tr><tr><td><p><strong>STRAIGHT</strong></p></td><td><p><strong>123</strong></p></td><td><p><strong>1:1,000</strong></p></td><td><p><strong>&nbsp;</strong></p></td><td><p><strong>$250</strong></p></td></tr><tr><td><p><strong>1-OFF on one digit</strong></p></td><td><p><strong>124</strong></p></td><td><p><strong>1:166.67</strong></p></td><td><p><strong>&nbsp;</strong></p></td><td><p><strong>$20</strong></p></td></tr><tr><td><p><strong>1-OFF on three digits</strong></p></td><td><p><strong>214</strong></p></td><td><p><strong>1:125</strong></p></td><td><p><strong>&nbsp;</strong></p></td><td><p><strong>$10</strong></p></td></tr><tr><td><p><strong>1-OFF on two digits</strong></p></td><td><p><strong>134</strong></p></td><td><p><strong>1:83.33</strong></p></td><td><p><strong>&nbsp;</strong></p></td><td><p><strong>$5</strong></p></td></tr><tr><td colspan=""3""><p><strong>PAIRS&nbsp;</strong><strong>Match two in exact order</strong></p></td><td><p><strong>50cent  Play</strong></p></td><td><p><strong>$1.00 Play</strong></p></td></tr><tr><td><p><strong>FRONT PAIR</strong></p></td><td><p><strong>12x</strong></p></td><td><p><strong>1:100</strong></p></td><td><p><strong>$25</strong></p></td><td><p><strong>$50</strong></p></td></tr><tr><td><p><strong>BACK PAIR</strong></p></td><td><p><strong>x23</strong></p></td><td><p><strong>1:100</strong></p></td><td><p><strong>$25</strong></p></td><td><p><strong>$50</strong></p></td></tr><tr><td colspan=""3""><p><strong>COMBO&nbsp;</strong><strong>Covers all Straight combinations of a 3-digit number. Costs $1.50 to $6 depending on the numbers you select.</strong></p></td><td><p><strong>$250</strong></p></td><td><p><strong>$500</strong></p></td></tr><tr><td><p><strong>3-WAY</strong></p></td><td><p><strong>112</strong></p></td><td><p><strong>1:333.33</strong></p></td><td><p><strong>$1.50 Play</strong></p></td><td><p><strong>$3 Play</strong></p></td></tr><tr><td><p><strong>6-WAY</strong></p></td><td><p><strong>123</strong></p></td><td><p><strong>1:166.67</strong></p></td><td><p><strong>$3 Play</strong></p></td><td><p><strong>$6 Play</strong></p></td></tr><tr><td colspan=""5""><p><strong>*Combined straight and box payouts</strong></p></td></tr></tbody></table>",F,"3+1","3-Digits + 1 (Fire ball)",FLC,F,F,,,"1$",upto 14 consecutive draws,"Mon-Sun, 11 minutes before draw time"
333,Pick 3 Evening,Florida-Pick 3 Evening,"7:57 PM",US/Eastern,"07:57 PM",Choose 3 digits from 0 to 9.,"3-Digits+1",$500,"1 in 1,000",F,F,http://www.flalottery.com/cash3.do,,F,F,Active,"<table class=""table table-bordered""><thead><tr class=""result-table-heading""><th><strong>Play Types</strong></th><th><strong>Example</strong></th><th><strong>Odds</strong></th><th colspan=""2"">Prize Payouts</th></tr></thead><tbody><tr><td colspan=""3""><p><strong>STRAIGHT&nbsp;</strong><strong>Match in exact order</strong></p></td><td width=""75""><p><strong>50 Cent Play</strong></p></td><td width=""88""><p><strong>$1.00 Play</strong></p></td></tr><tr><td>&nbsp;</td><td><p><strong>123</strong></p></td><td><p><strong>1:1,000</strong></p></td><td><p><strong>$250</strong></p></td><td><p><strong>$500</strong></p></td></tr><tr><td colspan=""2""><p><strong>BOX&nbsp;</strong><strong>Match in any order</strong></p></td><td><p><strong>&nbsp;</strong></p></td><td><p><strong>50cent  Play</strong></p></td><td><p><strong>$1.00 Play</strong></p></td></tr><tr><td><p><strong>3-WAY</strong></p></td><td><p><strong>112</strong></p></td><td><p><strong>1:333.33</strong></p></td><td><p><strong>$80</strong></p></td><td><p><strong>$160</strong></p></td></tr><tr><td><p><strong>6-WAY</strong></p></td><td><p><strong>123</strong></p></td><td><p><strong>1:166.67</strong></p></td><td><p><strong>$40</strong></p></td><td><p><strong>$80</strong></p></td></tr><tr><td colspan=""3""><p><strong>STRAIGHT/BOX&nbsp;</strong><strong>Match in exact order or any order. Costs $1.</strong></p></td><td><p><strong>BOX</strong></p></td><td width=""88""><p><strong>STRAIGHT*</strong></p></td></tr><tr><td><p><strong>3-WAY</strong></p></td><td><p><strong>112</strong></p></td><td><p><strong>1:1,000 &amp; 1:333.33</strong></p></td><td><p><strong>$80</strong></p></td><td><p><strong>$330</strong></p></td></tr><tr><td><p><strong>6-WAY</strong></p></td><td><p><strong>123</strong></p></td><td><p><strong>1:1,000 &amp; 1:166.67</strong></p></td><td><p><strong>$40</strong></p></td><td><p><strong>$290</strong></p></td></tr><tr><td colspan=""3""><p><strong>1-OFF&trade and &nbsp;</strong><strong>Match in exact order or off by one on any or all of your 3 digits in exact order.</strong></p></td><td><p><strong>&nbsp;</strong></p></td><td><p><strong>$1.00 Play</strong></p></td></tr><tr><td><p><strong>STRAIGHT</strong></p></td><td><p><strong>123</strong></p></td><td><p><strong>1:1,000</strong></p></td><td><p><strong>&nbsp;</strong></p></td><td><p><strong>$250</strong></p></td></tr><tr><td><p><strong>1-OFF on one digit</strong></p></td><td><p><strong>124</strong></p></td><td><p><strong>1:166.67</strong></p></td><td><p><strong>&nbsp;</strong></p></td><td><p><strong>$20</strong></p></td></tr><tr><td><p><strong>1-OFF on three digits</strong></p></td><td><p><strong>214</strong></p></td><td><p><strong>1:125</strong></p></td><td><p><strong>&nbsp;</strong></p></td><td><p><strong>$10</strong></p></td></tr><tr><td><p><strong>1-OFF on two digits</strong></p></td><td><p><strong>134</strong></p></td><td><p><strong>1:83.33</strong></p></td><td><p><strong>&nbsp;</strong></p></td><td><p><strong>$5</strong></p></td></tr><tr><td colspan=""3""><p><strong>PAIRS&nbsp;</strong><strong>Match two in exact order</strong></p></td><td><p><strong>50cent  Play</strong></p></td><td><p><strong>$1.00 Play</strong></p></td></tr><tr><td><p><strong>FRONT PAIR</strong></p></td><td><p><strong>12x</strong></p></td><td><p><strong>1:100</strong></p></td><td><p><strong>$25</strong></p></td><td><p><strong>$50</strong></p></td></tr><tr><td><p><strong>BACK PAIR</strong></p></td><td><p><strong>x23</strong></p></td><td><p><strong>1:100</strong></p></td><td><p><strong>$25</strong></p></td><td><p><strong>$50</strong></p></td></tr><tr><td colspan=""3""><p><strong>COMBO&nbsp;</strong><strong>Covers all Straight combinations of a 3-digit number. Costs $1.50 to $6 depending on the numbers you select.</strong></p></td><td><p><strong>$250</strong></p></td><td><p><strong>$500</strong></p></td></tr><tr><td><p><strong>3-WAY</strong></p></td><td><p><strong>112</strong></p></td><td><p><strong>1:333.33</strong></p></td><td><p><strong>$1.50 Play</strong></p></td><td><p><strong>$3 Play</strong></p></td></tr><tr><td><p><strong>6-WAY</strong></p></td><td><p><strong>123</strong></p></td><td><p><strong>1:166.67</strong></p></td><td><p><strong>$3 Play</strong></p></td><td><p><strong>$6 Play</strong></p></td></tr><tr><td colspan=""5""><p><strong>*Combined straight and box payouts</strong></p></td></tr></tbody></table>",F,"3+1","3-Digits + 1 (Fire ball)",FLA,F,F,,,"1$",upto 14 consecutive draws,"Mon-Sun, 11 minutes before draw time"
334,Pick 4 Midday,Florida-Pick 4 Midday,"1:30 PM",US/Eastern,"01:30 PM",Choose 4 digits from 0 to 9.,"4-Digits+1","$5,000","1 in 10,000",F,F,http://www.flalottery.com/play4.do,,F,F,Active,"<table class=""table table-bordered""><thead><tr class=""result-table-heading""><th><strong>Play Types</strong></th><th><strong>Example</strong></th><th><strong>Odds</strong></th><th colspan=""2""><strong>Prize Payouts</strong></th></tr></thead><tbody><tr><td colspan=""3""><p><strong>STRAIGHT&nbsp;</strong><strong>Match in exact order</strong></p></td><td width=""77""><p><strong>50cent  Play</strong></p></td><td width=""83""><p><strong>$1.00 Play</strong></p></td></tr><tr><td>&nbsp;</td><td width=""143""><p><strong>1234</strong></p></td><td width=""141""><p><strong>1:10,000</strong></p></td><td><p><strong>$2,500</strong></p></td><td><p><strong>$5,000</strong></p></td></tr><tr><td colspan=""3""><p><strong>BOX&nbsp;</strong><strong>Match in any order</strong></p></td><td><p><strong>50cent  Play</strong></p></td><td><p><strong>$1.00 Play</strong></p></td></tr><tr><td><p><strong>4-WAY</strong></p></td><td width=""143""><p><strong>1112</strong></p></td><td width=""141""><p><strong>1:2,500</strong></p></td><td><p><strong>$599</strong></p></td><td><p><strong>$1,198</strong></p></td></tr><tr><td><p><strong>6-WAY</strong></p></td><td width=""143""><p><strong>1122</strong></p></td><td width=""141""><p><strong>1:1,666.67</strong></p></td><td><p><strong>$400</strong></p></td><td><p><strong>$800</strong></p></td></tr><tr><td><p><strong>12-WAY</strong></p></td><td width=""143""><p><strong>1123</strong></p></td><td width=""141""><p><strong>1:833.33</strong></p></td><td><p><strong>$200</strong></p></td><td><p><strong>$400</strong></p></td></tr><tr><td><p><strong>24-WAY</strong></p></td><td width=""143""><p><strong>1234</strong></p></td><td width=""141""><p><strong>1:416.67</strong></p></td><td><p><strong>$100</strong></p></td><td><p><strong>$200</strong></p></td></tr><tr><td colspan=""3""><p><strong>STRAIGHT/BOX&nbsp;</strong><strong>Match in exact order or any order. Costs $1.</strong></p></td><td><p><strong>BOX</strong></p></td><td width=""83""><p><strong>STRAIGHT*</strong></p></td></tr><tr><td><p><strong>4-WAY</strong></p></td><td width=""143""><p><strong>1112</strong></p></td><td width=""141""><p><strong>1:10,000 &amp; 1:2,500</strong></p></td><td><p><strong>$599</strong></p></td><td><p><strong>$3,099</strong></p></td></tr><tr><td><p><strong>6-WAY</strong></p></td><td width=""143""><p><strong>1122</strong></p></td><td width=""141""><p><strong>1:10,000 &amp; 1:1,666.67</strong></p></td><td><p><strong>$400</strong></p></td><td><p><strong>$2,900</strong></p></td></tr><tr><td><p><strong>12-WAY</strong></p></td><td width=""143""><p><strong>1123</strong></p></td><td width=""141""><p><strong>1:10,000 &amp; 1:833.33</strong></p></td><td><p><strong>$200</strong></p></td><td><p><strong>$2,700</strong></p></td></tr><tr><td><p><strong>24-WAY</strong></p></td><td width=""143""><p><strong>1234</strong></p></td><td width=""141""><p><strong>1:10,000 &amp; 1:416.67</strong></p></td><td><p><strong>$100</strong></p></td><td><p><strong>$2,600</strong></p></td></tr><tr><td colspan=""3""><p><strong>1-OFF&trade and &nbsp;</strong><strong>Match in exact order or off by one on any or all of your 4 digits in exact order.</strong></p></td><td><p><strong>&nbsp;</strong></p></td><td><p><strong>$1.00 Play</strong></p></td></tr><tr><td><p><strong>STRAIGHT</strong></p></td><td width=""143""><p><strong>1234</strong></p></td><td width=""141""><p><strong>1:10,000</strong></p></td><td><p><strong>&nbsp;</strong></p></td><td><p><strong>$2,500</strong></p></td></tr><tr><td><p><strong>1-OFF on one digit</strong></p></td><td width=""143""><p><strong>1235</strong></p></td><td width=""141""><p><strong>1:1,250</strong></p></td><td><p><strong>&nbsp;</strong></p></td><td><p><strong>$100</strong></p></td></tr><tr><td><p><strong>1-OFF on four digits</strong></p></td><td width=""143""><p><strong>0345</strong></p></td><td width=""141""><p><strong>1:625</strong></p></td><td><p><strong>&nbsp;</strong></p></td><td><p><strong>$50</strong></p></td></tr><tr><td><p><strong>1-OFF on two digits</strong></p></td><td width=""143""><p><strong>1245</strong></p></td><td width=""141""><p><strong>1:416.67</strong></p></td><td><p><strong>&nbsp;</strong></p></td><td><p><strong>$25</strong></p></td></tr><tr><td><p><strong>1-OFF on three digits</strong></p></td><td width=""143""><p><strong>1345</strong></p></td><td width=""141""><p><strong>1:312.50</strong></p></td><td><p><strong>&nbsp;</strong></p></td><td><p><strong>$15</strong></p></td></tr><tr><td colspan=""3""><p><strong>PAIRS&nbsp;</strong><strong>Match two in exact order</strong></p></td><td><p><strong>50cent  Play</strong></p></td><td><p><strong>$1.00 Play</strong></p></td></tr><tr><td><p><strong>FRONT PAIR</strong></p></td><td width=""143""><p><strong>12xx</strong></p></td><td width=""141""><p><strong>1:100</strong></p></td><td><p><strong>$25</strong></p></td><td><p><strong>$50</strong></p></td></tr><tr><td><p><strong>MID PAIR</strong></p></td><td width=""143""><p><strong>x23x</strong></p></td><td width=""141""><p><strong>1:100</strong></p></td><td><p><strong>$25</strong></p></td><td><p><strong>$50</strong></p></td></tr><tr><td><p><strong>BACK PAIR</strong></p></td><td width=""143""><p><strong>xx34</strong></p></td><td width=""141""><p><strong>1:100</strong></p></td><td><p><strong>$25</strong></p></td><td><p><strong>$50</strong></p></td></tr><tr><td colspan=""3""><p><strong>COMBO&nbsp;</strong><strong>Covers all Straight combinations of a 4-digit number. Costs $2 to $24 depending on the numbers you select.</strong></p></td><td><p><strong>$2,500</strong></p></td><td><p><strong>$5,000</strong></p></td></tr><tr><td><p><strong>4-WAY</strong></p></td><td width=""143""><p><strong>1112</strong></p></td><td width=""141""><p><strong>1:2,500</strong></p></td><td><p><strong>$2 Play</strong></p></td><td><p><strong>$4 Play</strong></p></td></tr><tr><td><p><strong>6-WAY</strong></p></td><td width=""143""><p><strong>1122</strong></p></td><td width=""141""><p><strong>1:1,666.67</strong></p></td><td><p><strong>$3 Play</strong></p></td><td><p><strong>$6 Play</strong></p></td></tr><tr><td><p><strong>12-WAY</strong></p></td><td width=""143""><p><strong>1123</strong></p></td><td width=""141""><p><strong>1:833.33</strong></p></td><td><p><strong>$6 Play</strong></p></td><td><p><strong>$12 Play</strong></p></td></tr><tr><td><p><strong>24-WAY</strong></p></td><td width=""143""><p><strong>1234</strong></p></td><td width=""141""><p><strong>1:416.67</strong></p></td><td><p><strong>$12 Play</strong></p></td><td><p><strong>$24 Play</strong></p></td></tr><tr><td colspan=""5""><p><strong>*Combined straight and box payouts</strong></p></td></tr></tbody></table>",F,"4+1","4-Digits + 1 (Fire ball)",FLD,F,F,,,"1$",upto 14 consecutive draws,"Mon-Sun, 10 minutes before draw time"
335,Pick 4 Evening,Florida-Pick 4 Evening,"7:57 PM",US/Eastern,"07:57 PM",Choose 4 digits from 0 to 9.,"4-Digits+1","$5,000","1 in 10,000",F,F,http://www.flalottery.com/play4.do,,F,F,Active,"<table class=""table table-bordered""><thead><tr class=""result-table-heading""><th><strong>Play Types</strong></th><th><strong>Example</strong></th><th><strong>Odds</strong></th><th colspan=""2""><strong>Prize Payouts</strong></th></tr></thead><tbody><tr><td colspan=""3""><p><strong>STRAIGHT&nbsp;</strong><strong>Match in exact order</strong></p></td><td width=""77""><p><strong>50cent  Play</strong></p></td><td width=""83""><p><strong>$1.00 Play</strong></p></td></tr><tr><td>&nbsp;</td><td width=""143""><p><strong>1234</strong></p></td><td width=""141""><p><strong>1:10,000</strong></p></td><td><p><strong>$2,500</strong></p></td><td><p><strong>$5,000</strong></p></td></tr><tr><td colspan=""3""><p><strong>BOX&nbsp;</strong><strong>Match in any order</strong></p></td><td><p><strong>50cent  Play</strong></p></td><td><p><strong>$1.00 Play</strong></p></td></tr><tr><td><p><strong>4-WAY</strong></p></td><td width=""143""><p><strong>1112</strong></p></td><td width=""141""><p><strong>1:2,500</strong></p></td><td><p><strong>$599</strong></p></td><td><p><strong>$1,198</strong></p></td></tr><tr><td><p><strong>6-WAY</strong></p></td><td width=""143""><p><strong>1122</strong></p></td><td width=""141""><p><strong>1:1,666.67</strong></p></td><td><p><strong>$400</strong></p></td><td><p><strong>$800</strong></p></td></tr><tr><td><p><strong>12-WAY</strong></p></td><td width=""143""><p><strong>1123</strong></p></td><td width=""141""><p><strong>1:833.33</strong></p></td><td><p><strong>$200</strong></p></td><td><p><strong>$400</strong></p></td></tr><tr><td><p><strong>24-WAY</strong></p></td><td width=""143""><p><strong>1234</strong></p></td><td width=""141""><p><strong>1:416.67</strong></p></td><td><p><strong>$100</strong></p></td><td><p><strong>$200</strong></p></td></tr><tr><td colspan=""3""><p><strong>STRAIGHT/BOX&nbsp;</strong><strong>Match in exact order or any order. Costs $1.</strong></p></td><td><p><strong>BOX</strong></p></td><td width=""83""><p><strong>STRAIGHT*</strong></p></td></tr><tr><td><p><strong>4-WAY</strong></p></td><td width=""143""><p><strong>1112</strong></p></td><td width=""141""><p><strong>1:10,000 &amp; 1:2,500</strong></p></td><td><p><strong>$599</strong></p></td><td><p><strong>$3,099</strong></p></td></tr><tr><td><p><strong>6-WAY</strong></p></td><td width=""143""><p><strong>1122</strong></p></td><td width=""141""><p><strong>1:10,000 &amp; 1:1,666.67</strong></p></td><td><p><strong>$400</strong></p></td><td><p><strong>$2,900</strong></p></td></tr><tr><td><p><strong>12-WAY</strong></p></td><td width=""143""><p><strong>1123</strong></p></td><td width=""141""><p><strong>1:10,000 &amp; 1:833.33</strong></p></td><td><p><strong>$200</strong></p></td><td><p><strong>$2,700</strong></p></td></tr><tr><td><p><strong>24-WAY</strong></p></td><td width=""143""><p><strong>1234</strong></p></td><td width=""141""><p><strong>1:10,000 &amp; 1:416.67</strong></p></td><td><p><strong>$100</strong></p></td><td><p><strong>$2,600</strong></p></td></tr><tr><td colspan=""3""><p><strong>1-OFF&trade and &nbsp;</strong><strong>Match in exact order or off by one on any or all of your 4 digits in exact order.</strong></p></td><td><p><strong>&nbsp;</strong></p></td><td><p><strong>$1.00 Play</strong></p></td></tr><tr><td><p><strong>STRAIGHT</strong></p></td><td width=""143""><p><strong>1234</strong></p></td><td width=""141""><p><strong>1:10,000</strong></p></td><td><p><strong>&nbsp;</strong></p></td><td><p><strong>$2,500</strong></p></td></tr><tr><td><p><strong>1-OFF on one digit</strong></p></td><td width=""143""><p><strong>1235</strong></p></td><td width=""141""><p><strong>1:1,250</strong></p></td><td><p><strong>&nbsp;</strong></p></td><td><p><strong>$100</strong></p></td></tr><tr><td><p><strong>1-OFF on four digits</strong></p></td><td width=""143""><p><strong>0345</strong></p></td><td width=""141""><p><strong>1:625</strong></p></td><td><p><strong>&nbsp;</strong></p></td><td><p><strong>$50</strong></p></td></tr><tr><td><p><strong>1-OFF on two digits</strong></p></td><td width=""143""><p><strong>1245</strong></p></td><td width=""141""><p><strong>1:416.67</strong></p></td><td><p><strong>&nbsp;</strong></p></td><td><p><strong>$25</strong></p></td></tr><tr><td><p><strong>1-OFF on three digits</strong></p></td><td width=""143""><p><strong>1345</strong></p></td><td width=""141""><p><strong>1:312.50</strong></p></td><td><p><strong>&nbsp;</strong></p></td><td><p><strong>$15</strong></p></td></tr><tr><td colspan=""3""><p><strong>PAIRS&nbsp;</strong><strong>Match two in exact order</strong></p></td><td><p><strong>50cent  Play</strong></p></td><td><p><strong>$1.00 Play</strong></p></td></tr><tr><td><p><strong>FRONT PAIR</strong></p></td><td width=""143""><p><strong>12xx</strong></p></td><td width=""141""><p><strong>1:100</strong></p></td><td><p><strong>$25</strong></p></td><td><p><strong>$50</strong></p></td></tr><tr><td><p><strong>MID PAIR</strong></p></td><td width=""143""><p><strong>x23x</strong></p></td><td width=""141""><p><strong>1:100</strong></p></td><td><p><strong>$25</strong></p></td><td><p><strong>$50</strong></p></td></tr><tr><td><p><strong>BACK PAIR</strong></p></td><td width=""143""><p><strong>xx34</strong></p></td><td width=""141""><p><strong>1:100</strong></p></td><td><p><strong>$25</strong></p></td><td><p><strong>$50</strong></p></td></tr><tr><td colspan=""3""><p><strong>COMBO&nbsp;</strong><strong>Covers all Straight combinations of a 4-digit number. Costs $2 to $24 depending on the numbers you select.</strong></p></td><td><p><strong>$2,500</strong></p></td><td><p><strong>$5,000</strong></p></td></tr><tr><td><p><strong>4-WAY</strong></p></td><td width=""143""><p><strong>1112</strong></p></td><td width=""141""><p><strong>1:2,500</strong></p></td><td><p><strong>$2 Play</strong></p></td><td><p><strong>$4 Play</strong></p></td></tr><tr><td><p><strong>6-WAY</strong></p></td><td width=""143""><p><strong>1122</strong></p></td><td width=""141""><p><strong>1:1,666.67</strong></p></td><td><p><strong>$3 Play</strong></p></td><td><p><strong>$6 Play</strong></p></td></tr><tr><td><p><strong>12-WAY</strong></p></td><td width=""143""><p><strong>1123</strong></p></td><td width=""141""><p><strong>1:833.33</strong></p></td><td><p><strong>$6 Play</strong></p></td><td><p><strong>$12 Play</strong></p></td></tr><tr><td><p><strong>24-WAY</strong></p></td><td width=""143""><p><strong>1234</strong></p></td><td width=""141""><p><strong>1:416.67</strong></p></td><td><p><strong>$12 Play</strong></p></td><td><p><strong>$24 Play</strong></p></td></tr><tr><td colspan=""5""><p><strong>*Combined straight and box payouts</strong></p></td></tr></tbody></table>",F,"4+1","4-Digits + 1 (Fire ball)",FLB,F,F,,,"1$",upto 14 consecutive draws,"Mon-Sun, 10 minutes before draw time"
336,Fantasy 5,Florida-Fantasy 5,"11:15 PM",US/Eastern,"11:15 PM",Choose 5 numbers from 1 through 36,"5/36","$200,000","1 in 376,992",F,T,http://www.flalottery.com/fantasy5.do,,F,F,Active,"<table class=""table table-bordered""><thead><tr class=""result-table-heading""><th><strong>Prize level</strong></th><th><strong>Odds Of winning</strong></th><th><strong>EEst.Prize</strong></th><th><strong>EEst.Rolldown Prize</strong></th></tr></thead><tbody><tr><td><p><strong>5 matching</strong></p></td><td><p><strong>1:376,992</strong></p></td><td><p><strong>$200,000</strong><strong><sup>*</sup></strong></p></td><td><p><strong>-</strong></p></td></tr><tr><td><p><strong>4 matching</strong></p></td><td><p><strong>1:2,432.21</strong></p></td><td><p><strong>$107</strong></p></td><td><p><strong>$555&nbsp;</strong>(maximum)</p></td></tr><tr><td><p><strong>3 matching</strong></p></td><td><p><strong>1:81.07</strong></p></td><td><p><strong>$10</strong></p></td><td><p><strong>$18</strong></p></td></tr><tr><td><p><strong>2 matching</strong></p></td><td><p><strong>1:8.39</strong></p></td><td><p><strong>Free Ticket</strong></p></td><td><p><strong>Free Ticket</strong></p></td></tr></tbody></table>",F,"5","5/36",FL3,F,F,,,"1$",upto 30 consecutive draws,"35 minutes before draw time"
337,Lotto,Florida-Lotto,"11:00 PM",US/Eastern,"11:00 PM",Choose 6 numbers 1 through 53. select the Double Play box. Double Play costs $1 more per play.,"6/53+6/53",,"1 in 22,957,480",T,T,http://www.flalottery.com/lotto.do,,F,F,Active,"<table class=""table table-bordered""><thead><tr class=""result-table-heading""><th colspan=""3""><strong>FLORIDA LOTTO </strong></th><th colspan=""4""><strong>FLORIDA LOTTO with XTRA</strong></th></tr></thead><tbody><tr><td><p><strong>Match</strong></p></td><td><p><strong>Odds</strong></p></td><td><p><strong>Est. Prize</strong></p></td><td><p><strong>x2</strong></p></td><td><p><strong>x3</strong></p></td><td><p><strong>x4</strong></p></td><td><p><strong>x5</strong></p></td></tr><tr><td><p><strong>6 match</strong></p></td><td><p><strong>1:22,957,480</strong></p></td><td><p><strong>Jackpot</strong></p></td><td><p><strong>-</strong></p></td><td><p><strong>-</strong></p></td><td><p><strong>-</strong></p></td><td><p><strong>-</strong></p></td></tr><tr><td><p><strong>5 match</strong></p></td><td><p><strong>1:81,409.50</strong></p></td><td><p><strong>$5,000</strong></p></td><td><p><strong>$10,000</strong></p></td><td><p><strong>$15,000</strong></p></td><td><p><strong>$20,000</strong></p></td><td><p><strong>$25,000</strong></p></td></tr><tr><td><p><strong>4 match</strong></p></td><td><p><strong>1:1,415.82</strong></p></td><td><p><strong>$70</strong></p></td><td><p><strong>$140</strong></p></td><td><p><strong>$210</strong></p></td><td><p><strong>$280</strong></p></td><td><p><strong>$350</strong></p></td></tr><tr><td><p><strong>3 match</strong></p></td><td><p><strong>1:70.79</strong></p></td><td><p><strong>$5</strong></p></td><td><p><strong>$25*</strong></p></td><td><p><strong>$25*</strong></p></td><td><p><strong>$25*</strong></p></td><td><p><strong>$25*</strong></p></td></tr><tr><td><p><strong>3 match</strong></p></td><td><p><strong>-</strong></p></td><td><p><strong>-</strong></p></td><td><p><strong>Free Ticket**</strong></p></td><td><p><strong>Free Ticket**</strong></p></td><td><p><strong>Free Ticket**</strong></p></td><td><p><strong>Free Ticket**</strong></p></td></tr></tbody></table>",F,"6+6","6/53 + 6/53",FL1,T,F,,,"2$",upto 30 consecutive draws,"Wed and Sat, 35 minutes before draw time"
338,Mega Money,Florida-Mega Money,"11:00 PM",US/Eastern,"11:00 PM",Choose 4 numbers 1 through 44 and 1 mega ball number from 1 to 22,"6/53",,"1 in 2,986,522",T,T,http://www.flalottery.com/megaMoney.do,,F,F,ignore,,F,"6+1","6/53 + XTRA",,F,F,,,,,
339,Cash 3 Midday,Georgia-Cash 3 Midday,"12:29 PM",US/Eastern,"12:29 PM",Choose 3 digits from 0 to 9.,"3-Digits",$500,"1 in 1,000",F,F,http://www.galottery.com/games/draw-games/cash-three,,F,F,Active,"<table class=""table table-bordered""><thead><tr class=""result-table-heading""><th><strong>Type of Play</strong></th><th><strong>Odds</strong></th><th><strong>$1</strong></th></tr></thead><tbody><tr><td><p>Straight</p></td><td><p>1:1000</p></td><td><p>$500</p></td></tr><tr><td><p>3-way box</p></td><td><p>1:333</p></td><td><p>$160</p></td></tr><tr><td><p>6-way box</p></td><td><p>1:167</p></td><td><p>$80</p></td></tr><tr><td><p>3-way combo</p></td><td><p>1:333</p></td><td><p>$500</p></td></tr><tr><td><p>6-way combo</p></td><td><p>1:167</p></td><td><p>$500</p></td></tr><tr><td><p>3-way str/box</p></td><td><p>1:333</p></td><td><p>$330(exact order)</p><p>$80(any order)</p></td></tr><tr><td><p>6-way str/box</p></td><td><p>1:167</p></td><td><p>$290(exact order)</p><p>$40(any order)</p></td></tr><tr><td><p>1-Off (straight)</p></td><td><p>1:1000</p></td><td><p>$250</p></td></tr><tr><td><p>One digit 1-Off</p></td><td><p>1:167</p></td><td><p>$24</p></td></tr><tr><td><p>Two digit 1-Off</p></td><td><p>1:83</p></td><td><p>$4</p></td></tr><tr><td><p>Three digit 1-Off</p></td><td><p>1:125</p></td><td><p>$8</p></td></tr><tr><td><p>Front Pair</p></td><td><p>1:1000</p></td><td><p>$50</p></td></tr><tr><td><p>Back Pair</p></td><td><p>1:1000</p></td><td><p>$50</p></td></tr></tbody></table>",F,"3","3-Digits",GAA,F,F,,,"1$",upto 7 consecutive draws,"Mon-Sun, 29 minutes before draw time"
340,Cash 3 Evening,Georgia-Cash 3 Evening,"6:59 PM",US/Eastern,"06:59 PM",Choose 3 digits from 0 to 9.,"3-Digits",$500,"1 in 1,000",F,F,http://www.galottery.com/games/draw-games/cash-three,,F,F,Active,"<table class=""table table-bordered""><thead><tr class=""result-table-heading""><th><strong>Type of Play</strong></th><th><strong>Odds</strong></th><th><strong>$1</strong></th></tr></thead><tbody><tr><td><p>Straight</p></td><td><p>1:1000</p></td><td><p>$500</p></td></tr><tr><td><p>3-way box</p></td><td><p>1:333</p></td><td><p>$160</p></td></tr><tr><td><p>6-way box</p></td><td><p>1:167</p></td><td><p>$80</p></td></tr><tr><td><p>3-way combo</p></td><td><p>1:333</p></td><td><p>$500</p></td></tr><tr><td><p>6-way combo</p></td><td><p>1:167</p></td><td><p>$500</p></td></tr><tr><td><p>3-way str/box</p></td><td><p>1:333</p></td><td><p>$330(exact order)</p><p>$80(any order)</p></td></tr><tr><td><p>6-way str/box</p></td><td><p>1:167</p></td><td><p>$290(exact order)</p><p>$40(any order)</p></td></tr><tr><td><p>1-Off (straight)</p></td><td><p>1:1000</p></td><td><p>$250</p></td></tr><tr><td><p>One digit 1-Off</p></td><td><p>1:167</p></td><td><p>$24</p></td></tr><tr><td><p>Two digit 1-Off</p></td><td><p>1:83</p></td><td><p>$4</p></td></tr><tr><td><p>Three digit 1-Off</p></td><td><p>1:125</p></td><td><p>$8</p></td></tr><tr><td><p>Front Pair</p></td><td><p>1:1000</p></td><td><p>$50</p></td></tr><tr><td><p>Back Pair</p></td><td><p>1:1000</p></td><td><p>$50</p></td></tr></tbody></table>",F,"3","3-Digits",GAB,F,F,,,"1$",upto 7 consecutive draws,"Mon-Sun, 9 minutes before draw time"
341,Cash 4 Midday,Georgia-Cash 4 Midday,"12:29 PM",US/Eastern,"12:29 PM",Choose 4 digits from 0 to 9.,"4-Digits","$5,000","1 in 10,000",F,F,http://www.galottery.com/games/draw-games/cash-four,,F,F,Active,"<table class=""table table-bordered""><thead><tr class=""result-table-heading""><th><strong>Type of Play</strong></th><th><strong>Odds</strong></th><th><strong>$1</strong></th></tr></thead><tbody><tr><td><p>Straight</p></td><td><p>1:10000</p></td><td><p>$5000</p></td></tr><tr><td><p>4-way box</p></td><td><p>1:2500</p></td><td><p>$1200</p></td></tr><tr><td><p>6-way box</p></td><td><p>1:1667</p></td><td><p>$800</p></td></tr><tr><td><p>12-way box</p></td><td><p>1:833</p></td><td><p>$400</p></td></tr><tr><td><p>24-way box</p></td><td><p>1:417</p></td><td><p>$200</p></td></tr><tr><td><p>4-way combo</p></td><td><p>1:2500</p></td><td><p>$5000</p></td></tr><tr><td><p>6-way combo</p></td><td><p>1:1667</p></td><td><p>$5000</p></td></tr><tr><td><p>12-way combo</p></td><td><p>1:833</p></td><td><p>$5000</p></td></tr><tr><td><p>24-way combo</p></td><td><p>1:417</p></td><td><p>$5000</p></td></tr><tr><td><p>4-way str/box</p></td><td><p>1:2500</p></td><td><p>$3100(exact order)</p><p>$600(any order)</p></td></tr><tr><td><p>6-way str/box</p></td><td><p>1:1667</p></td><td><p>$2900(exact order)</p><p>$400(any order)</p></td></tr><tr><td><p>12-way str/box</p></td><td><p>1:833</p></td><td><p>$2700(exact order)</p><p>$200(any order)</p></td></tr><tr><td><p>24-way str/box</p></td><td><p>1:417</p></td><td><p>$2600(exact order)</p><p>$100(any order)</p></td></tr><tr><td><p>1-Off (straight)</p></td><td><p>1:10000</p></td><td><p>$2500</p></td></tr><tr><td><p>One digit 1-Off</p></td><td><p>1:1250</p></td><td><p>$124</p></td></tr><tr><td><p>Two digit 1-Off</p></td><td><p>1:417</p></td><td><p>$24</p></td></tr><tr><td><p>Three digit 1-Off</p></td><td><p>1:313</p></td><td><p>$14</p></td></tr><tr><td><p>Four digit 1-Off</p></td><td><p>1:625</p></td><td><p>$32</p></td></tr></tbody></table>",F,"4","4-Digits",GAC,F,F,,,"1$",upto 7 consecutive draws,"Mon-Sun, 29 minutes before draw time"
342,Cash 4 Evening,Georgia-Cash 4 Evening,"6:59 PM",US/Eastern,"6:59 PM",Choose 4 digits from 0 to 9.,"4-Digits","$5,000","1 in 10,000",F,F,http://www.galottery.com/games/draw-games/cash-four,,F,F,Active,"<table class=""table table-bordered""><thead><tr class=""result-table-heading""><th><strong>Type of Play</strong></th><th><strong>Odds</strong></th><th><strong>$1</strong></th></tr></thead><tbody><tr><td><p>Straight</p></td><td><p>1:10000</p></td><td><p>$5000</p></td></tr><tr><td><p>4-way box</p></td><td><p>1:2500</p></td><td><p>$1200</p></td></tr><tr><td><p>6-way box</p></td><td><p>1:1667</p></td><td><p>$800</p></td></tr><tr><td><p>12-way box</p></td><td><p>1:833</p></td><td><p>$400</p></td></tr><tr><td><p>24-way box</p></td><td><p>1:417</p></td><td><p>$200</p></td></tr><tr><td><p>4-way combo</p></td><td><p>1:2500</p></td><td><p>$5000</p></td></tr><tr><td><p>6-way combo</p></td><td><p>1:1667</p></td><td><p>$5000</p></td></tr><tr><td><p>12-way combo</p></td><td><p>1:833</p></td><td><p>$5000</p></td></tr><tr><td><p>24-way combo</p></td><td><p>1:417</p></td><td><p>$5000</p></td></tr><tr><td><p>4-way str/box</p></td><td><p>1:2500</p></td><td><p>$3100(exact order)</p><p>$600(any order)</p></td></tr><tr><td><p>6-way str/box</p></td><td><p>1:1667</p></td><td><p>$2900(exact order)</p><p>$400(any order)</p></td></tr><tr><td><p>12-way str/box</p></td><td><p>1:833</p></td><td><p>$2700(exact order)</p><p>$200(any order)</p></td></tr><tr><td><p>24-way str/box</p></td><td><p>1:417</p></td><td><p>$2600(exact order)</p><p>$100(any order)</p></td></tr><tr><td><p>1-Off (straight)</p></td><td><p>1:10000</p></td><td><p>$2500</p></td></tr><tr><td><p>One digit 1-Off</p></td><td><p>1:1250</p></td><td><p>$124</p></td></tr><tr><td><p>Two digit 1-Off</p></td><td><p>1:417</p></td><td><p>$24</p></td></tr><tr><td><p>Three digit 1-Off</p></td><td><p>1:313</p></td><td><p>$14</p></td></tr><tr><td><p>Four digit 1-Off</p></td><td><p>1:625</p></td><td><p>$32</p></td></tr></tbody></table>",F,"4","4-Digits",GAH,F,F,,,"1$",upto 7 consecutive draws,"Mon-Sun, 9 minutes before draw time"
343,Georgia Five Midday,Georgia-Georgia Five Midday,"12:29 PM",US/Eastern,"12:29 PM",Choose 5 digits from 0 to 9.,"5-Digits","$10,000","1 in 100,000",F,F,http://www.galottery.com/games/draw-games/georgia-five,,F,F,Active,"<table class=""table table-bordered""><thead><tr><th><strong>Match in Exact order and Position</strong></th><th><strong>Win</strong></th><th><strong>Odds</strong></th></tr></thead><tbody><tr><td width=""238""><p>All 5 numbers</p></td><td width=""208""><p>$10,000</p></td><td width=""208""><p>1 in 100,000</p></td></tr><tr><td width=""238""><p>First (or last) 4 numbers</p></td><td width=""208""><p>$225</p></td><td width=""208""><p>1 in 5,556</p></td></tr><tr><td width=""238""><p>First 3 numbers + last number</p></td><td width=""208""><p>$21</p></td><td width=""208""><p>1 in 11,111</p></td></tr><tr><td width=""238""><p>First numbers + last 3 numbers</p></td><td width=""208""><p>$21</p></td><td width=""208""><p>1 in 11,111</p></td></tr><tr><td width=""238""><p>First (or last) 3 numbers</p></td><td width=""208""><p>$20</p></td><td width=""208""><p>1 in 617</p></td></tr><tr><td width=""238""><p>First 2 numbers + last 2 numbers</p></td><td width=""208""><p>$20</p></td><td width=""208""><p>1 in 11,111</p></td></tr><tr><td width=""238""><p>First 2 numbers + last number</p></td><td width=""208""><p>$11</p></td><td width=""208""><p>1 in 1,235</p></td></tr><tr><td width=""238""><p>First number + last 2 numbers</p></td><td width=""208""><p>$11</p></td><td width=""208""><p>1 in 1,235</p></td></tr><tr><td width=""238""><p>First (or Last) 2 numbers</p></td><td width=""208""><p>$10</p></td><td width=""208""><p>1 in 62</p></td></tr><tr><td width=""238""><p>First number + last number</p></td><td width=""208""><p>$2</p></td><td width=""208""><p>1 in 123</p></td></tr><tr><td width=""238""><p>First (or last) number</p></td><td width=""208""><p>$1</p></td><td width=""208""><p>1 in 6</p></td></tr></tbody></table>",F,"5","5-Digits",GAE,F,F,,,"1$",upto 7 consecutive draws,"Mon-Sun, 29 minutes before draw time"
344,Georgia Five Evening,Georgia-Georgia Five Evening,"6:59 PM",US/Eastern,"06:59 PM",Choose 5 digits from 0 to 9.,"5-Digits","$10,000","1 in 100,000",F,F,http://www.galottery.com/games/draw-games/georgia-five,,F,F,Active,"<table class=""table table-bordered""><thead><tr><th><strong>Match in Exact order and Position</strong></th><th><strong>Win</strong></th><th><strong>Odds</strong></th></tr></thead><tbody><tr><td width=""238""><p>All 5 numbers</p></td><td width=""208""><p>$10,000</p></td><td width=""208""><p>1 in 100,000</p></td></tr><tr><td width=""238""><p>First (or last) 4 numbers</p></td><td width=""208""><p>$225</p></td><td width=""208""><p>1 in 5,556</p></td></tr><tr><td width=""238""><p>First 3 numbers + last number</p></td><td width=""208""><p>$21</p></td><td width=""208""><p>1 in 11,111</p></td></tr><tr><td width=""238""><p>First numbers + last 3 numbers</p></td><td width=""208""><p>$21</p></td><td width=""208""><p>1 in 11,111</p></td></tr><tr><td width=""238""><p>First (or last) 3 numbers</p></td><td width=""208""><p>$20</p></td><td width=""208""><p>1 in 617</p></td></tr><tr><td width=""238""><p>First 2 numbers + last 2 numbers</p></td><td width=""208""><p>$20</p></td><td width=""208""><p>1 in 11,111</p></td></tr><tr><td width=""238""><p>First 2 numbers + last number</p></td><td width=""208""><p>$11</p></td><td width=""208""><p>1 in 1,235</p></td></tr><tr><td width=""238""><p>First number + last 2 numbers</p></td><td width=""208""><p>$11</p></td><td width=""208""><p>1 in 1,235</p></td></tr><tr><td width=""238""><p>First (or Last) 2 numbers</p></td><td width=""208""><p>$10</p></td><td width=""208""><p>1 in 62</p></td></tr><tr><td width=""238""><p>First number + last number</p></td><td width=""208""><p>$2</p></td><td width=""208""><p>1 in 123</p></td></tr><tr><td width=""238""><p>First (or last) number</p></td><td width=""208""><p>$1</p></td><td width=""208""><p>1 in 6</p></td></tr></tbody></table>",F,"5","5-Digits",GAF,F,F,,,"1$",upto 7 consecutive draws,"Mon-Sun, 9 minutes before draw time"
345,All or Nothing Morning,Georgia-All or Nothing Morning,"10:00 AM",US/Eastern,"10:00 AM",select 12 numbers from 1 to 24.,"12/24","$250,000","1 in 2,704,156",F,T,http://www.galottery.com/games/draw-games/all-or-nothing,,F,F,Ignore,"<table class=""table table-bordered""><thead><tr class=""result-table-heading""> <th> Match </th> <th> Prize </th> <th> Odds of Winning </th> </tr> </thead> <tbody> <tr> <td> Match 12 </td> <td> $250,000 </td> <td> 1 in 2,704,156 </td> </tr> <tr> <td> Match 11 </td> <td> $500 </td> <td> 1 in 18,779 </td> </tr> <tr> <td> Match 10 </td> <td> $50 </td> <td> 1 in 621 </td> </tr> <tr> <td> Match 9 </td> <td> $10 </td> <td> 1 in 56 </td> </tr> <tr> <td> Match 8 </td> <td> $2 </td> <td> 1 in 11 </td> </tr> <tr> <td> Match 7 </td> <td> No prize  </td> <td> N/A </td> </tr> <tr> <td> Match 6 </td> <td> No prize  </td> <td> N/A </td> </tr> <tr> <td> Match 5 </td> <td> No prize  </td> <td> N/A </td> </tr> <tr> <td> Match 4 </td> <td> $2 </td> <td> 1 in 11 </td> </tr> <tr> <td> Match 3 </td> <td> $10 </td> <td> 1 in 56 </td> </tr> <tr> <td> Match 2 </td> <td> $50 </td> <td> 1 in 621 </td> </tr> <tr> <td> Match 1 </td> <td> $500 </td> <td> 1 in 18,779 </td> </tr> <tr> <td> Match 0 </td> <td> $250,000 </td> <td> 1 in 2,704,156 </td> </tr> <tr> <td colspan=3> Odds of winning any All or Nothing prize are 1 in 4.5. </td> </tr> </tbody> </table>",F,"12","12/24",GA4,F,F,,,,,
346,All or Nothing Day,Georgia-All or Nothing Day,"2:00 PM",US/Eastern,"02:00 PM",select 12 numbers from 1 to 24.,"12/24","$250,000","1 in 2,704,156",F,T,http://www.galottery.com/games/draw-games/all-or-nothing,,F,F,Ignore,"<table class=""table table-bordered""><thead><tr class=""result-table-heading""> <th> Match </th> <th> Prize </th> <th> Odds of Winning </th> </tr> </thead> <tbody> <tr> <td> Match 12 </td> <td> $250,000 </td> <td> 1 in 2,704,156 </td> </tr> <tr> <td> Match 11 </td> <td> $500 </td> <td> 1 in 18,779 </td> </tr> <tr> <td> Match 10 </td> <td> $50 </td> <td> 1 in 621 </td> </tr> <tr> <td> Match 9 </td> <td> $10 </td> <td> 1 in 56 </td> </tr> <tr> <td> Match 8 </td> <td> $2 </td> <td> 1 in 11 </td> </tr> <tr> <td> Match 7 </td> <td> No prize  </td> <td> N/A </td> </tr> <tr> <td> Match 6 </td> <td> No prize  </td> <td> N/A </td> </tr> <tr> <td> Match 5 </td> <td> No prize  </td> <td> N/A </td> </tr> <tr> <td> Match 4 </td> <td> $2 </td> <td> 1 in 11 </td> </tr> <tr> <td> Match 3 </td> <td> $10 </td> <td> 1 in 56 </td> </tr> <tr> <td> Match 2 </td> <td> $50 </td> <td> 1 in 621 </td> </tr> <tr> <td> Match 1 </td> <td> $500 </td> <td> 1 in 18,779 </td> </tr> <tr> <td> Match 0 </td> <td> $250,000 </td> <td> 1 in 2,704,156 </td> </tr> <tr> <td colspan=3> Odds of winning any All or Nothing prize are 1 in 4.5. </td> </tr> </tbody> </table>",F,"12","12/24",GA5,F,F,,,,,
347,All or Nothing Evening,Georgia-All or Nothing Evening,"6:00 PM",US/Eastern,"06:00 PM",select 12 numbers from 1 to 24.,"12/24","$250,000","1 in 2,704,156",F,T,http://www.galottery.com/games/draw-games/all-or-nothing,,F,F,Ignore,"<table class=""table table-bordered""><thead><tr class=""result-table-heading""> <th> Match </th> <th> Prize </th> <th> Odds of Winning </th> </tr> </thead> <tbody> <tr> <td> Match 12 </td> <td> $250,000 </td> <td> 1 in 2,704,156 </td> </tr> <tr> <td> Match 11 </td> <td> $500 </td> <td> 1 in 18,779 </td> </tr> <tr> <td> Match 10 </td> <td> $50 </td> <td> 1 in 621 </td> </tr> <tr> <td> Match 9 </td> <td> $10 </td> <td> 1 in 56 </td> </tr> <tr> <td> Match 8 </td> <td> $2 </td> <td> 1 in 11 </td> </tr> <tr> <td> Match 7 </td> <td> No prize  </td> <td> N/A </td> </tr> <tr> <td> Match 6 </td> <td> No prize  </td> <td> N/A </td> </tr> <tr> <td> Match 5 </td> <td> No prize  </td> <td> N/A </td> </tr> <tr> <td> Match 4 </td> <td> $2 </td> <td> 1 in 11 </td> </tr> <tr> <td> Match 3 </td> <td> $10 </td> <td> 1 in 56 </td> </tr> <tr> <td> Match 2 </td> <td> $50 </td> <td> 1 in 621 </td> </tr> <tr> <td> Match 1 </td> <td> $500 </td> <td> 1 in 18,779 </td> </tr> <tr> <td> Match 0 </td> <td> $250,000 </td> <td> 1 in 2,704,156 </td> </tr> <tr> <td colspan=3> Odds of winning any All or Nothing prize are 1 in 4.5. </td> </tr> </tbody> </table>",F,"12","12/24",GA6,F,F,,,,,
348,All or Nothing Night,Georgia-All or Nothing Night,"11:00 PM",US/Eastern,"11:00 PM",select 12 numbers from 1 to 24.,"12/24","$250,000","1 in 2,704,156",F,T,http://www.galottery.com/games/draw-games/all-or-nothing,,F,F,Ignore,"<table class=""table table-bordered""><thead><tr class=""result-table-heading""> <th> Match </th> <th> Prize </th> <th> Odds of Winning </th> </tr> </thead> <tbody> <tr> <td> Match 12 </td> <td> $250,000 </td> <td> 1 in 2,704,156 </td> </tr> <tr> <td> Match 11 </td> <td> $500 </td> <td> 1 in 18,779 </td> </tr> <tr> <td> Match 10 </td> <td> $50 </td> <td> 1 in 621 </td> </tr> <tr> <td> Match 9 </td> <td> $10 </td> <td> 1 in 56 </td> </tr> <tr> <td> Match 8 </td> <td> $2 </td> <td> 1 in 11 </td> </tr> <tr> <td> Match 7 </td> <td> No prize  </td> <td> N/A </td> </tr> <tr> <td> Match 6 </td> <td> No prize  </td> <td> N/A </td> </tr> <tr> <td> Match 5 </td> <td> No prize  </td> <td> N/A </td> </tr> <tr> <td> Match 4 </td> <td> $2 </td> <td> 1 in 11 </td> </tr> <tr> <td> Match 3 </td> <td> $10 </td> <td> 1 in 56 </td> </tr> <tr> <td> Match 2 </td> <td> $50 </td> <td> 1 in 621 </td> </tr> <tr> <td> Match 1 </td> <td> $500 </td> <td> 1 in 18,779 </td> </tr> <tr> <td> Match 0 </td> <td> $250,000 </td> <td> 1 in 2,704,156 </td> </tr> <tr> <td colspan=3> Odds of winning any All or Nothing prize are 1 in 4.5. </td> </tr> </tbody> </table>",F,"12","12/24",GA7,F,F,,,,,
349,Fantasy 5,Georgia-Fantasy 5,"11:34 PM",US/Eastern,"11:34 PM",Choose 5 numbers from 1 through 42,"5/42",,"1 in 575,757",F,T,http://www.galottery.com/games/draw-games/fantasy-five,,F,F,Active,"<table class=""table table-bordered""><thead><tr class=""result-table-heading""> <th> Match </th> <th> Prize </th> <th> Odds of Winning </th> </tr> </thead> <tbody> <tr> <td> Match 5 </td> <td> Jackpot </td> <td> 1 in 850,668 </td> </tr> <tr> <td> Match 4 </td> <td> Pari-mutuel (estimated $150) </td> <td> 1 in 4,598 </td> </tr> <tr> <td> Match 3 </td> <td> Pari-mutuel (estimated $10) </td> <td> 1 in 128 </td> </tr> <tr> <td> Match 2 </td> <td> Free Ticket </td> <td> 1 in 11 </td> </tr> <tr> <td colspan=3> Odds of winning any Fantasy 5 prize are approximately 1 in 10.06 </td> </tr> </tbody> </table>",F,"5","5/42",GA2,T,F,,,"1$",upto 14 consecutive draws,"Mon-Sun, 49 minutes before draw time"
350,Pick 3 Day,Idaho-Pick 3 Day,"1:59 PM",US/Mountain,"03:59 PM",Choose 3 digits from 0 to 9.,"3-Digits",$500,,F,F,,,F,F,Active,"<table class=""table table-bordered""> <thead><tr class=""result-table-heading""><th>Match</th><th>PrizeAmount</th><th>Odds</th></tr> </thead> <tbody><tr><td>Straight</td><td>$500</td><td>1 in 1,000</td></tr><tr><td>Box (6-way)</td><td>$80</td><td>1 in 167</td></tr><tr><td>Straight + Box (6-way) - Straight match</td><td>$290</td><td>1 in 1,000</td></tr><tr><td>Straight + Box (6-way) - Box match</td><td>$40</td><td>1 in 167</td></tr><tr><td>Pair</td><td>$50</td><td>1 in 100</td></tr><tr><td colspan=""3""> Note: The prize amounts are for $1 wager </td></tr>	</tbody></table>",F,"3","3-Digits",IDB,F,F,,,"1$",upto 70 consecutive draws,"Mon-Sun, 5 minutes before draw time"
351,Pick 3 Night,Idaho-Pick 3 Night,"7:59 PM",US/Mountain,"09:59 PM",Choose 3 digits from 0 to 9.,"3-Digits",$500,,F,F,,,F,F,Active,"<table class=""table table-bordered""> <thead><tr class=""result-table-heading""><th>Match</th><th>PrizeAmount</th><th>Odds</th></tr> </thead> <tbody><tr><td>Straight</td><td>$500</td><td>1 in 1,000</td></tr><tr><td>Box (6-way)</td><td>$80</td><td>1 in 167</td></tr><tr><td>Straight + Box (6-way) - Straight match</td><td>$290</td><td>1 in 1,000</td></tr><tr><td>Straight + Box (6-way) - Box match</td><td>$40</td><td>1 in 167</td></tr><tr><td>Pair</td><td>$50</td><td>1 in 100</td></tr><tr><td colspan=""3""> Note: The prize amounts are for $1 wager </td></tr> </tbody></table>",F,"3","3-Digits",IDA,F,F,,,"1$",upto 70 consecutive draws,"Mon-Sun, 5 minutes before draw time"
352,Weekly Grand,Idaho-Weekly Grand,"8:00 PM",US/Mountain,"10:00 PM",Choose five numbers from 1 to 32.,"5/32","$1,000 /week/year",,F,F,,,F,F,Ignore,"<table class=""table table-bordered""><thead><tr class=""result-table-heading""><th>Match</th><th>Prize amount</th></tr></thead><tbody><tr><td><p>5 Match</p></td><td><p>Jackpot</p></td></tr><tr><td><p>4 Match</p></td><td><p>$200</p></td></tr><tr><td><p>3 Match</p></td><td><p>$25</p></td></tr><tr><td><p>2 Match</p></td><td><p>Free Ticket</p></td></tr></tbody></table>",F,"5","5/32",ID3,F,F,,,,upto 35 consecutive draws,"Mon-Sun, 5 minutes before draw time"
353,My3 Midday,Illinois-My3 Midday,"10:30 AM",US/Central,"11:30 AM",,"6/53",,,F,F,,,F,F,Ignore,,F,"6+1","6/53 + 1 (XTRA)",,F,F,,,,,
354,Pick 3 Midday,Illinois-Pick 3 Midday,"12:40 PM",US/Central,"01:40 PM",Choose 3 digits from 0 to 9.,"3-Digits+1",$500,,F,F,,,F,F,Active,"<table class=""table table-bordered""><thead><tr class=""result-table-heading""><th><strong>Type of Play</strong></th><th><strong>Odds</strong></th><th><strong>$1<br />wager</strong></th></tr></thead><tbody><tr><td><p>""Exact order""(Straight)</p></td><td><p>1:1,000</p></td><td><p>$500</p></td></tr><tr><td><p>""Any order""(6-way box)</p></td><td><p>1:166.67</p></td><td><p>$80</p></td></tr><tr><td><p>""Any order""(3-way box)<br />(Where two digits are the same)</p></td><td><p>1:333.33</p></td><td><p>$160</p></td></tr><tr><td><p>3-way combo</p></td><td><p>1:1,000</p></td><td><p>$500</p></td></tr><tr><td><p>6-way combo</p></td><td><p>1:1,000</p></td><td><p>$500</p></td></tr><tr><td><p>3-way straight/box</p></td><td><p>1:1,000/1:333</p></td><td><p>$330/$80</p></td></tr><tr><td><p>6-way straight/box</p></td><td><p>1:1,000/1:167</p></td><td><p>$290/$40</p></td></tr><tr><td><p>Front pair</p></td><td><p>1:100</p></td><td><p>$50</p></td></tr><tr><td><p>Back pair</p></td><td><p>1:100</p></td><td><p>$50</p></td></tr></tbody></table>",F,"3+1","3-Digits + 1 (Fire ball)","120",F,F,,,"1$",upto 7 consecutive draws,"Mon-Sun, 5 minutes before draw time"
355,My3 Evening,Illinois-My3 Evening,"6:30 PM",US/Central,"07:30 PM",,"6/53",,,F,F,,,F,F,Ignore,,F,"6+1","6/53 + 1 (XTRA)",,F,F,,,,,
356,Pick 3 Evening,Illinois-Pick 3 Evening,"9:20 PM",US/Central,"10:20 PM",Choose 3 digits from 0 to 9.,"3-Digits+1",$500,,F,F,,,F,F,Active,"<table class=""table table-bordered""><thead><tr class=""result-table-heading""><th><strong>Type of Play</strong></th><th><strong>Odds</strong></th><th><strong>$1<br />wager</strong></th></tr></thead><tbody><tr><td><p>""Exact order""(Straight)</p></td><td><p>1:1,000</p></td><td><p>$500</p></td></tr><tr><td><p>""Any order""(6-way box)</p></td><td><p>1:166.67</p></td><td><p>$80</p></td></tr><tr><td><p>""Any order""(3-way box)<br />(Where two digits are the same)</p></td><td><p>1:333.33</p></td><td><p>$160</p></td></tr><tr><td><p>3-way combo</p></td><td><p>1:1,000</p></td><td><p>$500</p></td></tr><tr><td><p>6-way combo</p></td><td><p>1:1,000</p></td><td><p>$500</p></td></tr><tr><td><p>3-way straight/box</p></td><td><p>1:1,000/1:333</p></td><td><p>$330/$80</p></td></tr><tr><td><p>6-way straight/box</p></td><td><p>1:1,000/1:167</p></td><td><p>$290/$40</p></td></tr><tr><td><p>Front pair</p></td><td><p>1:100</p></td><td><p>$50</p></td></tr><tr><td><p>Back pair</p></td><td><p>1:100</p></td><td><p>$50</p></td></tr></tbody></table>",F,"3+1","3-Digits + 1 (Fire ball)","121",F,F,,,"1$",upto 7 consecutive draws,"Mon-Sun, 7 minutes before draw time"
357,Pick 4 Midday,Illinois-Pick 4 Midday,"12:40 PM",US/Central,"01:40 PM",Choose 4 digits from 0 to 9.,"4-Digits+1","$5,000",,F,F,,,F,F,Active,"<table class=""table table-bordered""><thead><tr class=""result-table-heading""><th><strong>Type of Play</strong></th><th><strong>Odds</strong></th><th><strong>$1<br />wager</strong></th></tr></thead><tbody><tr><td><p>Straight</p></td><td><p>1:10,000</p></td><td><p>$5000</p></td></tr><tr><td><p>4-way box</p></td><td><p>1:2500</p></td><td><p>$1200</p></td></tr><tr><td><p>6-way box</p></td><td><p>1:1667</p></td><td><p>$800</p></td></tr><tr><td><p>12-way box</p></td><td><p>1:833</p></td><td><p>$400</p></td></tr><tr><td><p>24-way box</p></td><td><p>1:417</p></td><td><p>$200</p></td></tr><tr><td><p>4-way combo</p></td><td><p>1:10000</p></td><td><p>$5000</p></td></tr><tr><td><p>6-way combo</p></td><td><p>1:10000</p></td><td><p>$5000</p></td></tr><tr><td><p>12-way combo</p></td><td><p>1:10000</p></td><td><p>$5000</p></td></tr><tr><td><p>24-way combo</p></td><td><p>1:10000</p></td><td><p>$5000</p></td></tr><tr><td><p>4-way str/box</p></td><td><p>1:10000</p><p>1:2500(box)</p></td><td><p>$3100</p><p>$600(box)</p></td></tr><tr><td><p>6-way str/box</p></td><td><p>1:10000</p><p>1:1667(box)</p></td><td><p>$2900</p><p>$400(box)</p></td></tr><tr><td><p>12-way str/box</p></td><td><p>1:10000</p><p>1:833(box)</p></td><td><p>$2700</p><p>$200(box)</p></td></tr><tr><td><p>24-way str/box</p></td><td><p>1:10000</p><p>1:417(box)</p></td><td><p>$2,600</p><p>$100(box)</p></td></tr></tbody></table>",F,"4+1","4-Digits + 1 (Fire ball)","122",F,F,,,"1$",upto 7 consecutive draws,"Mon-Sun, 5 minutes before draw time"
358,Pick 4 Evening,Illinois-Pick 4 Evening,"9:20 PM",US/Central,"10:20 PM",Choose 4 digits from 0 to 9.,"4-Digits+1","$5,000",,F,F,,,F,F,Active,"<table class=""table table-bordered""><thead><tr class=""result-table-heading""><th><strong>Type of Play</strong></th><th><strong>Odds</strong></th><th><strong>$1<br />wager</strong></th></tr></thead><tbody><tr><td><p>Straight</p></td><td><p>1:10,000</p></td><td><p>$5000</p></td></tr><tr><td><p>4-way box</p></td><td><p>1:2500</p></td><td><p>$1200</p></td></tr><tr><td><p>6-way box</p></td><td><p>1:1667</p></td><td><p>$800</p></td></tr><tr><td><p>12-way box</p></td><td><p>1:833</p></td><td><p>$400</p></td></tr><tr><td><p>24-way box</p></td><td><p>1:417</p></td><td><p>$200</p></td></tr><tr><td><p>4-way combo</p></td><td><p>1:10000</p></td><td><p>$5000</p></td></tr><tr><td><p>6-way combo</p></td><td><p>1:10000</p></td><td><p>$5000</p></td></tr><tr><td><p>12-way combo</p></td><td><p>1:10000</p></td><td><p>$5000</p></td></tr><tr><td><p>24-way combo</p></td><td><p>1:10000</p></td><td><p>$5000</p></td></tr><tr><td><p>4-way str/box</p></td><td><p>1:10000</p><p>1:2500(box)</p></td><td><p>$3100</p><p>$600(box)</p></td></tr><tr><td><p>6-way str/box</p></td><td><p>1:10000</p><p>1:1667(box)</p></td><td><p>$2900</p><p>$400(box)</p></td></tr><tr><td><p>12-way str/box</p></td><td><p>1:10000</p><p>1:833(box)</p></td><td><p>$2700</p><p>$200(box)</p></td></tr><tr><td><p>24-way str/box</p></td><td><p>1:10000</p><p>1:417(box)</p></td><td><p>$2,600</p><p>$100(box)</p></td></tr></tbody></table>",F,"4+1","4-Digits + 1 (Fire ball)","123",F,F,,,"1$",upto 7 consecutive draws,"Mon-Sun, 7 minutes before draw time"
359,Lucky Day Lotto Midday,Illinois-Lucky Day Lotto Midday,"12:40 PM",US/Central,"01:40 PM",Choose five numbers between 1 and 45.,"5/45",,,F,F,,,F,F,Active,"<table class=""table table-bordered""><thead><tr class=""result-table-heading""><th><strong>Match</strong></th><th><strong>Prize</strong></th><th><strong>Odds</strong></th></tr></thead><tbody><tr><td><p>5 Match</p></td><td><p>Jackpot</p></td><td><p>1:1,221,759</p></td></tr><tr><td><p>4 Match</p></td><td><p>$200</p></td><td><p>1:6,109</p></td></tr><tr><td><p>3 Match</p></td><td><p>$15</p></td><td><p>1:157</p></td></tr><tr><td><p>2 Match</p></td><td width=""208""><p>$1</p></td><td width=""208""><p>1:12</p></td></tr></tbody></table>",F,"5","5/45",IL5,T,F,,,"2$",upto 25 consecutive draws,"Mon-Sun, 5 minutes before draw time"
360,Lucky Day Lotto Evening,Illinois-Lucky Day Lotto Evening,"9:20 PM",US/Central,"10:20 PM",Choose five numbers between 1 and 45.,"5/45",,,F,F,,,F,F,Active,"<table class=""table table-bordered""><thead><tr class=""result-table-heading""><th><strong>Match</strong></th><th><strong>Prize</strong></th><th><strong>Odds</strong></th></tr></thead><tbody><tr><td><p>5 Match</p></td><td><p>Jackpot</p></td><td><p>1:1,221,759</p></td></tr><tr><td><p>4 Match</p></td><td><p>$200</p></td><td><p>1:6,109</p></td></tr><tr><td><p>3 Match</p></td><td><p>$15</p></td><td><p>1:157</p></td></tr><tr><td><p>2 Match</p></td><td width=""208""><p>$1</p></td><td width=""208""><p>1:12</p></td></tr></tbody></table>",F,"5","5/45",IL3,T,F,,,"2$",upto 25 consecutive draws,"Mon-Sun, 7 minutes before draw time"
361,Hit or Miss Morning,Illinois-Hit or Miss Morning,"10:30 AM",US/Central,"11:30 AM",,"6/53",,,F,F,,,F,F,Ignore,,F,"6+1","6/53 + XTRA",,F,F,,,,,
362,Hit or Miss Midday,Illinois-Hit or Miss Midday,"12:40 PM",US/Central,"01:40 PM",,"6/53",,,F,F,,,F,F,Ignore,,F,"6+1","6/53 + XTRA",,F,F,,,,,
363,Hit or Miss Drive,Illinois-Hit or Miss Drive,"6:30 PM",US/Central,"07:30 PM",,"6/53",,,F,F,,,F,F,Ignore,,F,"6+1","6/53 + XTRA",,F,F,,,,,
364,Hit or Miss Evening,Illinois-Hit or Miss Evening,"9:22 PM",US/Central,"10:22 PM",,"6/53",,,F,F,,,F,F,Ignore,,F,"6+1","6/53 + XTRA",,F,F,,,,,
365,Daily3 Midday,Indiana-Daily3 Midday,"1:20 PM",US/Eastern,"01:20 PM",Choose 3 digits from 0 to 9.,"3-Digits+1",$500,,F,F,,,F,F,Active,"<table class=""table table-bordered""><thead>	<tr class=""result-table-heading""><th colspan=""6"">Daily 3 with SUPERBALL Prize Structure $1 Wager</th></tr><tr class=""result-table-heading""><th>PLAY TYPE</th><th>PRIZE</th><th>ODDS (1 in)</th><th>SUPERBALL PRIZE</th><th>ODDS (1 in)</th><th>EXAMPLE</th></tr></thead><tbody><tr><td colspan=""6"">STRAIGHT:&nbsp;Selected numbers must match winning numbers in exact order.</td></tr><tr><td>STRAIGHT</td><td>$500</td><td>1,000</td><td>$180</td><td>333</td><td>1-2-3</td></tr><tr><td colspan=""6"">COMBO:&nbsp;Selected numbers may match winning numbers in exact order (Straight) or any order (Box). (Minimum $1 play)</td></tr><tr><td>COMBO: 3-WAY STRAIGHT</td><td>$330</td><td>1,000</td><td>$120</td><td>333</td><td>1-2-1</td></tr><tr><td>COMBO: 3-WAY BOX</td><td>$80</td><td>333</td><td>$30</td><td>111</td><td>1-2-1</td></tr><tr><td>COMBO: 6-WAY STRAIGHT</td><td>$290</td><td>1,000</td><td>$105</td><td>333</td><td>1-2-3</td></tr><tr><td>COMBO: 6-WAY BOX</td><td>$40</td><td>167</td><td>$15</td><td>56</td><td>1-2-3</td></tr><tr><td colspan=""6"">BOX:&nbsp;Selected numbers may match winning numbers in any order</td></tr><tr><td>BOX: 3-WAY</td><td>$160</td><td>333</td><td>$60</td><td>111</td><td>1-2-1</td></tr><tr><td>BOX: 6-WAY</td><td>$80</td><td>167</td><td>$30</td><td>56</td><td>1-2-3</td></tr><tr><td colspan=""6"">WHEEL:&nbsp;Every combination of the numbers you select are played as straight. Ticket cost is determined by play amount and number of combinations.</td></tr><tr><td>WHEEL: 3-WAY</td><td>$500</td><td>333</td><td>$180</td><td>111</td><td>1-2-1</td></tr><tr><td>WHEEL: 6-WAY</td><td>$500</td><td>167</td><td>$180</td><td>56</td><td>1-2-3</td></tr><tr><td colspan=""6"">FRONT PAIR/BACK PAIR:&nbsp;First/Last two selected numbers match in the exact order drawn.</td></tr><tr><td>FRONT PAIR</td><td>$50</td><td>100</td><td>$26</td><td>50</td><td>1-2-X</td></tr><tr><td>BACK PAIR</td><td>$50</td><td>100</td><td>$26</td><td>50</td><td>X-2-3</td></tr><tr><td colspan=""6"">1-OFF:&nbsp;Selected numbers may be either one higher or one lower than the winning numbers to win. 1-OFF does not pay on a Straight.</td></tr><tr><td>1 DIGITS 1-OFF</td><td>$40</td><td>167</td><td>NA</td><td>NA</td><td>1-2-X</td></tr><tr><td>2 DIGITS 1-OFF</td><td>$10</td><td>83</td><td>NA</td><td>NA</td><td>X-X-3</td></tr><tr><td>3 DIGITS 1-OFF</td><td>$18</td><td>125</td><td>NA</td><td>NA</td><td>X-X-X</td></tr></tbody></table>",F,"3+1","3-Digits + 1 (SB)",INA,F,F,,,"1$",upto 28 consecutive draws,"Mon-Sun, 10 minutes before draw time"
366,Daily3 Evening,Indiana-Daily3 Evening,"11:00 PM",US/Eastern,"11:00 PM",Choose 3 digits from 0 to 9.,"3-Digits+1",$500,,F,F,,,F,F,Active,"<table class=""table table-bordered""><thead>	<tr class=""result-table-heading""><th colspan=""6"">Daily 3 with SUPERBALL Prize Structure $1 Wager</th></tr><tr class=""result-table-heading""><th>PLAY TYPE</th><th>PRIZE</th><th>ODDS (1 in)</th><th>SUPERBALL PRIZE</th><th>ODDS (1 in)</th><th>EXAMPLE</th></tr></thead><tbody><tr><td colspan=""6"">STRAIGHT:&nbsp;Selected numbers must match winning numbers in exact order.</td></tr><tr><td>STRAIGHT</td><td>$500</td><td>1,000</td><td>$180</td><td>333</td><td>1-2-3</td></tr><tr><td colspan=""6"">COMBO:&nbsp;Selected numbers may match winning numbers in exact order (Straight) or any order (Box). (Minimum $1 play)</td></tr><tr><td>COMBO: 3-WAY STRAIGHT</td><td>$330</td><td>1,000</td><td>$120</td><td>333</td><td>1-2-1</td></tr><tr><td>COMBO: 3-WAY BOX</td><td>$80</td><td>333</td><td>$30</td><td>111</td><td>1-2-1</td></tr><tr><td>COMBO: 6-WAY STRAIGHT</td><td>$290</td><td>1,000</td><td>$105</td><td>333</td><td>1-2-3</td></tr><tr><td>COMBO: 6-WAY BOX</td><td>$40</td><td>167</td><td>$15</td><td>56</td><td>1-2-3</td></tr><tr><td colspan=""6"">BOX:&nbsp;Selected numbers may match winning numbers in any order</td></tr><tr><td>BOX: 3-WAY</td><td>$160</td><td>333</td><td>$60</td><td>111</td><td>1-2-1</td></tr><tr><td>BOX: 6-WAY</td><td>$80</td><td>167</td><td>$30</td><td>56</td><td>1-2-3</td></tr><tr><td colspan=""6"">WHEEL:&nbsp;Every combination of the numbers you select are played as straight. Ticket cost is determined by play amount and number of combinations.</td></tr><tr><td>WHEEL: 3-WAY</td><td>$500</td><td>333</td><td>$180</td><td>111</td><td>1-2-1</td></tr><tr><td>WHEEL: 6-WAY</td><td>$500</td><td>167</td><td>$180</td><td>56</td><td>1-2-3</td></tr><tr><td colspan=""6"">FRONT PAIR/BACK PAIR:&nbsp;First/Last two selected numbers match in the exact order drawn.</td></tr><tr><td>FRONT PAIR</td><td>$50</td><td>100</td><td>$26</td><td>50</td><td>1-2-X</td></tr><tr><td>BACK PAIR</td><td>$50</td><td>100</td><td>$26</td><td>50</td><td>X-2-3</td></tr><tr><td colspan=""6"">1-OFF:&nbsp;Selected numbers may be either one higher or one lower than the winning numbers to win. 1-OFF does not pay on a Straight.</td></tr><tr><td>1 DIGITS 1-OFF</td><td>$40</td><td>167</td><td>NA</td><td>NA</td><td>1-2-X</td></tr><tr><td>2 DIGITS 1-OFF</td><td>$10</td><td>83</td><td>NA</td><td>NA</td><td>X-X-3</td></tr><tr><td>3 DIGITS 1-OFF</td><td>$18</td><td>125</td><td>NA</td><td>NA</td><td>X-X-X</td></tr></tbody></table>",F,"3+1","3-Digits + 1 (SB)",INB,F,F,,,"1$",upto 28 consecutive draws,"Mon-Sun, 21 minutes before draw time"
367,Daily4 Midday,Indiana-Daily4 Midday,"1:20 PM",US/Eastern,"01:20 PM",Choose 4 digits from 0 to 9.,"4-Digits+1",$500,,F,F,,,F,F,Active,"<table class=""table table-bordered""><thead><tr class=""result-table-heading""><th colspan=""6"">Daily 4 with SUPERBALL Prize Structure $1Wager</th></tr><tr class=""result-table-heading""><th>PLAY TYPE</th><th>PRIZE</th><th>ODDS (1 in)</th><th>SUPERBALL PRIZE</th><th>ODDS (1 in)</th><th>EXAMPLE</th></tr></thead><tbody><tr><td colspan=""6"">STRAIGHT:&nbsp;Selected numbers must match winningnumbers in exact order.</td></tr><tr><td>STRAIGHT</td><td>$5,000</td><td>10,000</td><td>$1,360</td><td>2,500</td><td>1-2-3-4</td></tr><tr><td colspan=""6"">COMBO:&nbsp;Selected numbers may match winningnumbers in exact order (Straight) or any order (Box). (Minimum $1play)</td></tr><tr><td>COMBO: 4-WAY STRAIGHT</td><td>$3,100</td><td>10,000</td><td>$850</td><td>2,500</td><td>1-2-2-2</td></tr><tr><td>COMBO: 4-WAY BOX</td><td>$600</td><td>2,500</td><td>$170</td><td>625</td><td>1-2-2-2</td></tr><tr><td>COMBO: 6-WAY STRAIGHT</td><td>$2,900</td><td>10,000</td><td>$795</td><td>2,500</td><td>1-2-1-2</td></tr><tr><td>COMBO: 6-WAY BOX</td><td>$400</td><td>1,667</td><td>$115</td><td>417</td><td>1-2-1-2</td></tr><tr><td>COMBO: 12-WAY STRAIGHT</td><td>$2,700</td><td>10,000</td><td>$738</td><td>2,500</td><td>1-2-3-3</td></tr><tr><td>COMBO: 12-WAY BOX</td><td>$200</td><td>833</td><td>$58</td><td>208</td><td>1-2-3-3</td></tr><tr><td>COMBO: 24-WAY STRAIGHT</td><td>$2,600</td><td>10,000</td><td>$709</td><td>2,500</td><td>1-2-3-4</td></tr><tr><td>COMBO: 24-WAY BOX</td><td>$100</td><td>417</td><td>$29</td><td>104</td><td>1-2-3-4</td></tr><tr><td colspan=""6"">BOX:&nbsp;Selected numbers may match winningnumbers in any order</td></tr><tr><td>BOX: 4-WAY</td><td>$1,200</td><td>2,500</td><td>$340</td><td>625</td><td>1-2-2-2</td></tr><tr><td>BOX: 6-WAY</td><td>$800</td><td>1,667</td><td>$230</td><td>417</td><td>1-2-1-2</td></tr><tr><td>BOX: 12-WAY</td><td>$400</td><td>833</td><td>$116</td><td>208</td><td>1-2-3-3</td></tr><tr><td>BOX: 24-WAY</td><td>$200</td><td>417</td><td>$58</td><td>104</td><td>1-2-3-4</td></tr><tr><td colspan=""6"">WHEEL:&nbsp;Every combination of the numbers youselect are played as straight. Ticket cost is determined by playamount and number of combinations.</td></tr><tr><td>WHEEL: 4-WAY</td><td>$5,000</td><td>2,500</td><td>$1,360</td><td>625</td><td>1-2-2-2</td></tr><tr><td>WHEEL: 6-WAY</td><td>$5,000</td><td>1,667</td><td>$1,360</td><td>417</td><td>1-2-1-2</td></tr><tr><td>WHEEL: 12-WAY</td><td>$5,000</td><td>833</td><td>$1,360</td><td>208</td><td>1-2-3-3</td></tr><tr><td>WHEEL: 24-WAY</td><td>$5,000</td><td>417</td><td>$1,360</td><td>104</td><td>1-2-3-4</td></tr><tr><td colspan=""6"">FRONT 3/BACK 3:&nbsp;First/Last three selectednumbers match in the exact order drawn.</td></tr><tr><td>STRAIGHT</td><td>$500</td><td>1,000</td><td>$180</td><td>333</td><td>1-2-3-X/X-2-3-4</td></tr><tr><td>BOX: 3-WAY</td><td>$160</td><td>333</td><td>$60</td><td>111</td><td>1-2-2-X/X-2-2-4</td></tr><tr><td>BOX: 6-WAY</td><td>$80</td><td>167</td><td>$30</td><td>56</td><td>1-2-3-X/X-2-3-4</td></tr><tr><td>COMBO: 3-WAY STRAIGHT</td><td>$330</td><td>1,000</td><td>$120</td><td>333</td><td>1-2-2-X/X-2-2-4</td></tr><tr><td>COMBO: 3-WAY BOX</td><td>$80</td><td>333</td><td>$30</td><td>111</td><td>1-2-2-X/X-2-2-4</td></tr><tr><td>COMBO: 6-WAY STRAIGHT</td><td>$290</td><td>1,000</td><td>$105</td><td>333</td><td>1-2-3-X/X-2-3-4</td></tr><tr><td>COMBO: 6-WAY BOX</td><td>$40</td><td>167</td><td>$15</td><td>56</td><td>1-2-3-X/X-2-3-4</td></tr><tr><td>WHEEL: 3-WAY</td><td>$500</td><td>333</td><td>$180</td><td>111</td><td>1-2-2-X/X-2-2-4</td></tr><tr><td>WHEEL: 6-WAY</td><td>$500</td><td>167</td><td>$180</td><td>56</td><td>1-2-3-X/X-2-3-4</td></tr><tr><td colspan=""6"">1-OFF:&nbsp;Selected numbers may be either onehigher or one lower than the winning numbers to win. 1-OFF does notpay on a Straight.</td></tr><tr><td>1 DIGITS 1-OFF</td><td>$300</td><td>1,250</td><td>NA</td><td>NA</td><td>1-2-3-X</td></tr><tr><td>2 DIGITS 1-OFF</td><td>$40</td><td>417</td><td>NA</td><td>NA</td><td>1-2-X-X</td></tr><tr><td>3 DIGITS 1-OFF</td><td>$26</td><td>313</td><td>NA</td><td>NA</td><td>1-X-X-X</td></tr><tr><td>4 DIGITS 1-OFF</td><td>$52</td><td>625</td><td>NA</td><td>NA</td><td>X-X-X-X</td></tr></tbody></table>",F,"4+1","4-Digits + 1 (SB)",INC,F,F,,,"1$",upto 28 consecutive draws,"Mon-Sun, 10 minutes before draw time"
368,Daily4 Evening,Indiana-Daily4 Evening,"11:00 PM",US/Eastern,"11:00 PM",Choose 4 digits from 0 to 9.,"4-Digits+1",$500,,F,F,,,F,F,Active,"<table class=""table table-bordered""><thead><tr class=""result-table-heading""><th colspan=""6"">Daily 4 with SUPERBALL Prize Structure $1Wager</th></tr><tr class=""result-table-heading""><th>PLAY TYPE</th><th>PRIZE</th><th>ODDS (1 in)</th><th>SUPERBALL PRIZE</th><th>ODDS (1 in)</th><th>EXAMPLE</th></tr></thead><tbody><tr><td colspan=""6"">STRAIGHT:&nbsp;Selected numbers must match winningnumbers in exact order.</td></tr><tr><td>STRAIGHT</td><td>$5,000</td><td>10,000</td><td>$1,360</td><td>2,500</td><td>1-2-3-4</td></tr><tr><td colspan=""6"">COMBO:&nbsp;Selected numbers may match winningnumbers in exact order (Straight) or any order (Box). (Minimum $1play)</td></tr><tr><td>COMBO: 4-WAY STRAIGHT</td><td>$3,100</td><td>10,000</td><td>$850</td><td>2,500</td><td>1-2-2-2</td></tr><tr><td>COMBO: 4-WAY BOX</td><td>$600</td><td>2,500</td><td>$170</td><td>625</td><td>1-2-2-2</td></tr><tr><td>COMBO: 6-WAY STRAIGHT</td><td>$2,900</td><td>10,000</td><td>$795</td><td>2,500</td><td>1-2-1-2</td></tr><tr><td>COMBO: 6-WAY BOX</td><td>$400</td><td>1,667</td><td>$115</td><td>417</td><td>1-2-1-2</td></tr><tr><td>COMBO: 12-WAY STRAIGHT</td><td>$2,700</td><td>10,000</td><td>$738</td><td>2,500</td><td>1-2-3-3</td></tr><tr><td>COMBO: 12-WAY BOX</td><td>$200</td><td>833</td><td>$58</td><td>208</td><td>1-2-3-3</td></tr><tr><td>COMBO: 24-WAY STRAIGHT</td><td>$2,600</td><td>10,000</td><td>$709</td><td>2,500</td><td>1-2-3-4</td></tr><tr><td>COMBO: 24-WAY BOX</td><td>$100</td><td>417</td><td>$29</td><td>104</td><td>1-2-3-4</td></tr><tr><td colspan=""6"">BOX:&nbsp;Selected numbers may match winningnumbers in any order</td></tr><tr><td>BOX: 4-WAY</td><td>$1,200</td><td>2,500</td><td>$340</td><td>625</td><td>1-2-2-2</td></tr><tr><td>BOX: 6-WAY</td><td>$800</td><td>1,667</td><td>$230</td><td>417</td><td>1-2-1-2</td></tr><tr><td>BOX: 12-WAY</td><td>$400</td><td>833</td><td>$116</td><td>208</td><td>1-2-3-3</td></tr><tr><td>BOX: 24-WAY</td><td>$200</td><td>417</td><td>$58</td><td>104</td><td>1-2-3-4</td></tr><tr><td colspan=""6"">WHEEL:&nbsp;Every combination of the numbers youselect are played as straight. Ticket cost is determined by playamount and number of combinations.</td></tr><tr><td>WHEEL: 4-WAY</td><td>$5,000</td><td>2,500</td><td>$1,360</td><td>625</td><td>1-2-2-2</td></tr><tr><td>WHEEL: 6-WAY</td><td>$5,000</td><td>1,667</td><td>$1,360</td><td>417</td><td>1-2-1-2</td></tr><tr><td>WHEEL: 12-WAY</td><td>$5,000</td><td>833</td><td>$1,360</td><td>208</td><td>1-2-3-3</td></tr><tr><td>WHEEL: 24-WAY</td><td>$5,000</td><td>417</td><td>$1,360</td><td>104</td><td>1-2-3-4</td></tr><tr><td colspan=""6"">FRONT 3/BACK 3:&nbsp;First/Last three selectednumbers match in the exact order drawn.</td></tr><tr><td>STRAIGHT</td><td>$500</td><td>1,000</td><td>$180</td><td>333</td><td>1-2-3-X/X-2-3-4</td></tr><tr><td>BOX: 3-WAY</td><td>$160</td><td>333</td><td>$60</td><td>111</td><td>1-2-2-X/X-2-2-4</td></tr><tr><td>BOX: 6-WAY</td><td>$80</td><td>167</td><td>$30</td><td>56</td><td>1-2-3-X/X-2-3-4</td></tr><tr><td>COMBO: 3-WAY STRAIGHT</td><td>$330</td><td>1,000</td><td>$120</td><td>333</td><td>1-2-2-X/X-2-2-4</td></tr><tr><td>COMBO: 3-WAY BOX</td><td>$80</td><td>333</td><td>$30</td><td>111</td><td>1-2-2-X/X-2-2-4</td></tr><tr><td>COMBO: 6-WAY STRAIGHT</td><td>$290</td><td>1,000</td><td>$105</td><td>333</td><td>1-2-3-X/X-2-3-4</td></tr><tr><td>COMBO: 6-WAY BOX</td><td>$40</td><td>167</td><td>$15</td><td>56</td><td>1-2-3-X/X-2-3-4</td></tr><tr><td>WHEEL: 3-WAY</td><td>$500</td><td>333</td><td>$180</td><td>111</td><td>1-2-2-X/X-2-2-4</td></tr><tr><td>WHEEL: 6-WAY</td><td>$500</td><td>167</td><td>$180</td><td>56</td><td>1-2-3-X/X-2-3-4</td></tr><tr><td colspan=""6"">1-OFF:&nbsp;Selected numbers may be either onehigher or one lower than the winning numbers to win. 1-OFF does notpay on a Straight.</td></tr><tr><td>1 DIGITS 1-OFF</td><td>$300</td><td>1,250</td><td>NA</td><td>NA</td><td>1-2-3-X</td></tr><tr><td>2 DIGITS 1-OFF</td><td>$40</td><td>417</td><td>NA</td><td>NA</td><td>1-2-X-X</td></tr><tr><td>3 DIGITS 1-OFF</td><td>$26</td><td>313</td><td>NA</td><td>NA</td><td>1-X-X-X</td></tr><tr><td>4 DIGITS 1-OFF</td><td>$52</td><td>625</td><td>NA</td><td>NA</td><td>X-X-X-X</td></tr></tbody></table>",F,"4+1","4-Digits + 1 (SB)",IND,F,F,,,"1$",upto 28 consecutive draws,"Mon-Sun, 21 minutes before draw time"
369,Mix and Match,Indiana-Mix and Match,"10:50 PM",US/Eastern,"10:50 PM",,"6/53",,,F,F,,,F,F,Ignore,,F,"6+1","6/53 + XTRA",,F,F,,,,,
370,Cash 5,Indiana-Cash 5,"11:00 PM",US/Eastern,"11:00 PM",,"5/45",,,F,F,,,F,F,Active,"<table class=""table table-bordered""><thead><tr class=""result-table-heading""><th>MATCH</th><th>ODDS</th><th>PRIZE</th></tr></thead><tbody><tr><td>2/5</td><td>1 in 12</td><td>FREE&nbsp;$1&nbsp;CA$H 5&nbsp;Ticket</td></tr><tr><td>3/5</td><td>1 in 157</td><td>$15</td></tr><tr><td>4/5</td><td>1 in 6,109</td><td>$200</td></tr><tr><td>5/5</td><td>1 in 1,221,759</td><td>Estimated Jackpot</td></tr><tr><td colspan=""3"">Overall Odds: 1 in 11</td></tr></tbody></table>",F,"5","5/45",IN8,T,F,,,"1$",upto 28 consecutive draws,"Mon-Sun, 21 minutes before draw time"
371,Quick Draw Evening,Indiana-Quick Draw Evening,"11:00 PM",US/Eastern,"11:00 PM",select 10 numbers from 1 to 80.,"10/80","$300,000",,F,F,,,F,F,Active,"<table class=""table table-bordered""><thead><tr class=""result-table-heading""><th>Pick Match</th><th>Quick Draw Prize</th><th>Bullseye Prize</th><th>Total Prize Won (Quick Draw Prize + Bullseye Prize)</th></tr></thead><tbody><tr><td>10</td><td>$300,000</td><td>$200,000</td><td>$500,000</td></tr><tr><td>9</td><td>$4,000</td><td>$6,000</td><td>$10,000</td></tr><tr><td>8</td><td>$250</td><td>$750</td><td>$1,000</td></tr><tr><td>7</td><td>$35</td><td>$90</td><td>$125</td></tr><tr><td>6</td><td>$15</td><td>$20</td><td>$35</td></tr><tr><td>5</td><td>$5</td><td>$5</td><td>$10</td></tr><tr><td>4</td><td>$0</td><td>$3</td><td>$3</td></tr><tr><td>3</td><td>$0</td><td>$2</td><td>$2</td></tr><tr><td>2</td><td>$0</td><td>$3</td><td>$3</td></tr><tr><td>1</td><td>$0</td><td>$5</td><td>$5</td></tr><tr><td>0</td><td>Free Ticket</td><td>####</td><td>Free Ticket</td></tr><tr><td>Overall Odds</td><td>1 in 9.1</td><td>1 in 8</td><td>1 in 4.3</td></tr></tbody></table>",F,"20+1","10/80 + 1 (BE)",IN7,F,F,,,"1$",upto 28 consecutive draws,"Mon-Sun, 21 minutes before draw time"
372,Poker Lotto,Indiana-Poker Lotto,"11:00 PM",US/Eastern,"11:00 PM",,"6/53",,,F,F,,,F,F,Ignore,,T,"6+1","6/53 + XTRA",,F,F,,,"2$",,
373,Pick 3 Midday,Iowa-Pick 3 Midday,"12:20 PM",US/Central,"01:20 PM",Choose 3 digits from 0 to 9.,"3-Digits",$600,,F,F,,,F,F,Active,"<table class=""table table-bordered""><thead><tr class=""result-table-heading""><th><strong>Play</strong></th><th><strong>Odds</strong></th><th><strong>$1</strong></th></tr></thead><tbody><tr><td><p>Straight</p></td><td><p>1 in 1,000</p></td><td><p>$600</p></td></tr><tr><td><p>Box 6-Way</p></td><td><p>1 in 167</p></td><td><p>$100</p></td></tr><tr><td><p>Box 3-Way</p></td><td><p>1 in 333</p></td><td><p>$200</p></td></tr><tr><td><p>Straight/Box<br /> 6-Way Exact</p></td><td><p>1 in 1,000</p></td><td><p>$350</p></td></tr><tr><td><p>Straight/Box<br /> 6-Way Any</p></td><td><p>1 in 167</p></td><td><p>$50</p></td></tr><tr><td><p>Straight/Box<br /> 3-Way Exact</p></td><td><p>1 in 1,000</p></td><td><p>$400</p></td></tr><tr><td><p>Straight/Box<br /> 3-Way Any</p></td><td><p>1 in 333</p></td><td><p>$100</p></td></tr><tr><td><p>Front Pair</p></td><td><p>1 in 100</p></td><td><p>$60</p></td></tr><tr><td><p>Back Pair</p></td><td><p>1 in 100</p></td><td><p>$60</p></td></tr></tbody></table>",F,"3","3-Digits",IAA,F,F,,,"1$",upto 8 consecutive draws,"Mon-Sun, 20 minutes before draw time"
374,Pick 3 Evening,Iowa-Pick 3 Evening,"11:00 PM",US/Central,"10:00 PM",Choose 3 digits from 0 to 9.,"3-Digits",$600,,F,F,,,F,F,Active,"<table class=""table table-bordered""><thead><tr class=""result-table-heading""><th><strong>Play</strong></th><th><strong>Odds</strong></th><th><strong>$1</strong></th></tr></thead><tbody><tr><td><p>Straight</p></td><td><p>1 in 1,000</p></td><td><p>$600</p></td></tr><tr><td><p>Box 6-Way</p></td><td><p>1 in 167</p></td><td><p>$100</p></td></tr><tr><td><p>Box 3-Way</p></td><td><p>1 in 333</p></td><td><p>$200</p></td></tr><tr><td><p>Straight/Box<br /> 6-Way Exact</p></td><td><p>1 in 1,000</p></td><td><p>$350</p></td></tr><tr><td><p>Straight/Box<br /> 6-Way Any</p></td><td><p>1 in 167</p></td><td><p>$50</p></td></tr><tr><td><p>Straight/Box<br /> 3-Way Exact</p></td><td><p>1 in 1,000</p></td><td><p>$400</p></td></tr><tr><td><p>Straight/Box<br /> 3-Way Any</p></td><td><p>1 in 333</p></td><td><p>$100</p></td></tr><tr><td><p>Front Pair</p></td><td><p>1 in 100</p></td><td><p>$60</p></td></tr><tr><td><p>Back Pair</p></td><td><p>1 in 100</p></td><td><p>$60</p></td></tr></tbody></table>",F,"3","3-Digits",IAB,F,F,,,"1$",upto 8 consecutive draws,"Mon-Sun, 20 minutes before draw time"
375,Pick 4 Midday,Iowa-Pick 4 Midday,"12:20 PM",US/Central,"01:20 PM",Choose 4 digits from 0 to 9.,"4-Digits","$6,000",,F,F,,,F,F,Active,"<table class=""table table-bordered""><thead><tr class=""result-table-heading""><th><strong>Play</strong></th><th><strong>Odds</strong></th><th><strong>$1</strong></th></tr><tr><td><p>Straight</p></td><td><p>1 in 10,000</p></td><td><p>$6,000</p></td></tr><tr><td><p>Box 24-way<br />(4 unique #s)</p></td><td><p>1 in 417</p></td><td><p>$250</p></td></tr><tr><td><p>Box 12-Way<br />(2 identical #s)</p></td><td><p>1 in 833</p></td><td><p>$500</p></td></tr><tr><td><p>Box 6-way<br />(2 pairs identical #s)</p></td><td><p>1 in 1,667</p></td><td><p>$1,000</p></td></tr><tr><td><p>Box 4-way<br />(3 identical #s)</p></td><td><p>1 in 2,500</p></td><td><p>$1,500</p></td></tr><tr><td><p>Straight/Box<br />4-way Exact</p></td><td><p>1 in 10,000</p></td><td><p>$3,750</p></td></tr><tr><td><p>Straight/Box<br />4-way Any</p></td><td><p>1 in 2,500</p></td><td><p>$750</p></td></tr><tr><td><p>Straight/Box<br />6-way Exact</p></td><td><p>1 in 10,000</p></td><td><p>$3,500</p></td></tr><tr><td><p>Straight/Box<br />6-way Any</p></td><td><p>1 in 1,167</p></td><td><p>$500</p></td></tr><tr><td><p>Straight/Box<br />12-way Exact</p></td><td><p>1 in 10,000</p></td><td><p>$3,250</p></td></tr><tr><td><p>Straight/Box<br />12-way Any</p></td><td><p>1 in 833</p></td><td><p>$250</p></td></tr><tr><td><p>Straight/Box<br />24-way Exact</p></td><td><p>1 in 10,000</p></td><td><p>$3,125</p></td></tr><tr><td><p>Straight/Box<br />24-way Any</p></td><td><p>1 in 417</p></td><td><p>$125</p></td></tr><tr><td><p>Front Pair</p></td><td><p>1 in 100</p></td><td><p>$60</p></td></tr><tr><td><p>Back Pair</p></td><td><p>1 in 100</p></td><td><p>$60</p></td></tr></thead></table>",F,"4","4-Digits",IAC,F,F,,,"1$",upto 8 consecutive draws,"Mon-Sun, 20 minutes before draw time"
376,Pick 4 Evening,Iowa-Pick 4 Evening,"11:00 PM",US/Central,"10:00 PM",Choose 4 digits from 0 to 9.,"4-Digits","$6,000",,F,F,,,F,F,Active,"<table class=""table table-bordered""><thead><tr class=""result-table-heading""><th><strong>Play</strong></th><th><strong>Odds</strong></th><th><strong>$1</strong></th></tr><tr><td><p>Straight</p></td><td><p>1 in 10,000</p></td><td><p>$6,000</p></td></tr><tr><td><p>Box 24-way<br />(4 unique #s)</p></td><td><p>1 in 417</p></td><td><p>$250</p></td></tr><tr><td><p>Box 12-Way<br />(2 identical #s)</p></td><td><p>1 in 833</p></td><td><p>$500</p></td></tr><tr><td><p>Box 6-way<br />(2 pairs identical #s)</p></td><td><p>1 in 1,667</p></td><td><p>$1,000</p></td></tr><tr><td><p>Box 4-way<br />(3 identical #s)</p></td><td><p>1 in 2,500</p></td><td><p>$1,500</p></td></tr><tr><td><p>Straight/Box<br />4-way Exact</p></td><td><p>1 in 10,000</p></td><td><p>$3,750</p></td></tr><tr><td><p>Straight/Box<br />4-way Any</p></td><td><p>1 in 2,500</p></td><td><p>$750</p></td></tr><tr><td><p>Straight/Box<br />6-way Exact</p></td><td><p>1 in 10,000</p></td><td><p>$3,500</p></td></tr><tr><td><p>Straight/Box<br />6-way Any</p></td><td><p>1 in 1,167</p></td><td><p>$500</p></td></tr><tr><td><p>Straight/Box<br />12-way Exact</p></td><td><p>1 in 10,000</p></td><td><p>$3,250</p></td></tr><tr><td><p>Straight/Box<br />12-way Any</p></td><td><p>1 in 833</p></td><td><p>$250</p></td></tr><tr><td><p>Straight/Box<br />24-way Exact</p></td><td><p>1 in 10,000</p></td><td><p>$3,125</p></td></tr><tr><td><p>Straight/Box<br />24-way Any</p></td><td><p>1 in 417</p></td><td><p>$125</p></td></tr><tr><td><p>Front Pair</p></td><td><p>1 in 100</p></td><td><p>$60</p></td></tr><tr><td><p>Back Pair</p></td><td><p>1 in 100</p></td><td><p>$60</p></td></tr></thead></table>",F,"4","4-Digits",IAD,F,F,,,"1$",upto 8 consecutive draws,"Mon-Sun, 20 minutes before draw time"
378,Pick 3,Kansas-Pick 3,"1:10 PM",US/Central,"2:10 PM",Choose 3 digits from 0 to 9.,"3-Digits",$500,,F,F,,,F,F,Active,"<table class=""table table-bordered""><thead><tr class=""result-table-heading""><th><strong>Type of Play</strong></th><th><strong>Example:You play</strong></th><th><strong>You winif we draw</strong></th><th><strong>Odds</strong></th><th><strong>$1wager</strong></th></tr></thead><tbody><tr><td><p>""Exact order""(Straight)</p></td><td><p>123</p></td><td><p>123</p></td><td><p>1:1,000</p></td><td><p>$500</p></td></tr><tr><td><p>""Any order""(6-way box)</p></td><td><p>123</p></td><td><p>123,132,231,213,321,312</p></td><td><p>1:166.67</p></td><td><p>$80</p></td></tr><tr><td><p>""Any order""(3-way box)(Where two digits are the same)</p></td><td><p>112</p></td><td><p>112,121,211</p></td><td><p>1:333.33</p></td><td><p>$160</p></td></tr></tbody></table>",F,"3","3-Digits",KSB,F,F,,,"1$",upto 28 consecutive draws,"Mon-Sun, 11 minutes before draw time"
379,Pick 3 Midday,Kentucky-Pick 3 Midday,"1:25 PM",US/Eastern,"01:25 PM",Choose 3 digits from 0 to 9.,"3-Digits",$600,,F,F,,,F,F,Active,"<table class=""table table-bordered""><thead><tr class=""result-table-heading""><th><strong>PLAY TYPE</strong></th><th><strong>IF YOU PLAYED</strong></th><th><strong>WINNING COMBINATIONS</strong></th><th><strong>$1.00 WAGER PRIZE</strong></th><th><strong>ODDS*</strong></th></tr></thead><tbody><tr><td><p><strong>Straight</strong></p></td><td><p><strong>123</strong></p></td><td><p><strong>123</strong></p></td><td><p><strong>$300</strong></p></td><td><p><strong>1:1,000</strong></p></td></tr><tr><td><p><strong>1-OFF one digit</strong></p></td><td><p><strong>123</strong></p></td><td><p><strong>023 113 122 124 133 223</strong></p></td><td><p><strong>$29</strong></p></td><td><p><strong>1:167</strong></p></td></tr><tr><td><p><strong>1-OFF two digits</strong></p></td><td><p><strong>123</strong></p></td><td><p><strong>013 022 024 033 112<br />114 132 134 213 222<br />224 233</strong></p></td><td><p><strong>$4</strong></p></td><td><p><strong>1:84</strong></p></td></tr><tr><td><p><strong>1-OFF three digits</strong></p></td><td><p><strong>123</strong></p></td><td><p><strong>012 014 032 034 212<br />214 232 234</strong></p></td><td><p><strong>$9</strong></p></td><td><p><strong>1:125</strong></p></td></tr></tbody></table>",F,"3","3-Digits",KYA,F,F,,,"1$",upto 7 consecutive draws,"Mon-Sun, on or before draw time"
380,Pick 3 Evening,Kentucky-Pick 3 Evening,"11:00 PM",US/Eastern,"11:00 PM",Choose 3 digits from 0 to 9.,"3-Digits",$600,,F,F,,,F,F,Active,"<table class=""table table-bordered""><thead><tr class=""result-table-heading""><th><strong>PLAY TYPE</strong></th><th><strong>IF YOU PLAYED</strong></th><th><strong>WINNING COMBINATIONS</strong></th><th><strong>$1.00 WAGER PRIZE</strong></th><th><strong>ODDS*</strong></th></tr></thead><tbody><tr><td><p><strong>Straight</strong></p></td><td><p><strong>123</strong></p></td><td><p><strong>123</strong></p></td><td><p><strong>$300</strong></p></td><td><p><strong>1:1,000</strong></p></td></tr><tr><td><p><strong>1-OFF one digit</strong></p></td><td><p><strong>123</strong></p></td><td><p><strong>023 113 122 124 133 223</strong></p></td><td><p><strong>$29</strong></p></td><td><p><strong>1:167</strong></p></td></tr><tr><td><p><strong>1-OFF two digits</strong></p></td><td><p><strong>123</strong></p></td><td><p><strong>013 022 024 033 112<br />114 132 134 213 222<br />224 233</strong></p></td><td><p><strong>$4</strong></p></td><td><p><strong>1:84</strong></p></td></tr><tr><td><p><strong>1-OFF three digits</strong></p></td><td><p><strong>123</strong></p></td><td><p><strong>012 014 032 034 212<br />214 232 234</strong></p></td><td><p><strong>$9</strong></p></td><td><p><strong>1:125</strong></p></td></tr></tbody></table>",F,"3","3-Digits",KYB,F,F,,,"1$",upto 7 consecutive draws,"Mon-Sun, 5 minutes before draw time"
381,Pick 4 Midday,Kentucky-Pick 4 Midday,"1:25 PM",US/Eastern,"01:25 PM",Choose 4 digits from 0 to 9.,"4-Digits","$5,000",,F,F,,,F,F,Active,"<table class=""table table-bordered""><thead><tr class=""result-table-heading""><th><strong>PLAY TYPE</strong></th><th><strong>IF YOU PLAYED</strong></th><th><strong>WINNING COMBINATIONS</strong></th><th><strong>$1.00 WAGER PRIZE</strong></th><th><strong>ODDS*</strong></th></tr><tr><td><p><strong>Straight</strong></p></td><td><p><strong>1234</strong></p></td><td><p><strong>1234</strong></p></td><td><p><strong>$2,500</strong></p></td><td><p><strong>1:10,000</strong></p></td></tr><tr><td><p><strong>1-OFF one digit</strong></p></td><td><p><strong>1234</strong></p></td><td><p><strong>0234&nbsp;1134&nbsp;1224&nbsp;1233&nbsp;1235<br />1244&nbsp;1334&nbsp;2234</strong></p></td><td><p><strong>$124</strong></p></td><td><p><strong>1:1,250</strong></p></td></tr><tr><td><p><strong>1-OFF two digits</strong></p></td><td><p><strong>1234</strong></p></td><td><p><strong>0134&nbsp;0224&nbsp;0233&nbsp;0235&nbsp;0244<br />0334&nbsp;1124&nbsp;1133&nbsp;1135&nbsp;1144<br />1223&nbsp;1225&nbsp;1243&nbsp;1245&nbsp;1324<br />1333&nbsp;1335&nbsp;1344&nbsp;2134&nbsp;2224<br />2233&nbsp;2235&nbsp;2244&nbsp;2334</strong></p></td><td><p><strong>$24</strong></p></td><td><p><strong>1:417</strong></p></td></tr><tr><td><p><strong>1-OFF three digits</strong></p></td><td><p><strong>1234</strong></p></td><td><p><strong>0124&nbsp;0133&nbsp;0135&nbsp;0144&nbsp;0223<br />0225&nbsp;0243&nbsp;0245&nbsp;0324&nbsp;0333<br />0335&nbsp;0344&nbsp;1123&nbsp;1125&nbsp;1143<br />1145&nbsp;1323&nbsp;1325&nbsp;1343&nbsp;1345<br />2124&nbsp;2133&nbsp;2135&nbsp;2144&nbsp;2223<br />2225&nbsp;2243&nbsp;2245&nbsp;2324&nbsp;2333<br />2335&nbsp;2344</strong></p></td><td><p><strong>$14</strong></p></td><td><p><strong>1:313</strong></p></td></tr><tr><td><p><strong>1-OFF four digits</strong></p></td><td><p><strong>1234</strong></p></td><td><p><strong>0123&nbsp;0125&nbsp;0143&nbsp;0145<br />0323&nbsp;0325&nbsp;0343&nbsp;0345<br />2123&nbsp;2125&nbsp;2143&nbsp;2145<br />2323&nbsp;2325&nbsp;2343&nbsp;2345</strong></p></td><td><p><strong>$32</strong></p></td><td><p><strong>1:625</strong></p></td></tr></thead></table>",F,"4","4-Digits",KYC,F,F,,,"1$",upto 7 consecutive draws,"Mon-Sun, on or before draw time"
382,Pick 4 Evening,Kentucky-Pick 4 Evening,"11:00 PM",US/Eastern,"11:00 PM",Choose 4 digits from 0 to 9.,"4-Digits","$5,000",,F,F,,,F,F,Active,"<table class=""table table-bordered""><thead><tr class=""result-table-heading""><th><strong>PLAY TYPE</strong></th><th><strong>IF YOU PLAYED</strong></th><th><strong>WINNING COMBINATIONS</strong></th><th><strong>$1.00 WAGER PRIZE</strong></th><th><strong>ODDS*</strong></th></tr><tr><td><p><strong>Straight</strong></p></td><td><p><strong>1234</strong></p></td><td><p><strong>1234</strong></p></td><td><p><strong>$2,500</strong></p></td><td><p><strong>1:10,000</strong></p></td></tr><tr><td><p><strong>1-OFF one digit</strong></p></td><td><p><strong>1234</strong></p></td><td><p><strong>0234&nbsp;1134&nbsp;1224&nbsp;1233&nbsp;1235<br />1244&nbsp;1334&nbsp;2234</strong></p></td><td><p><strong>$124</strong></p></td><td><p><strong>1:1,250</strong></p></td></tr><tr><td><p><strong>1-OFF two digits</strong></p></td><td><p><strong>1234</strong></p></td><td><p><strong>0134&nbsp;0224&nbsp;0233&nbsp;0235&nbsp;0244<br />0334&nbsp;1124&nbsp;1133&nbsp;1135&nbsp;1144<br />1223&nbsp;1225&nbsp;1243&nbsp;1245&nbsp;1324<br />1333&nbsp;1335&nbsp;1344&nbsp;2134&nbsp;2224<br />2233&nbsp;2235&nbsp;2244&nbsp;2334</strong></p></td><td><p><strong>$24</strong></p></td><td><p><strong>1:417</strong></p></td></tr><tr><td><p><strong>1-OFF three digits</strong></p></td><td><p><strong>1234</strong></p></td><td><p><strong>0124&nbsp;0133&nbsp;0135&nbsp;0144&nbsp;0223<br />0225&nbsp;0243&nbsp;0245&nbsp;0324&nbsp;0333<br />0335&nbsp;0344&nbsp;1123&nbsp;1125&nbsp;1143<br />1145&nbsp;1323&nbsp;1325&nbsp;1343&nbsp;1345<br />2124&nbsp;2133&nbsp;2135&nbsp;2144&nbsp;2223<br />2225&nbsp;2243&nbsp;2245&nbsp;2324&nbsp;2333<br />2335&nbsp;2344</strong></p></td><td><p><strong>$14</strong></p></td><td><p><strong>1:313</strong></p></td></tr><tr><td><p><strong>1-OFF four digits</strong></p></td><td><p><strong>1234</strong></p></td><td><p><strong>0123&nbsp;0125&nbsp;0143&nbsp;0145<br />0323&nbsp;0325&nbsp;0343&nbsp;0345<br />2123&nbsp;2125&nbsp;2143&nbsp;2145<br />2323&nbsp;2325&nbsp;2343&nbsp;2345</strong></p></td><td><p><strong>$32</strong></p></td><td><p><strong>1:625</strong></p></td></tr></thead></table>",F,"4","4-Digits",KYD,F,F,,,"1$",upto 7 consecutive draws,"Mon-Sun, 5 minutes before draw time"
383,Cash Ball,Kentucky-Cash Ball,"11:00 PM",US/Eastern,"11:00 PM",Choose 4 numbers from 1 to 35 and 1 cash ball from 1 to 25.,"4/35+1/25","$225,000",,F,F,,,F,F,Active,"<table class=""table table-bordered""><thead><tr class=""result-table-heading""><th><strong>Match</strong></th><th><strong>Odds</strong></th><th><strong>$1<br /><br /></strong></th></tr></thead><tbody><tr><td><p>4 Match + 1 cash ball</p></td><td><p>1:1,309,000</p></td><td><p>$225,000</p></td></tr><tr><td><p>4 Match</p></td><td><p>1:54,542</p></td><td><p>$2,250</p></td></tr><tr><td><p>3 Match + 1 cash ball</p></td><td><p>1:10,556</p></td><td><p>$225</p></td></tr><tr><td><p>3 Match</p></td><td><p>1:440</p></td><td><p>$50</p></td></tr><tr><td><p>2 Match + 1 cash ball</p></td><td><p>1:469</p></td><td><p>$25</p></td></tr><tr><td><p>2 Match</p></td><td><p>1:20</p></td><td><p>$1</p></td></tr><tr><td><p>1 Match + 1 cash ball</p></td><td><p>1:73</p></td><td><p>$5</p></td></tr><tr><td><p>1 cash ball</p></td><td><p>1:42</p></td><td><p>Free Play</p></td></tr></tbody></table>",F,"4+1","4/35 + 1/35 (Cash Ball)",KY1,F,F,,,"1$",upto 21 consecutive draws,"Mon-Sun, 5 minutes before draw time"
384,"5 Card Cash",Kentucky-5 Card Cash,"10:00 PM",US/Eastern,"10:00 PM",,PlayingCardGame,"$100,000",,F,F,,,F,F,Ignore,"<table class=""table table-bordered""><thead><tr class=""result-table-heading""><th><strong>MATCH</strong></th><th><strong>PRIZE</strong></th><th><strong>ODDS PER PLAY</strong></th></tr></thead><tbody><tr><td><p><strong>MATCH 5</strong></p></td><td><p><strong>$100,000*</strong></p></td><td><p><strong>1:2,598,960</strong></p></td></tr><tr><td><p><strong>MATCH 4</strong></p></td><td><p><strong>$500</strong></p></td><td><p><strong>1:11,059</strong></p></td></tr><tr><td><p><strong>MATCH 3</strong></p></td><td><p><strong>$25</strong></p></td><td><p><strong>1:240</strong></p></td></tr><tr><td><p><strong>MATCH 2</strong></p></td><td><p><strong>$3</strong></p></td><td><p><strong>1:16</strong></p></td></tr></tbody></table>",T,"5",Playing Card Game,KYF,F,F,,,"1$",,
385,Pick 3,Louisiana-Pick 3,"9:59 PM",US/Central,"10:59 PM",Choose 3 digits from 0 to 9.,"3-Digits",$500,,F,F,,,F,F,Active,"<table class=""table table-bordered""><thead><tr class=""result-table-heading""><th><p><strong>PLAY TYPES</strong></p></th><th><p><strong>EXAMPLES</strong></p></th><th><p><strong>WINNING COMBINATIONS</strong></p></th><th><p><strong>50&cent; PLAY</strong></p></th><th><p><strong>$1.00 PLAY</strong></p></th></tr></thead><tbody><tr><td><p><strong>Straight<br /> (Exact Order)</strong></p></td></tr><tr><td><p><strong>123</strong></p></td><td><p><strong>123</strong></p></td><td><p><strong>$250</strong></p></td><td><p><strong>$500</strong></p></td></tr><tr><td><p><strong>3 digits in exact order. 1 way to win. Odds - 1 in 1,000</strong></p></td></tr><tr><td><p><strong>Box<br /> (Any Order)</strong></p></td></tr><tr><td><p><strong>3-Way Box</strong></p></td><td><p><strong>122</strong></p></td><td><p><strong>122, 212, 221</strong></p></td><td><p><strong>$80</strong></p></td><td><p><strong>$160</strong></p></td></tr><tr><td><p><strong>2 identical digits in any order. Odds - 1 in 333.33</strong></p></td></tr><tr><td><p><strong>6-Way Box</strong></p></td><td><p><strong>123</strong></p></td><td><p><strong>123, 132, 213, 231, 312, 321</strong></p></td><td><p><strong>$40</strong></p></td><td><p><strong>$80</strong></p></td></tr><tr><td><p><strong>3 unique digits in any order. Odds - 1 in 166.67</strong></p></td></tr><tr><td><p><strong>Straight/Box<br /> (50&cent; Exact Order<br /> + 50&cent; Any Order)</strong></p></td></tr><tr><td><p><strong>3-Way Straight/Box</strong></p></td><td><p><strong>122</strong></p></td><td><p><strong>122 (Exact Order)</strong></p></td><td><p><strong>$330</strong></p></td></tr><tr><td><p><strong>212, 221 (Any Order)</strong></p></td><td><p><strong>OR</strong></p><p><strong>$80</strong></p></td></tr><tr><td><p><strong>Straight and Box with 2 identical digits. Odds - 1 in 1,000 / 1 in 333.33</strong></p></td></tr><tr><td><p><strong>6-Way Straight/Box</strong></p></td><td><p><strong>123</strong></p></td><td><p><strong>123 (Exact Order)</strong></p></td><td><p><strong>$290</strong></p></td></tr><tr><td><p><strong>132, 213, 231, 312, 321<br /> (Any Order)</strong></p></td><td><p><strong>OR</strong></p><p><strong>$40</strong></p></td></tr><tr><td><p><strong>Straight and Box with 3 unique digits. Odds - 1 in 1,000 / 1 in 166.67</strong></p></td></tr><tr><td><p><strong>Combo</strong></p></td></tr><tr><td><p><strong>3-Way Combo</strong></p></td><td><p><strong>122</strong></p></td><td><p><strong>122, 212, 221</strong></p></td><td><p><strong>$250<br /></strong><strong><em>$1.50 play</em></strong></p></td><td><p><strong>$500<br /></strong><strong><em>$3.00 play</em></strong></p></td></tr><tr><td><p><strong>2 identical digits in any order. Odds - 1 in 333.33</strong></p></td></tr><tr><td><p><strong>6-Way Combo</strong></p></td><td><p><strong>123</strong></p></td><td><p><strong>123, 132, 213, 231, 312, 321</strong></p></td><td><p><strong>$250<br /></strong><strong><em>$3.00 play</em></strong></p></td><td><p><strong>$500<br /></strong><strong><em>$6.00 play</em></strong></p></td></tr><tr><td><p><strong>3 unique digits in any order. Odds - 1 in 166.67</strong></p></td></tr></tbody></table>",F,"3","3-Digits",LAA,F,F,,,"1$",upto 14 consecutive draws,"Mon-Sun, 29 minutes before draw time"
386,Pick 4,Louisiana-Pick 4,"9:59 PM",US/Central,"10:59 PM",Choose 4 digits from 0 to 9.,"4-Digits","$5,000",,F,F,,,F,F,Active,"<table class=""table table-bordered""><thead><tr class=""result-table-heading""><th><strong>Type of Play</strong></th><th><strong>Odds</strong></th><th><strong>$1</strong></th></tr><tr><td><p>Straight</p></td><td><p>1:1000</p></td><td><p>$500</p></td></tr><tr><td><p>3-way box</p></td><td><p>1:333</p></td><td><p>$160</p></td></tr><tr><td><p>6-way box</p></td><td><p>1:166</p></td><td><p>$80</p></td></tr><tr><td><p>3-way combo</p></td><td><p>1:333</p></td><td><p>$500</p></td></tr><tr><td><p>6-way combo</p></td><td><p>1:166</p></td><td><p>$500</p></td></tr><tr><td><p>Str/box 3-way</p></td><td><p>1:1000/1:333</p></td><td><p>$330/$80</p></td></tr><tr><td><p>Str/box 6-way</p></td><td><p>1:1000/1:166</p></td><td><p>$290/$40</p></td></tr></thead></table>",F,"4","4-Digits",LAB,F,F,,,"1$",upto 14 consecutive draws,"Mon-Sun, 29 minutes before draw time"
387,Easy 5,Louisiana-Easy 5,"9:59 PM",US/Central,"10:59 PM",select 5 numbers from 1 to 37.,"5/37",,,F,F,,,F,F,Active,"<table class=""table table-bordered""><thead><tr class=""result-table-heading""><th><strong>MATCH</strong></th><th><strong>PRIZE</strong></th><th><strong>ODDS PER PLAY</strong></th></tr></thead><tbody><tr><td><p><strong>MATCH 5</strong></p></td><td><p><strong>$130,000</strong></p></td><td><p><strong>1:435,897</strong></p></td></tr><tr><td><p><strong>MATCH 4</strong></p></td><td><p><strong>$100</strong></p></td><td><p><strong>1:2,724</strong></p></td></tr><tr><td><p><strong>MATCH 3</strong></p></td><td><p><strong>$7</strong></p></td><td><p><strong>1:88</strong></p></td></tr><tr><td><p><strong>MATCH 2</strong></p></td><td><p><strong>$1</strong></p></td><td><p><strong>1:9</strong></p></td></tr></tbody></table>",F,"5","5/37",LA5,T,F,,,"1$",upto 20 consecutive draws,"Wed and Sat, 29 minutes before draw time"
388,Pick 3 Midday,Maryland-Pick 3 Midday,"12:28 PM",US/Eastern,"12:28 PM",Choose 3 digits from 0 to 9.,"3-Digits",$500,,F,F,,,F,F,Active,"<table class=""table table-bordered""><thead><table class=""table table-bordered""><th><p><strong>Bet Type</strong><strong><br /><br /></strong></p></th><th><p><strong>What Wins</strong></p></th><th><p><strong>Examples</strong><strong><br /> If you bet:</strong></p></th><th><p><strong>You are a winner if any of these combinations are selected</strong></p></th><th><p><strong>Payout</strong><strong><br /> 50&cent; bet</strong></p></th><th><p><strong>Payout</strong><strong><br /> $1 bet</strong></p></th></tr></thead><tbody><tr><td><p><strong>STRAIGHT</strong><br /> (Probability: 1 in 1,000)</p></td><td><p>Match in exact order</p></td><td><p>123</p></td><td><p>123</p></td><td><p><strong>$250</strong></p></td><td><p><strong>$500</strong></p></td></tr><tr><td><p><strong>3-WAY BOX</strong><br /> (Probability: 1 in 333.33)</p></td><td><p>Match in any order</p></td><td><p>113<br /> (2 digits the same)</p></td><td><p>113 131 311</p></td><td><p><strong>$80</strong></p></td><td><p><strong>$160</strong></p></td></tr><tr><td><p><strong>6-WAY BOX</strong><br /> (Probability: 1 in 166.67)</p></td><td><p>Match in any order</p></td><td><p>123<br /> (all digits different)</p></td><td><p>123 132 213 231 312 321</p></td><td><p><strong>$40</strong></p></td><td><p><strong>$80</strong></p></td></tr><tr><td><p><strong>FRONT PAIR</strong><br /> (Probability: 1 in 100)</p></td><td><p>Match first 2 digits in exact order</p></td><td><p>12x</p></td><td><p>12+ any number<br /><em>(10 ways to win)</em></p></td><td><p><strong>$25</strong></p></td><td><p><strong>$50</strong></p></td></tr><tr><td><p><strong>BACK PAIR</strong><br /> (Probability: 1 in 100)</p></td><td><p>Match last 2 digits in exact order</p></td><td><p>x23</p></td><td><p>Any number +23<br /><em>(10 ways to win)</em></p></td><td><p><strong>$25</strong></p></td><td><p><strong>$50</strong></p></td></tr><tr><td><p><strong>3-WAY COMBINATION</strong><br /> (Probability: 1 in 1,000)</p></td><td><p>Match in any order</p></td><td><p>113<br /> (2 digits the same, 3 straight bets)</p></td><td><p>113 131 311<br /><em>(minimum ticket cost $1.50)</em></p></td><td><p><strong>$250</strong></p></td><td><p><strong>$500</strong></p></td></tr><tr><td><p><strong>6-WAY COMBINATION</strong><br /> (Probability: 1 in 1,000)</p></td><td><p>Match in any order</p></td><td><p>123<br /> (all digits different, 6 straight bets)</p></td><td><p>123 132 213 231 312 321<br /><em>(minimum ticket cost $3.00)</em></p></td><td><p><strong>$250</strong></p></td><td><p><strong>$500</strong></p></td></tr><tr><td><p><strong>STRAIGHT/BOX 3-WAY</strong><br /> (Probability: 1 in 333.33)</p></td><td><p>Match in any order (different payouts)</p></td><td><p>113<br /> (2 digits the same)</p></td><td><p>Straight &amp; Box: 113<br /> Box: 131 311<br /><em>(total ticket cost $1.00)</em></p></td><td><p>Straight/Box =&nbsp;<strong>$330</strong><br /> Box Only=<strong>$80</strong></p></td></tr><tr><td><p><strong>STRAIGHT/BOX 6-WAY</strong><br /> (Probability: 1 in 166.67)</p></td><td><p>Match in any order (different payouts)</p></td><td><p>123<br /> (all digits different)</p></td><td><p>Straight &amp; Box: 123<br /> Box: 132 213 231 312 321<br /><em>(total ticket cost $1.00)</em></p></td><td><p>Straight/Box =&nbsp;<strong>$290</strong><br /> Box Only=<strong>$40</strong></p></td></tr></tbody></table>",F,"3","3-Digits",MDA,F,F,,,"1$",upto 7 consecutive draws,"Mon-Sun, 14 minutes before draw time"
389,Pick 3 Evening,Maryland-Pick 3 Evening,"7:56 PM",US/Eastern,"07:56 PM",Choose 3 digits from 0 to 9.,"3-Digits",$500,,F,F,,,F,F,Active,"<table class=""table table-bordered""><thead><table class=""table table-bordered""><th><p><strong>Bet Type</strong><strong><br /><br /></strong></p></th><th><p><strong>What Wins</strong></p></th><th><p><strong>Examples</strong><strong><br /> If you bet:</strong></p></th><th><p><strong>You are a winner if any of these combinations are selected</strong></p></th><th><p><strong>Payout</strong><strong><br /> 50&cent; bet</strong></p></th><th><p><strong>Payout</strong><strong><br /> $1 bet</strong></p></th></tr></thead><tbody><tr><td><p><strong>STRAIGHT</strong><br /> (Probability: 1 in 1,000)</p></td><td><p>Match in exact order</p></td><td><p>123</p></td><td><p>123</p></td><td><p><strong>$250</strong></p></td><td><p><strong>$500</strong></p></td></tr><tr><td><p><strong>3-WAY BOX</strong><br /> (Probability: 1 in 333.33)</p></td><td><p>Match in any order</p></td><td><p>113<br /> (2 digits the same)</p></td><td><p>113 131 311</p></td><td><p><strong>$80</strong></p></td><td><p><strong>$160</strong></p></td></tr><tr><td><p><strong>6-WAY BOX</strong><br /> (Probability: 1 in 166.67)</p></td><td><p>Match in any order</p></td><td><p>123<br /> (all digits different)</p></td><td><p>123 132 213 231 312 321</p></td><td><p><strong>$40</strong></p></td><td><p><strong>$80</strong></p></td></tr><tr><td><p><strong>FRONT PAIR</strong><br /> (Probability: 1 in 100)</p></td><td><p>Match first 2 digits in exact order</p></td><td><p>12x</p></td><td><p>12+ any number<br /><em>(10 ways to win)</em></p></td><td><p><strong>$25</strong></p></td><td><p><strong>$50</strong></p></td></tr><tr><td><p><strong>BACK PAIR</strong><br /> (Probability: 1 in 100)</p></td><td><p>Match last 2 digits in exact order</p></td><td><p>x23</p></td><td><p>Any number +23<br /><em>(10 ways to win)</em></p></td><td><p><strong>$25</strong></p></td><td><p><strong>$50</strong></p></td></tr><tr><td><p><strong>3-WAY COMBINATION</strong><br /> (Probability: 1 in 1,000)</p></td><td><p>Match in any order</p></td><td><p>113<br /> (2 digits the same, 3 straight bets)</p></td><td><p>113 131 311<br /><em>(minimum ticket cost $1.50)</em></p></td><td><p><strong>$250</strong></p></td><td><p><strong>$500</strong></p></td></tr><tr><td><p><strong>6-WAY COMBINATION</strong><br /> (Probability: 1 in 1,000)</p></td><td><p>Match in any order</p></td><td><p>123<br /> (all digits different, 6 straight bets)</p></td><td><p>123 132 213 231 312 321<br /><em>(minimum ticket cost $3.00)</em></p></td><td><p><strong>$250</strong></p></td><td><p><strong>$500</strong></p></td></tr><tr><td><p><strong>STRAIGHT/BOX 3-WAY</strong><br /> (Probability: 1 in 333.33)</p></td><td><p>Match in any order (different payouts)</p></td><td><p>113<br /> (2 digits the same)</p></td><td><p>Straight &amp; Box: 113<br /> Box: 131 311<br /><em>(total ticket cost $1.00)</em></p></td><td><p>Straight/Box =&nbsp;<strong>$330</strong><br /> Box Only=<strong>$80</strong></p></td></tr><tr><td><p><strong>STRAIGHT/BOX 6-WAY</strong><br /> (Probability: 1 in 166.67)</p></td><td><p>Match in any order (different payouts)</p></td><td><p>123<br /> (all digits different)</p></td><td><p>Straight &amp; Box: 123<br /> Box: 132 213 231 312 321<br /><em>(total ticket cost $1.00)</em></p></td><td><p>Straight/Box =&nbsp;<strong>$290</strong><br /> Box Only=<strong>$40</strong></p></td></tr></tbody></table>",F,"3","3-Digits",MDB,F,F,,,"1$",upto 7 consecutive draws,"Mon-Sun, 15 minutes before draw time"
390,Pick 4 Midday,Maryland-Pick 4 Midday,"12:28 PM",US/Eastern,"12:28 PM",Choose 4 digits from 0 to 9.,"4-Digits","$5,000",,F,F,,,F,F,Active,"<table class=""table table-bordered""><thead><tr class=""result-table-heading""><th><p><strong>Bet Type</strong><strong><br /><br /></strong></p></th><th><p><strong>What Wins</strong></p></th><th><p><strong>Examples</strong><strong><br /> If you bet:</strong></p></th><th><p><strong>You are a winner if any of these combinations are selected</strong></p></th></tr></thead><tbody><tr><td><p><strong>STRAIGHT</strong><br /> (Probability: 1 in 10,000)</p></td><td><p>Match in exact order</p></td><td><p>1234</p></td><td><p>1234</p></td></tr><tr><td><p><strong>4-WAY BOX</strong><br /> (Probability: 1 in 2,500)</p></td><td><p>Match in any order</p></td><td><p>1112<br /> (3 digits the same)</p></td><td><p>1112 1121 1211 2111</p></td></tr><tr><td><p><strong>6-WAY BOX</strong><br /> (Probability: 1 in 1,666.67)</p></td><td><p>Match in any order</p></td><td><p>1122<br /> (two pairs)</p></td><td><p>1122 2121 2112 1221 1212 2211</p></td></tr><tr><td><p><strong>12-WAY BOX</strong><br /> (Probability: 1 in 833.33)</p></td><td><p>Match in any order</p></td><td><p>1123<br /> (2 digits the same)</p></td><td><p>1123 1132 1213 1231 1321 1312 2113 2131 2311 3211 3121 3112</p></td></tr><tr><td><p><strong>24-WAY BOX</strong><br /> (Probability: 1 in 416.67)</p></td><td><p>Match in any order</p></td><td><p>1234<br /> (all digits different)</p></td><td><p>1234 1243 1324 1342 1423 1432 2134 2143 2314 2341 2413 2431 3142 3124 3214 3241 3412 3421 4123 4132 4213 4231 4312 4321</p></td></tr><tr><td><p><strong>STRAIGHT/BOX 4-WAY</strong><br /> (Probability: 1 in 2,500)</p></td><td><p>Match in any order<br /><em>(different payouts)</em></p></td><td><p>1112<br /> (3 digits the same)</p></td><td><p>One ticket with your number played straight and 4-way box<br /><em>(minimum ticket cost $1.00)</em></p></td></tr><tr><td><p><strong>STRAIGHT/BOX 6-WAY</strong><br /> (Probability: 1 in 1,666.67)</p></td><td><p>Match in any order<br /><em>(different payouts)</em></p></td><td><p>1122<br /> (two pairs)</p></td><td><p>One ticket with your number played straight and 6-way box<br /><em>(minimum ticket cost $1.00)</em></p></td></tr><tr><td><p><strong>STRAIGHT/BOX 12-WAY</strong><br /> (Probability: 1 in 833.33)</p></td><td><p>Match in any order<br /><em>(different payouts)</em></p></td><td><p>1123<br /> (2 digits the same)</p></td><td><p>One ticket with your number played straight and 12-way box<br /><em>(minimum ticket cost $1.00)</em></p></td></tr><tr><td><p><strong>STRAIGHT/BOX 24-WAY</strong><br /> (Probability: 1 in 416.67)</p></td><td><p>Match in any order<br /><em>(different payouts)</em></p></td><td><p>1234<br /> (all digits different)</p></td><td><p>One ticket with your number played straight and 24-way box<br /><em>(minimum ticket cost $1.00)</em></p></td></tr><tr><td><p><strong>4-WAY COMBINATION</strong><br /> (Probability: 1 in 2,500)</p></td><td><p>Match in any order</p></td><td><p>1112<br /> (3 digits the same, 4 straight bets)</p></td><td><p>1112 1121 1211 2111<br /><em>(minimum ticket cost $1.00)</em></p></td></tr><tr><td><p><strong>6-WAY COMBINATION</strong><br /> (Probability: 1 in 1,666.67)</p></td><td><p>Match in any order</p></td><td><p>1122<br /> (2 pairs, 6 straight bets)</p></td><td><p>1122 1212 1221 2211 2121 2112<br /><em>(minimum ticket cost $1.50)</em></p></td></tr><tr><td><p><strong>12-WAY COMBINATION</strong><br /> (Probability: 1 in 833.33)</p></td><td><p>Match in any order</p></td><td><p>1123<br /> (2 digits the same, 12 straight bets)</p></td><td><p>1123 1132 1213 1231 1321 1312 2113 2131 2311 3211 3121 3112<br /><em>(minimum ticket cost $3.00)</em></p></td></tr><tr><td><p><strong>24-WAY COMBINATION</strong><br /> (Probability: 1 in 416.67)</p></td><td><p>Match in any order</p></td><td><p>1234<br /> (all digits different, 24 straight bets)</p></td><td><p>1234 1243 1324 1342 1423 1432 2134 2143 2314 2341 2413 2431 3142 3124 3214 3241 3412 3421 4123 4132 4213 4231 4312 4321<br /><em>(minimum ticket cost $6.00)</em></p></td></tr></tbody></table>",F,"4","4-Digits",MDC,F,F,,,"1$",upto 7 consecutive draws,"Mon-Sun, 14 minutes before draw time"
391,Pick 4 Evening,Maryland-Pick 4 Evening,"7:56 PM",US/Eastern,"07:56 PM",Choose 4 digits from 0 to 9.,"4-Digits","$5,000",,F,F,,,F,F,Active,"<table class=""table table-bordered""><thead><tr class=""result-table-heading""><th><p><strong>Bet Type</strong><strong><br /><br /></strong></p></th><th><p><strong>What Wins</strong></p></th><th><p><strong>Examples</strong><strong><br /> If you bet:</strong></p></th><th><p><strong>You are a winner if any of these combinations are selected</strong></p></th></tr></thead><tbody><tr><td><p><strong>STRAIGHT</strong><br /> (Probability: 1 in 10,000)</p></td><td><p>Match in exact order</p></td><td><p>1234</p></td><td><p>1234</p></td></tr><tr><td><p><strong>4-WAY BOX</strong><br /> (Probability: 1 in 2,500)</p></td><td><p>Match in any order</p></td><td><p>1112<br /> (3 digits the same)</p></td><td><p>1112 1121 1211 2111</p></td></tr><tr><td><p><strong>6-WAY BOX</strong><br /> (Probability: 1 in 1,666.67)</p></td><td><p>Match in any order</p></td><td><p>1122<br /> (two pairs)</p></td><td><p>1122 2121 2112 1221 1212 2211</p></td></tr><tr><td><p><strong>12-WAY BOX</strong><br /> (Probability: 1 in 833.33)</p></td><td><p>Match in any order</p></td><td><p>1123<br /> (2 digits the same)</p></td><td><p>1123 1132 1213 1231 1321 1312 2113 2131 2311 3211 3121 3112</p></td></tr><tr><td><p><strong>24-WAY BOX</strong><br /> (Probability: 1 in 416.67)</p></td><td><p>Match in any order</p></td><td><p>1234<br /> (all digits different)</p></td><td><p>1234 1243 1324 1342 1423 1432 2134 2143 2314 2341 2413 2431 3142 3124 3214 3241 3412 3421 4123 4132 4213 4231 4312 4321</p></td></tr><tr><td><p><strong>STRAIGHT/BOX 4-WAY</strong><br /> (Probability: 1 in 2,500)</p></td><td><p>Match in any order<br /><em>(different payouts)</em></p></td><td><p>1112<br /> (3 digits the same)</p></td><td><p>One ticket with your number played straight and 4-way box<br /><em>(minimum ticket cost $1.00)</em></p></td></tr><tr><td><p><strong>STRAIGHT/BOX 6-WAY</strong><br /> (Probability: 1 in 1,666.67)</p></td><td><p>Match in any order<br /><em>(different payouts)</em></p></td><td><p>1122<br /> (two pairs)</p></td><td><p>One ticket with your number played straight and 6-way box<br /><em>(minimum ticket cost $1.00)</em></p></td></tr><tr><td><p><strong>STRAIGHT/BOX 12-WAY</strong><br /> (Probability: 1 in 833.33)</p></td><td><p>Match in any order<br /><em>(different payouts)</em></p></td><td><p>1123<br /> (2 digits the same)</p></td><td><p>One ticket with your number played straight and 12-way box<br /><em>(minimum ticket cost $1.00)</em></p></td></tr><tr><td><p><strong>STRAIGHT/BOX 24-WAY</strong><br /> (Probability: 1 in 416.67)</p></td><td><p>Match in any order<br /><em>(different payouts)</em></p></td><td><p>1234<br /> (all digits different)</p></td><td><p>One ticket with your number played straight and 24-way box<br /><em>(minimum ticket cost $1.00)</em></p></td></tr><tr><td><p><strong>4-WAY COMBINATION</strong><br /> (Probability: 1 in 2,500)</p></td><td><p>Match in any order</p></td><td><p>1112<br /> (3 digits the same, 4 straight bets)</p></td><td><p>1112 1121 1211 2111<br /><em>(minimum ticket cost $1.00)</em></p></td></tr><tr><td><p><strong>6-WAY COMBINATION</strong><br /> (Probability: 1 in 1,666.67)</p></td><td><p>Match in any order</p></td><td><p>1122<br /> (2 pairs, 6 straight bets)</p></td><td><p>1122 1212 1221 2211 2121 2112<br /><em>(minimum ticket cost $1.50)</em></p></td></tr><tr><td><p><strong>12-WAY COMBINATION</strong><br /> (Probability: 1 in 833.33)</p></td><td><p>Match in any order</p></td><td><p>1123<br /> (2 digits the same, 12 straight bets)</p></td><td><p>1123 1132 1213 1231 1321 1312 2113 2131 2311 3211 3121 3112<br /><em>(minimum ticket cost $3.00)</em></p></td></tr><tr><td><p><strong>24-WAY COMBINATION</strong><br /> (Probability: 1 in 416.67)</p></td><td><p>Match in any order</p></td><td><p>1234<br /> (all digits different, 24 straight bets)</p></td><td><p>1234 1243 1324 1342 1423 1432 2134 2143 2314 2341 2413 2431 3142 3124 3214 3241 3412 3421 4123 4132 4213 4231 4312 4321<br /><em>(minimum ticket cost $6.00)</em></p></td></tr></tbody></table>",F,"4","4-Digits",MDD,F,F,,,"1$",upto 7 consecutive draws,"Mon-Sun, 15 minutes before draw time"
392,Bonus Match 5,Maryland-Bonus Match 5,"7:51 PM",US/Eastern,"07:51 PM",select 5 numbers from 1 to 39.,"5/39","$50,000",,F,F,,,F,F,Active,"<table class=""table table-bordered""><thead><tr class=""result-table-heading""><th><p><strong>Number of winning numbers<br /> selected by player<br /> (per board)</strong></p></th><th><p><strong>Bonus Ball Matched</strong></p></th><th><p><strong>Prize Award</strong></p></th><th><p><strong>Probability of winning<br /> per $1 ticket</strong></p></th><th><p><strong>Probability of winning<br /> per $2 ticket</strong></p></th></tr></thead><tbody><tr><td><p>5</p></td><td><p>-</p></td><td><p>$50,000</p></td><td><p>1 in 575,757</p></td><td><p>1 in 191,919</p></td></tr><tr><td><p>4</p></td><td><p>YES</p></td><td><p><strong>$600</strong></p></td><td><p>1 in 115,151</p></td><td><p>1 in 38,384</p></td></tr><tr><td><p>4</p></td><td><p>NO</p></td><td><p><strong>$400</strong></p></td><td><p>1 in 3,489</p></td><td><p>1 in 1,163</p></td></tr><tr><td><p>3</p></td><td><p>YES</p></td><td><p><strong>$30</strong></p></td><td><p>1 in 1,745</p></td><td><p>1 in 582</p></td></tr><tr><td><p>3</p></td><td><p>NO</p></td><td><p><strong>$15</strong></p></td><td><p>1 in 109</p></td><td><p>1 in 36</p></td></tr><tr><td><p>2</p></td><td><p>YES</p></td><td><p><strong>$2</strong></p></td><td><p>1 in 109</p></td><td><p>1 in 36</p></td></tr></tbody></table>",F,"5+1","5/39 + 1 (Bonus)",MD3,F,F,,,"1$",upto 7 consecutive draws,"Mon-Sun, 15 minutes before draw time"
393,"5 Card Cash",Maryland-5 Card Cash,"7:56 PM",US/Eastern,"07:56 PM",,PlayingCardGame,"$100,000",,F,F,,,F,F,Ignore,,T,"5",Playing Card Game,MD5,F,F,,,"1$",,
394,Numbers Game Midday,Massachusetts-Numbers Game Midday,"12:55 PM",US/Eastern,"12:55 PM",Choose 4 digits from 0 to 9.,"4-Digits",,,F,F,,,F,F,Active,"<table class=""table table-bordered""><thead><tr class=""result-table-heading""><th><strong>Digits</strong></th><th><strong>Odds</strong></th></tr></thead><tbody><tr><td><p>1</p></td><td><p>1 in 10</p></td></tr><tr><td><p>2</p></td><td><p>1 in 100</p></td></tr><tr><td><p>3 Exact</p></td><td><p>1 in 1,000</p></td></tr><tr><td><p>4 Exact</p></td><td><p>1 in 10,000</p></td></tr><tr><td><p>3 Any- no duplicates</p></td><td><p>1 in 166.7</p></td></tr><tr><td><p>3 Any- 2 digits the same</p></td><td><p>1 in 333.3</p></td></tr><tr><td><p>4 Any- no duplicates</p></td><td><p>1 in 416.7</p></td></tr><tr><td><p>4 Any- 2 digits the same</p></td><td><p>1 in 833.3</p></td></tr><tr><td><p>4 Any- 2 pair</p></td><td><p>1 in 1,666.7</p></td></tr><tr><td><p>4 Any- 3 digits the same</p></td><td><p>1 in 2,500</p></td></tr></tbody></table>",F,"4","4-Digits",MAA,T,T,,,"1$",upto 14 consecutive draws,"Mon-Sun, 15 minutes before draw time"
395,Numbers Game Evening,Massachusetts-Numbers Game Evening,"7:57 PM",US/Eastern,"07:57 PM",Choose 4 digits from 0 to 9.,"4-Digits",,,F,F,,,F,F,Active,"<table class=""table table-bordered""><thead><tr class=""result-table-heading""><th><strong>Digits</strong></th><th><strong>Odds</strong></th></tr></thead><tbody><tr><td><p>1</p></td><td><p>1 in 10</p></td></tr><tr><td><p>2</p></td><td><p>1 in 100</p></td></tr><tr><td><p>3 Exact</p></td><td><p>1 in 1,000</p></td></tr><tr><td><p>4 Exact</p></td><td><p>1 in 10,000</p></td></tr><tr><td><p>3 Any- no duplicates</p></td><td><p>1 in 166.7</p></td></tr><tr><td><p>3 Any- 2 digits the same</p></td><td><p>1 in 333.3</p></td></tr><tr><td><p>4 Any- no duplicates</p></td><td><p>1 in 416.7</p></td></tr><tr><td><p>4 Any- 2 digits the same</p></td><td><p>1 in 833.3</p></td></tr><tr><td><p>4 Any- 2 pair</p></td><td><p>1 in 1,666.7</p></td></tr><tr><td><p>4 Any- 3 digits the same</p></td><td><p>1 in 2,500</p></td></tr></tbody></table>",F,"4","4-Digits",MAC,T,T,,,"1$",upto 14 consecutive draws,"Mon-Sun, 15 minutes before draw time"
396,Mass Cash,Massachusetts-Mass Cash,"11:20 PM",US/Eastern,"11:20 PM",select 5 numbers from 1 to 35.,"5/35","$100,000",,F,F,,,F,F,Active,"<table class=""table table-bordered""><thead><tr class=""result-table-heading""><th><strong>Match</strong></th><th><strong>Probability</strong></th><th><strong>Top Prize</strong></th></tr></thead><tbody><tr><td><p>All 5</p></td><td><p>1 in 324,632</p></td><td><p>$100,000</p></td></tr><tr><td><p>4 of 5</p></td><td><p>1 in 2,164.21</p></td><td><p>$250</p></td></tr><tr><td><p>3 of 5</p></td><td><p>1 in 74.63</p></td><td><p>$10</p></td></tr></tbody></table>",F,"5","5/35",MA3,F,F,,,"1$",upto 30 consecutive draws,"Mon-Sun, 15 minutes before draw time"
397,Daily 3 Midday,Michigan-Daily 3 Midday,"12:59 PM",US/Eastern,"12:59 PM",Choose 3 digits from 0 to 9.,"3-Digits",$500,,F,F,,,F,F,Active,"<table class=""table table-bordered""><thead><tr class=""result-table-heading""><th><strong>BET TYPE</strong></th><th><strong>ODDS</strong></th><th><strong>PRIZE<br />($1.00 WAGER)</strong></th></tr></thead><tbody><tr><td><p>Straight</p></td><td><p>1: 1,000</p></td><td><p>$500</p></td></tr><tr><td><p><strong>Box</strong></p></td><td>&nbsp;</td><td>&nbsp;</td></tr><tr><td><p>3-Way</p></td><td><p>1: 333</p></td><td><p>$166</p></td></tr><tr><td><p>6-Way</p></td><td><p>1: 167</p></td><td><p>$83</p></td></tr><tr><td><p><strong>Wheel</strong></p></td><td>&nbsp;</td><td>&nbsp;</td></tr><tr><td><p>3-Way</p></td><td>&nbsp;</td><td><p>$500</p></td></tr><tr><td><p>6-Way</p></td><td>&nbsp;</td><td><p>$500</p></td></tr><tr><td><p><strong>2-Way</strong></p></td><td>&nbsp;</td><td>&nbsp;</td></tr><tr><td><p>3-Way Straight</p></td><td>&nbsp;</td><td><p>$333</p></td></tr><tr><td><p>3-Way Box</p></td><td>&nbsp;</td><td><p>$83</p></td></tr><tr><td><p>6-Way Straight</p></td><td>&nbsp;</td><td><p>$291</p></td></tr><tr><td><p>6-Way Box</p></td><td>&nbsp;</td><td><p>$41</p></td></tr><tr><td><p><strong>1-Off</strong></p></td><td>&nbsp;</td><td>&nbsp;</td></tr><tr><td><p>Straight</p></td><td><p>1: 1,000</p></td><td><p>$284</p></td></tr><tr><td><p>1-Off</p></td><td><p>1: 167</p></td><td><p>$36</p></td></tr></tbody></table>",F,"3","3-Digits",MIA,F,F,,,"1$",upto 60 consecutive draws,"Mon-Sun, 20 minutes before draw time"
398,Daily 3 Evening,Michigan-Daily 3 Evening,"7:29 PM",US/Eastern,"07:29 PM",Choose 3 digits from 0 to 9.,"3-Digits",$500,,F,F,,,F,F,Active,"<table class=""table table-bordered""><thead><tr class=""result-table-heading""><th><strong>BET TYPE</strong></th><th><strong>ODDS</strong></th><th><strong>PRIZE<br />($1.00 WAGER)</strong></th></tr></thead><tbody><tr><td><p>Straight</p></td><td><p>1: 1,000</p></td><td><p>$500</p></td></tr><tr><td><p><strong>Box</strong></p></td><td>&nbsp;</td><td>&nbsp;</td></tr><tr><td><p>3-Way</p></td><td><p>1: 333</p></td><td><p>$166</p></td></tr><tr><td><p>6-Way</p></td><td><p>1: 167</p></td><td><p>$83</p></td></tr><tr><td><p><strong>Wheel</strong></p></td><td>&nbsp;</td><td>&nbsp;</td></tr><tr><td><p>3-Way</p></td><td>&nbsp;</td><td><p>$500</p></td></tr><tr><td><p>6-Way</p></td><td>&nbsp;</td><td><p>$500</p></td></tr><tr><td><p><strong>2-Way</strong></p></td><td>&nbsp;</td><td>&nbsp;</td></tr><tr><td><p>3-Way Straight</p></td><td>&nbsp;</td><td><p>$333</p></td></tr><tr><td><p>3-Way Box</p></td><td>&nbsp;</td><td><p>$83</p></td></tr><tr><td><p>6-Way Straight</p></td><td>&nbsp;</td><td><p>$291</p></td></tr><tr><td><p>6-Way Box</p></td><td>&nbsp;</td><td><p>$41</p></td></tr><tr><td><p><strong>1-Off</strong></p></td><td>&nbsp;</td><td>&nbsp;</td></tr><tr><td><p>Straight</p></td><td><p>1: 1,000</p></td><td><p>$284</p></td></tr><tr><td><p>1-Off</p></td><td><p>1: 167</p></td><td><p>$36</p></td></tr></tbody></table>",F,"3","3-Digits",MIB,F,F,,,"1$",upto 60 consecutive draws,"Mon-Sun, 21 minutes before draw time"
399,Daily 4 Midday,Michigan-Daily 4 Midday,"12:59 PM",US/Eastern,"12:59 PM",Choose 4 digits from 0 to 9.,"4-Digits","$5,000",,F,F,,,F,F,Active,"<table class=""table table-bordered""><thead><tr class=""result-table-heading""><th><strong>BET TYPE</strong></th><th><strong>PRIZE</strong></th><th><strong>ODDS</strong></th></tr></thead><tbody><tr><td><p>Straight</p></td><td><p>$5,000</p></td><td><p>1: 10,000</p></td></tr><tr><td><p><strong>Box</strong></p></td><td>&nbsp;</td><td>&nbsp;</td></tr><tr><td><p>4-Way</p></td><td><p>$1,250</p></td><td><p>1: 2,500</p></td></tr><tr><td><p>6-Way</p></td><td><p>$833</p></td><td><p>1: 1,666</p></td></tr><tr><td><p>12-Way</p></td><td><p>$416</p></td><td><p>1: 833</p></td></tr><tr><td><p>24-Way</p></td><td><p>$208</p></td><td><p>1: 416</p></td></tr><tr><td><p><strong>Wheel</strong></p></td><td>&nbsp;</td><td>&nbsp;</td></tr><tr><td><p>4-Way</p></td><td><p>$5,000</p></td><td>&nbsp;</td></tr><tr><td><p>6-Way</p></td><td><p>$5,000</p></td><td>&nbsp;</td></tr><tr><td><p>12-Way</p></td><td><p>$5,000</p></td><td>&nbsp;</td></tr><tr><td><p>24-Way</p></td><td><p>$5,000</p></td><td>&nbsp;</td></tr><tr><td><p><strong>2-Way</strong></p></td><td>&nbsp;</td><td>&nbsp;</td></tr><tr><td><p>4-Way Straight</p></td><td><p>$3,200</p></td><td>&nbsp;</td></tr><tr><td><p>4-Way Box</p></td><td><p>$600</p></td><td>&nbsp;</td></tr><tr><td><p>6-Way Straight</p></td><td><p>$2,916</p></td><td>&nbsp;</td></tr><tr><td><p>6-Way Box</p></td><td><p>$416</p></td><td>&nbsp;</td></tr><tr><td><p>12-Way Straight</p></td><td><p>$2,708</p></td><td>&nbsp;</td></tr><tr><td><p>12-Way Box</p></td><td><p>$208</p></td><td>&nbsp;</td></tr><tr><td><p>24-Way Straight</p></td><td><p>$2,604</p></td><td>&nbsp;</td></tr><tr><td><p>24-Way Box</p></td><td><p>$104</p></td><td>&nbsp;</td></tr><tr><td><p><strong>1-Off</strong></p></td><td>&nbsp;</td><td>&nbsp;</td></tr><tr><td><p>Straight</p></td><td><p>$2,800</p></td><td><p>1: 10,000</p></td></tr><tr><td><p>1-Off</p></td><td><p>$275</p></td><td><p>1: 1,250</p></td></tr></tbody></table>",F,"4","4-Digits",MIC,F,F,,,"1$",upto 60 consecutive draws,"Mon-Sun, 20 minutes before draw time"
400,Daily 4 Evening,Michigan-Daily 4 Evening,"7:29 PM",US/Eastern,"07:29 PM",Choose 4 digits from 0 to 9.,"4-Digits","$5,000",,F,F,,,F,F,Active,"<table class=""table table-bordered""><thead><tr class=""result-table-heading""><th><strong>BET TYPE</strong></th><th><strong>PRIZE</strong></th><th><strong>ODDS</strong></th></tr></thead><tbody><tr><td><p>Straight</p></td><td><p>$5,000</p></td><td><p>1: 10,000</p></td></tr><tr><td><p><strong>Box</strong></p></td><td>&nbsp;</td><td>&nbsp;</td></tr><tr><td><p>4-Way</p></td><td><p>$1,250</p></td><td><p>1: 2,500</p></td></tr><tr><td><p>6-Way</p></td><td><p>$833</p></td><td><p>1: 1,666</p></td></tr><tr><td><p>12-Way</p></td><td><p>$416</p></td><td><p>1: 833</p></td></tr><tr><td><p>24-Way</p></td><td><p>$208</p></td><td><p>1: 416</p></td></tr><tr><td><p><strong>Wheel</strong></p></td><td>&nbsp;</td><td>&nbsp;</td></tr><tr><td><p>4-Way</p></td><td><p>$5,000</p></td><td>&nbsp;</td></tr><tr><td><p>6-Way</p></td><td><p>$5,000</p></td><td>&nbsp;</td></tr><tr><td><p>12-Way</p></td><td><p>$5,000</p></td><td>&nbsp;</td></tr><tr><td><p>24-Way</p></td><td><p>$5,000</p></td><td>&nbsp;</td></tr><tr><td><p><strong>2-Way</strong></p></td><td>&nbsp;</td><td>&nbsp;</td></tr><tr><td><p>4-Way Straight</p></td><td><p>$3,200</p></td><td>&nbsp;</td></tr><tr><td><p>4-Way Box</p></td><td><p>$600</p></td><td>&nbsp;</td></tr><tr><td><p>6-Way Straight</p></td><td><p>$2,916</p></td><td>&nbsp;</td></tr><tr><td><p>6-Way Box</p></td><td><p>$416</p></td><td>&nbsp;</td></tr><tr><td><p>12-Way Straight</p></td><td><p>$2,708</p></td><td>&nbsp;</td></tr><tr><td><p>12-Way Box</p></td><td><p>$208</p></td><td>&nbsp;</td></tr><tr><td><p>24-Way Straight</p></td><td><p>$2,604</p></td><td>&nbsp;</td></tr><tr><td><p>24-Way Box</p></td><td><p>$104</p></td><td>&nbsp;</td></tr><tr><td><p><strong>1-Off</strong></p></td><td>&nbsp;</td><td>&nbsp;</td></tr><tr><td><p>Straight</p></td><td><p>$2,800</p></td><td><p>1: 10,000</p></td></tr><tr><td><p>1-Off</p></td><td><p>$275</p></td><td><p>1: 1,250</p></td></tr></tbody></table>",F,"4","4-Digits",MID,F,F,,,"1$",upto 60 consecutive draws,"Mon-Sun, 21 minutes before draw time"
401,Fantasy 5,Michigan-Fantasy 5,"7:29 PM",US/Eastern,"07:29 PM",select 5 numbers from 1 to 39.,"5/39",,,F,F,,,F,F,Active,"<table class=""table table-bordered""><thead><tr class=""result-table-heading""><th><strong>MATCH</strong></th><th><strong>ODDS</strong></th><th><strong>PRIZE</strong></th></tr></thead><tbody><tr><td>5 of 5</td><td>1: 575,757</td><td>Jackpot</td></tr><tr><td>4 of 5</td><td>1: 3,387</td><td>$100</td></tr><tr><td>3 of 5</td><td>1: 103</td><td>$10</td></tr><tr><td>2 of 5</td><td>1: 10</td><td>$1</td></tr></tbody></table>",F,"5","5/39",MI6,T,F,,,"1$",upto 60 consecutive draws,"Mon-Sun, 21 minutes before draw time"
402,Keno,Michigan-Keno,"7:29 PM",US/Eastern,"07:29 PM",select 10 numbers from 1 to 80.,"10/80","$250,000",,F,F,,,F,F,Active,"<table class=""table table-bordered""><thead><tr class=""result-table-heading""><th><strong>MATCH</strong></th><th><strong>ODDS</strong></th><th><strong>PRIZE</strong></th></tr></thead><tbody><tr><td>10 of 22</td><td>1: 2,546,203</td><td>$250,000</td></tr><tr><td>9 of 22</td><td>1: 57,070</td><td>$2,500</td></tr><tr><td>8 of 22</td><td>1: 3,115</td><td>$250</td></tr><tr><td>7 of 22</td><td>1: 313</td><td>$25</td></tr><tr><td>6 of 22</td><td>1: 52</td><td>$7</td></tr><tr><td>0 of 22</td><td>1: 32</td><td>$1</td></tr></tbody></table>",F,"22","10/80",MI3,F,F,,,"1$",upto 60 consecutive draws,"Mon-Sun, 21 minutes before draw time"
403,Poker Lotto,Michigan-Poker Lotto,"7:29 PM",US/Eastern,"07:29 PM",Choose 5 cards from pack of 52 cards.,PlayingCardGame,"$100,000",,F,F,,,F,F,Active,"<table class=""table table-bordered""><thead><tr class=""result-table-heading""><th><strong>MATCH</strong></th><th><strong>ODDS</strong></th><th><strong>PRIZE</strong></th></tr></thead><tbody><tr><td>5 of 5 Cards</td><td>1: 2,598,960</td><td>$100,000</td></tr><tr><td>4 of 5 Cards</td><td>1: 11,060</td><td>$500</td></tr><tr><td>3 of 5 Cards</td><td>1: 241</td><td>$25</td></tr><tr><td>2 of 5 Cards</td><td>1: 17</td><td>$3</td></tr></tbody></table>",T,"5",Playing Card Game,MIP,F,F,,,"2$",N/A,N/A
404,Pick 3,Minnesota-Pick 3,"6:26 PM",US/Central,"07:26 PM",Choose 3 digits from 0 to 9.,"3-Digits",$500,,F,F,,,F,F,Active,"<table class=""table table-bordered""><thead><tr class=""result-table-heading""><th >Match</th><th>Win*</th><th>Approx. Odds</th></tr></thead><tbody><tr><td>Straight</td><td>$500</td><td>1 in 1,000</td></tr><tr><td>Straight/3-Way Box</td><td>$330/$80</td><td>1 in 1000/1 in 333</td></tr><tr><td>Straight/6-Way Box</td><td>$290/$40</td><td>1 in 1000/1 in 167</td></tr><tr><td>3-Way Box</td><td>$160</td><td>1 in 333</td></tr><tr><td>6-Way Box</td><td>$80</td><td>1 in 167</td></tr><tr><td>Back Pair</td><td>$50</td><td>1 in 100</td></tr><tr><td>Front Pair</td><td>$50</td><td>1 in 100</td></tr><tr><td>First Digit</td><td>$5</td><td>1 in 10</td></tr><tr><td colspan=""3"">*Winnings for each $1.00 played.</td></tr></tbody></table>",F,"3","3-Digits",MNA,F,F,,,"1$",upto 14 consecutive draws,"Mon-Sun, 7 minutes before draw time"
405,Gopher 5,Minnesota-Gopher 5,"6:26 PM",US/Central,"07:26 PM",Choose 5 numbers from 1 to 47.,"5/47",,,F,F,,,F,F,Active,"<table class=""table table-bordered""><thead><tr class=""result-table-heading""><th><strong>Match</strong></th><th><strong>To Win</strong></th><th><strong>Approx. Odds</strong></th></tr></thead><tbody><tr><td>5 of 5</td><td>JACKPOT*</td><td>1 in 1,533,939.00</td></tr><tr><td>4 of 5</td><td>$500</td><td>1 in 7,304.00</td></tr><tr><td>3 of 5</td><td>$15</td><td>1 in 178.00</td></tr><tr><td>2 of 5</td><td>$1</td><td>1 in 13.00</td></tr></tbody></table>",F,"5","5/47",MN3,T,F,,,"1$",upto 14 consecutive draws,"Mon, Wed and Fri, 7 minutes before draw time"
407,Pick 3 Midday,Missouri-Pick 3 Midday,"12:45 PM",US/Central,"01:45 PM",Choose 3 digits from 0 to 9.,"3-Digits",$600,,F,F,,,F,F,Active,"<table class=""table table-bordered""> <thead> <tr class=""result-table-heading""> <th> <p><strong>Play Type</strong></p> </th> <th> <p><strong>To Win,<br /> Match Your Numbers to those Drawn In</strong></p> </th> <th> <p><strong>If Your # Is</strong></p> </th> <th> <p><strong>Win If Any of These<br /> Are Drawn</strong></p> </th> <th> <p><strong>Chances<br /> 1 In</strong></p> </th> <th> <p><strong>Prize -<br /> $1 Play</strong></p> </th> </tr> </thead> <tbody> <tr> <td> <p><strong>$1 Straight</strong></p> </td> <td>&nbsp;</td> <td>&nbsp;</td> <td>&nbsp;</td> <td>&nbsp;</td> <td>&nbsp;</td> </tr> <tr> <td>&nbsp;</td> <td> <p><strong>Exact order</strong></p> </td> <td> <p><strong>529</strong></p> </td> <td> <p><strong>529</strong></p> </td> <td> <p><strong>1 in 1,000</strong></p> </td> <td> <p><strong>$600</strong></p> </td> </tr> <tr> <td> <p><strong>$1 Box</strong></p> </td> <td>&nbsp;</td> </tr> <tr> <td> <p><strong>6-Way (number has 3 different digits)</strong></p> </td> <td> <p><strong>Any order</strong></p> </td> <td> <p><strong>529</strong></p> </td> <td> <p><strong>529, 592, 952, 925, 259, 295</strong></p> </td> <td> <p><strong>1 in 167</strong></p> </td> <td> <p><strong>$100</strong></p> </td> </tr> <tr> <td> <p><strong>3-Way (number has 2 same digits)</strong></p> </td> <td> <p><strong>Any order</strong></p> </td> <td> <p><strong>599</strong></p> </td> <td> <p><strong>599, 959, 995</strong></p> </td> <td> <p><strong>1 in 333</strong></p> </td> <td> <p><strong>$200</strong></p> </td> </tr> <tr> <td> <p><strong>$1 Straight/Box<br /> (50&cent; / 50&cent;)</strong></p> </td> <td>&nbsp;</td> </tr> <tr> <td> <p><strong>6-Way (number has 3 different digits)</strong></p> </td> <td> <p><strong>Exact order or any order</strong></p> </td> <td> <p><strong>529</strong></p> </td> <td> <p><strong>529, 592, 952, 925, 259, 295</strong></p> </td> <td> <p><strong>1 in 1,000 or 1 in 167</strong></p> </td> <td> <p><strong>$350 or $50</strong></p> </td> </tr> <tr> <td> <p><strong>3-Way (number has 2 same digits)</strong></p> </td> <td> <p><strong>Exact order or any order</strong></p> </td> <td> <p><strong>599</strong></p> </td> <td> <p><strong>599, 959, 995</strong></p> </td> <td> <p><strong>1 in 1,000 or 1 in 333</strong></p> </td> <td> <p><strong>$400 or $100</strong></p> </td> </tr> <tr> <td> <p><strong>$1 Front Pair</strong></p> </td> <td>&nbsp;</td> <td>&nbsp;</td> <td>&nbsp;</td> <td>&nbsp;</td> <td>&nbsp;</td> </tr> <tr> <td>&nbsp;</td> <td> <p><strong>Exact order (of first 2 digits only)</strong></p> </td> <td> <p><strong>52X</strong></p> </td> <td> <p><strong>Any 3 digit number beginning with 52</strong></p> </td> <td> <p><strong>1 in 100</strong></p> </td> <td> <p><strong>$60</strong></p> </td> </tr> <tr> <td> <p><strong>$1 Back Pair</strong></p> </td> <td>&nbsp;</td> <td>&nbsp;</td> <td>&nbsp;</td> <td>&nbsp;</td> <td>&nbsp;</td> </tr> <tr> <td>&nbsp;</td> <td> <p><strong>Exact order (of last 2 digits only)</strong></p> </td> <td> <p><strong>X29</strong></p> </td> <td> <p><strong>Any 3 digit number ending with 29</strong></p> </td> <td> <p><strong>1 in 100</strong></p> </td> <td> <p><strong>$60</strong></p> </td> </tr> <tr> <td> <p><strong>Combo</strong></p> </td> <td>&nbsp;</td> </tr> <tr> <td> <p><strong>$6 6-Way (number has 3 different digits)</strong></p> </td> <td> <p><strong>These wagers provide the player all possible number combinations of the 3 numbers drawn in exact-order win.</strong></p> </td> <td> <p><strong>529</strong></p> </td> <td> <p><strong>529, 592, 952, 925, 259, 295</strong></p> </td> <td> <p><strong>1 in 167</strong></p> </td> <td> <p><strong>$600 for $6 play</strong></p> </td> </tr> <tr> <td> <p><strong>$3 3-Way (number has 2 same digits)</strong></p> </td> <td> <p><strong>These wagers provide the player all possible number combinations of the 3 numbers drawn in exact-order win.</strong></p> </td> <td> <p><strong>599</strong></p> </td> <td> <p><strong>599, 959, 995</strong></p> </td> <td> <p><strong>1 in 333</strong></p> </td> <td> <p><strong>$600 for $3 play</strong></p> </td> </tr> <tr> <td> <p><strong>$1 1-Off</strong></p> </td> <td>&nbsp;</td> </tr> <tr> <td> <p><strong>Straight Match</strong></p> </td> <td> <p><strong>Exact order</strong></p> </td> <td> <p><strong>529</strong></p> </td> <td> <p><strong>529</strong></p> </td> <td> <p><strong>1 in 1,000</strong></p> </td> <td> <p><strong>$300</strong></p> </td> </tr> <tr> <td> <p><strong>1-Off One Digit</strong></p> </td> <td> <p><strong>Exact order</strong></p> </td> <td> <p><strong>529</strong></p> </td> <td> <p><strong>429, 519, 528, 520, 539, 629</strong></p> </td> <td> <p><strong>1 in 166.67</strong></p> </td> <td> <p><strong>$29</strong></p> </td> </tr> <tr> <td> <p><strong>1-Off Two Digits</strong></p> </td> <td> <p><strong>Exact order</strong></p> </td> <td> <p><strong>529</strong></p> </td> <td> <p><strong>419, 428, 420, 439, 518, 510, 538, 530, 619, 628, 620, 639</strong></p> </td> <td> <p><strong>1 in 83.33</strong></p> </td> <td> <p><strong>$4</strong></p> </td> </tr> <tr> <td> <p><strong>1-Off Three Digits</strong></p> </td> <td> <p><strong>Exact order</strong></p> </td> <td> <p><strong>529</strong></p> </td> <td> <p><strong>418, 410, 438, 430, 618, 610, 638, 630</strong></p> </td> <td> <p><strong>1 in 125</strong></p> </td> <td> <p><strong>$9</strong></p> </td> </tr> </tbody> </table> <p>&nbsp;</p>",F,"3","3-Digits",MOB,F,F,,,"1$",upto 14 consecutive draws,"Mon-Sun, on or before draw time"
408,Pick 3 Evening,Missouri-Pick 3 Evening,"8:59 PM",US/Central,"09:59 PM",Choose 3 digits from 0 to 9.,"3-Digits",$600,,F,F,,,F,F,Active,"<table class=""table table-bordered""> <thead> <tr class=""result-table-heading""> <th> <p><strong>Play Type</strong></p> </th> <th> <p><strong>To Win,<br /> Match Your Numbers to those Drawn In</strong></p> </th> <th> <p><strong>If Your # Is</strong></p> </th> <th> <p><strong>Win If Any of These<br /> Are Drawn</strong></p> </th> <th> <p><strong>Chances<br /> 1 In</strong></p> </th> <th> <p><strong>Prize -<br /> $1 Play</strong></p> </th> </tr> </thead> <tbody> <tr> <td> <p><strong>$1 Straight</strong></p> </td> <td>&nbsp;</td> <td>&nbsp;</td> <td>&nbsp;</td> <td>&nbsp;</td> <td>&nbsp;</td> </tr> <tr> <td>&nbsp;</td> <td> <p><strong>Exact order</strong></p> </td> <td> <p><strong>529</strong></p> </td> <td> <p><strong>529</strong></p> </td> <td> <p><strong>1 in 1,000</strong></p> </td> <td> <p><strong>$600</strong></p> </td> </tr> <tr> <td> <p><strong>$1 Box</strong></p> </td> <td>&nbsp;</td> </tr> <tr> <td> <p><strong>6-Way (number has 3 different digits)</strong></p> </td> <td> <p><strong>Any order</strong></p> </td> <td> <p><strong>529</strong></p> </td> <td> <p><strong>529, 592, 952, 925, 259, 295</strong></p> </td> <td> <p><strong>1 in 167</strong></p> </td> <td> <p><strong>$100</strong></p> </td> </tr> <tr> <td> <p><strong>3-Way (number has 2 same digits)</strong></p> </td> <td> <p><strong>Any order</strong></p> </td> <td> <p><strong>599</strong></p> </td> <td> <p><strong>599, 959, 995</strong></p> </td> <td> <p><strong>1 in 333</strong></p> </td> <td> <p><strong>$200</strong></p> </td> </tr> <tr> <td> <p><strong>$1 Straight/Box<br /> (50&cent; / 50&cent;)</strong></p> </td> <td>&nbsp;</td> </tr> <tr> <td> <p><strong>6-Way (number has 3 different digits)</strong></p> </td> <td> <p><strong>Exact order or any order</strong></p> </td> <td> <p><strong>529</strong></p> </td> <td> <p><strong>529, 592, 952, 925, 259, 295</strong></p> </td> <td> <p><strong>1 in 1,000 or 1 in 167</strong></p> </td> <td> <p><strong>$350 or $50</strong></p> </td> </tr> <tr> <td> <p><strong>3-Way (number has 2 same digits)</strong></p> </td> <td> <p><strong>Exact order or any order</strong></p> </td> <td> <p><strong>599</strong></p> </td> <td> <p><strong>599, 959, 995</strong></p> </td> <td> <p><strong>1 in 1,000 or 1 in 333</strong></p> </td> <td> <p><strong>$400 or $100</strong></p> </td> </tr> <tr> <td> <p><strong>$1 Front Pair</strong></p> </td> <td>&nbsp;</td> <td>&nbsp;</td> <td>&nbsp;</td> <td>&nbsp;</td> <td>&nbsp;</td> </tr> <tr> <td>&nbsp;</td> <td> <p><strong>Exact order (of first 2 digits only)</strong></p> </td> <td> <p><strong>52X</strong></p> </td> <td> <p><strong>Any 3 digit number beginning with 52</strong></p> </td> <td> <p><strong>1 in 100</strong></p> </td> <td> <p><strong>$60</strong></p> </td> </tr> <tr> <td> <p><strong>$1 Back Pair</strong></p> </td> <td>&nbsp;</td> <td>&nbsp;</td> <td>&nbsp;</td> <td>&nbsp;</td> <td>&nbsp;</td> </tr> <tr> <td>&nbsp;</td> <td> <p><strong>Exact order (of last 2 digits only)</strong></p> </td> <td> <p><strong>X29</strong></p> </td> <td> <p><strong>Any 3 digit number ending with 29</strong></p> </td> <td> <p><strong>1 in 100</strong></p> </td> <td> <p><strong>$60</strong></p> </td> </tr> <tr> <td> <p><strong>Combo</strong></p> </td> <td>&nbsp;</td> </tr> <tr> <td> <p><strong>$6 6-Way (number has 3 different digits)</strong></p> </td> <td> <p><strong>These wagers provide the player all possible number combinations of the 3 numbers drawn in exact-order win.</strong></p> </td> <td> <p><strong>529</strong></p> </td> <td> <p><strong>529, 592, 952, 925, 259, 295</strong></p> </td> <td> <p><strong>1 in 167</strong></p> </td> <td> <p><strong>$600 for $6 play</strong></p> </td> </tr> <tr> <td> <p><strong>$3 3-Way (number has 2 same digits)</strong></p> </td> <td> <p><strong>These wagers provide the player all possible number combinations of the 3 numbers drawn in exact-order win.</strong></p> </td> <td> <p><strong>599</strong></p> </td> <td> <p><strong>599, 959, 995</strong></p> </td> <td> <p><strong>1 in 333</strong></p> </td> <td> <p><strong>$600 for $3 play</strong></p> </td> </tr> <tr> <td> <p><strong>$1 1-Off</strong></p> </td> <td>&nbsp;</td> </tr> <tr> <td> <p><strong>Straight Match</strong></p> </td> <td> <p><strong>Exact order</strong></p> </td> <td> <p><strong>529</strong></p> </td> <td> <p><strong>529</strong></p> </td> <td> <p><strong>1 in 1,000</strong></p> </td> <td> <p><strong>$300</strong></p> </td> </tr> <tr> <td> <p><strong>1-Off One Digit</strong></p> </td> <td> <p><strong>Exact order</strong></p> </td> <td> <p><strong>529</strong></p> </td> <td> <p><strong>429, 519, 528, 520, 539, 629</strong></p> </td> <td> <p><strong>1 in 166.67</strong></p> </td> <td> <p><strong>$29</strong></p> </td> </tr> <tr> <td> <p><strong>1-Off Two Digits</strong></p> </td> <td> <p><strong>Exact order</strong></p> </td> <td> <p><strong>529</strong></p> </td> <td> <p><strong>419, 428, 420, 439, 518, 510, 538, 530, 619, 628, 620, 639</strong></p> </td> <td> <p><strong>1 in 83.33</strong></p> </td> <td> <p><strong>$4</strong></p> </td> </tr> <tr> <td> <p><strong>1-Off Three Digits</strong></p> </td> <td> <p><strong>Exact order</strong></p> </td> <td> <p><strong>529</strong></p> </td> <td> <p><strong>418, 410, 438, 430, 618, 610, 638, 630</strong></p> </td> <td> <p><strong>1 in 125</strong></p> </td> <td> <p><strong>$9</strong></p> </td> </tr> </tbody> </table> <p>&nbsp;</p>",F,"3","3-Digits",MOA,F,F,,,"1$",upto 14 consecutive draws,"Mon-Sun, on or before draw time"
409,Pick 4 Midday,Missouri-Pick 4 Midday,"12:45 PM",US/Central,"01:45 PM",Choose 4 digits from 0 to 9.,"4-Digits","$6,000",,F,F,,,F,F,Active,"<table class=""table table-bordered""><thead><tr class=""result-table-heading""><th><p><strong><br /> Type Of Play</strong></p></th><th><p><strong>To Win,<br /> Match Your Numbers to those Drawn In</strong></p></th><th><p><strong><br /> Win If Any Of These Are Drawn</strong></p></th><th><p><strong><br /> Chances<br /> 1 In</strong></p></th><th><p><strong><br /> Prize - $1 Play</strong></p></th></tr></thead><tbody><tr><td><p><strong>$1 Straight</strong></p></td><td>&nbsp;</td><td>&nbsp;</td><td>&nbsp;</td><td>&nbsp;</td></tr><tr><td>&nbsp;</td><td><p><strong>Exact Order</strong></p></td><td><p><strong>1234</strong></p></td><td><p><strong>1 in 10,000</strong></p></td><td><p><strong>$6,000</strong></p></td></tr><tr><td><p><strong>$1 Box</strong></p></td><td>&nbsp;</td></tr><tr><td><p><strong>4-Way (# has 3 same digits)</strong></p></td><td><p><strong>Any Order</strong></p></td><td><p><strong>3999</strong></p></td><td><p><strong>1 in 2,500</strong></p></td><td><p><strong>$1,500</strong></p></td></tr><tr><td><p><strong>6-Way (# has 2 pair same digits)</strong></p></td><td><p><strong>Any Order</strong></p></td><td><p><strong>2233</strong></p></td><td><p><strong>1 in 1,667</strong></p></td><td><p><strong>$1,000</strong></p></td></tr><tr><td><p><strong>12-Way (# has 2 same digits)</strong></p></td><td><p><strong>Any Order</strong></p></td><td><p><strong>3822</strong></p></td><td><p><strong>1 in 833</strong></p></td><td><p><strong>$500</strong></p></td></tr><tr><td><p><strong>24-Way (# has 4 different digits)</strong></p></td><td><p><strong>Any Order</strong></p></td><td><p><strong>1234</strong></p></td><td><p><strong>1 in 417</strong></p></td><td><p><strong>$250</strong></p></td></tr><tr><td><p><strong>$1 Straight/Box<br /> (50&cent; / 50&cent;)</strong></p></td><td>&nbsp;</td></tr><tr><td><p><strong>4-Way (# has 3 same digits)</strong></p></td><td><p><strong>Exact Order or<br /> Any Order</strong></p></td><td><p><strong>1112</strong></p></td><td><p><strong>1 in 10,000 or 1 in 2,500</strong></p></td><td><p><strong>$3,750 or $750</strong></p></td></tr><tr><td><p><strong>6-Way (# has 2 pair same digits)</strong></p></td><td><p><strong>Exact Order or<br /> Any Order</strong></p></td><td><p><strong>5566</strong></p></td><td><p><strong>1 in 10,000 or 1 in 1,667</strong></p></td><td><p><strong>$3,500 or $500</strong></p></td></tr><tr><td><p><strong>12-Way (# has 2 same digits)</strong></p></td><td><p><strong>Exact Order or<br /> Any Order</strong></p></td><td><p><strong>9772</strong></p></td><td><p><strong>1 in 10,000 or 1 in 833</strong></p></td><td><p><strong>$3,250 or $250</strong></p></td></tr><tr><td><p><strong>24-Way (# has 4 different digits)</strong></p></td><td><p><strong>Exact Order or<br /> Any Order</strong></p></td><td><p><strong>5678</strong></p></td><td><p><strong>1 in 10,000 or 1 in 417</strong></p></td><td><p><strong>$3,125 or $125</strong></p></td></tr><tr><td><p><strong>$1 Front Pair</strong></p></td><td>&nbsp;</td></tr><tr><td>&nbsp;</td><td><p><strong>Exact Order (of first 2 digits only)</strong></p></td><td><p><strong>12XX</strong></p></td><td><p><strong>1 in 100</strong></p></td><td><p><strong>$60</strong></p></td></tr><tr><td><p><strong>$1 Back Pair</strong></p></td><td>&nbsp;</td></tr><tr><td>&nbsp;</td><td><p><strong>Exact Order (of last 2 digits only)</strong></p></td><td><p><strong>XX34</strong></p></td><td><p><strong>1 in 100</strong></p></td><td><p><strong>$60</strong></p></td></tr><tr><td><p><strong>$1 Middle Pair</strong></p></td><td>&nbsp;</td></tr><tr><td>&nbsp;</td><td><p><strong>Exact Order (of middle 2 digits only)</strong></p></td><td><p><strong>X23X</strong></p></td><td><p><strong>1 in 100</strong></p></td><td><p><strong>$60</strong></p></td></tr><tr><td><p><strong>$1 Front 3</strong></p></td><td>&nbsp;</td></tr><tr><td>&nbsp;</td><td><p><strong>Exact Order (of first 3 digits only)</strong></p></td><td><p><strong>123X</strong></p></td><td><p><strong>1 in 1,000</strong></p></td><td><p><strong>$600</strong></p></td></tr><tr><td><p><strong>$1 Back 3</strong></p></td><td>&nbsp;</td></tr><tr><td>&nbsp;</td><td><p><strong>Exact Order (of last 3 digits only)</strong></p></td><td><p><strong>X234</strong></p></td><td><p><strong>1 in 1,000</strong></p></td><td><p><strong>$600</strong></p></td></tr><tr><td><p><strong>Combo</strong></p></td><td>&nbsp;</td></tr><tr><td><p><strong>($4 - $24)</strong></p></td><td><p><strong>This wager provides the player all possible # combinations of the 4 #s drawn for Exact-Order win.</strong></p></td><td>&nbsp;</td><td><p><strong>Chances depend on numbers selected.</strong></p></td><td><p><strong>$6,000</strong></p></td></tr><tr><td><p><strong>$1 1-Off</strong></p></td><td>&nbsp;</td></tr><tr><td><p><strong>Straight Match</strong></p></td><td><p><strong>Exact Order</strong></p></td><td><p><strong>1234</strong></p></td><td><p><strong>1 in 10,000</strong></p></td><td><p><strong>$3,000</strong></p></td></tr><tr><td><p><strong>1-Off One Digit</strong></p></td><td><p><strong>Exact Order</strong></p></td><td><p><strong>1235, 1233, 1244, 1224, 1334, 1134, 2234, 0234</strong></p></td><td><p><strong>1 in 1,250</strong></p></td><td><p><strong>$152</strong></p></td></tr><tr><td><p><strong>1-Off Two Digits</strong></p></td><td><p><strong>Exact Order</strong></p></td><td><p><strong>1245, 1243, 1225, 1223, 1335, 1333, 1344, 1324, 1135, 1133, 1144, 1124, 2235, 2233, 2244, 2224, 2334, 2134, 0235, 0233, 0244, 0224, 0334, 0134</strong></p></td><td><p><strong>1 in 416.67</strong></p></td><td><p><strong>$27</strong></p></td></tr><tr><td><p><strong>1-Off Three Digits</strong></p></td><td><p><strong>Exact Order</strong></p></td><td><p><strong>1345, 1343, 1325, 1323, 1145, 1143, 1125, 1123, 2245, 2243, 2225, 2223, 2335, 2333, 2344, 2324, 2135, 2133, 2144, 2124, 0245, 0243, 0225, 0223, 0335, 0333, 0344, 0324, 0135, 0133, 0144, 0124</strong></p></td><td><p><strong>1 in 312.5</strong></p></td><td><p><strong>$17</strong></p></td></tr><tr><td><p><strong>1-Off Four Digits</strong></p></td><td><p><strong>Exact Order</strong></p></td><td><p><strong>2345, 2343, 2325, 2323, 2145, 2143, 2125, 2123, 0345, 0343, 0325, 0323, 0145, 0143, 0125, 0123</strong></p></td><td><p><strong>1 in 625</strong></p></td><td><p><strong>$37</strong></p></td></tr></tbody></table>",F,"4","4-Digits",MOD,F,F,,,"1$",upto 14 consecutive draws,"Mon-Sun, on or before draw time"
410,Pick 4 Evening,Missouri-Pick 4 Evening,"8:59 PM",US/Central,"09:59 PM",Choose 4 digits from 0 to 9.,"4-Digits","$6,000",,F,F,,,F,F,Active,"<table class=""table table-bordered""><thead><tr class=""result-table-heading""><th><p><strong><br /> Type Of Play</strong></p></th><th><p><strong>To Win,<br /> Match Your Numbers to those Drawn In</strong></p></th><th><p><strong><br /> Win If Any Of These Are Drawn</strong></p></th><th><p><strong><br /> Chances<br /> 1 In</strong></p></th><th><p><strong><br /> Prize - $1 Play</strong></p></th></tr></thead><tbody><tr><td><p><strong>$1 Straight</strong></p></td><td>&nbsp;</td><td>&nbsp;</td><td>&nbsp;</td><td>&nbsp;</td></tr><tr><td>&nbsp;</td><td><p><strong>Exact Order</strong></p></td><td><p><strong>1234</strong></p></td><td><p><strong>1 in 10,000</strong></p></td><td><p><strong>$6,000</strong></p></td></tr><tr><td><p><strong>$1 Box</strong></p></td><td>&nbsp;</td></tr><tr><td><p><strong>4-Way (# has 3 same digits)</strong></p></td><td><p><strong>Any Order</strong></p></td><td><p><strong>3999</strong></p></td><td><p><strong>1 in 2,500</strong></p></td><td><p><strong>$1,500</strong></p></td></tr><tr><td><p><strong>6-Way (# has 2 pair same digits)</strong></p></td><td><p><strong>Any Order</strong></p></td><td><p><strong>2233</strong></p></td><td><p><strong>1 in 1,667</strong></p></td><td><p><strong>$1,000</strong></p></td></tr><tr><td><p><strong>12-Way (# has 2 same digits)</strong></p></td><td><p><strong>Any Order</strong></p></td><td><p><strong>3822</strong></p></td><td><p><strong>1 in 833</strong></p></td><td><p><strong>$500</strong></p></td></tr><tr><td><p><strong>24-Way (# has 4 different digits)</strong></p></td><td><p><strong>Any Order</strong></p></td><td><p><strong>1234</strong></p></td><td><p><strong>1 in 417</strong></p></td><td><p><strong>$250</strong></p></td></tr><tr><td><p><strong>$1 Straight/Box<br /> (50&cent; / 50&cent;)</strong></p></td><td>&nbsp;</td></tr><tr><td><p><strong>4-Way (# has 3 same digits)</strong></p></td><td><p><strong>Exact Order or<br /> Any Order</strong></p></td><td><p><strong>1112</strong></p></td><td><p><strong>1 in 10,000 or 1 in 2,500</strong></p></td><td><p><strong>$3,750 or $750</strong></p></td></tr><tr><td><p><strong>6-Way (# has 2 pair same digits)</strong></p></td><td><p><strong>Exact Order or<br /> Any Order</strong></p></td><td><p><strong>5566</strong></p></td><td><p><strong>1 in 10,000 or 1 in 1,667</strong></p></td><td><p><strong>$3,500 or $500</strong></p></td></tr><tr><td><p><strong>12-Way (# has 2 same digits)</strong></p></td><td><p><strong>Exact Order or<br /> Any Order</strong></p></td><td><p><strong>9772</strong></p></td><td><p><strong>1 in 10,000 or 1 in 833</strong></p></td><td><p><strong>$3,250 or $250</strong></p></td></tr><tr><td><p><strong>24-Way (# has 4 different digits)</strong></p></td><td><p><strong>Exact Order or<br /> Any Order</strong></p></td><td><p><strong>5678</strong></p></td><td><p><strong>1 in 10,000 or 1 in 417</strong></p></td><td><p><strong>$3,125 or $125</strong></p></td></tr><tr><td><p><strong>$1 Front Pair</strong></p></td><td>&nbsp;</td></tr><tr><td>&nbsp;</td><td><p><strong>Exact Order (of first 2 digits only)</strong></p></td><td><p><strong>12XX</strong></p></td><td><p><strong>1 in 100</strong></p></td><td><p><strong>$60</strong></p></td></tr><tr><td><p><strong>$1 Back Pair</strong></p></td><td>&nbsp;</td></tr><tr><td>&nbsp;</td><td><p><strong>Exact Order (of last 2 digits only)</strong></p></td><td><p><strong>XX34</strong></p></td><td><p><strong>1 in 100</strong></p></td><td><p><strong>$60</strong></p></td></tr><tr><td><p><strong>$1 Middle Pair</strong></p></td><td>&nbsp;</td></tr><tr><td>&nbsp;</td><td><p><strong>Exact Order (of middle 2 digits only)</strong></p></td><td><p><strong>X23X</strong></p></td><td><p><strong>1 in 100</strong></p></td><td><p><strong>$60</strong></p></td></tr><tr><td><p><strong>$1 Front 3</strong></p></td><td>&nbsp;</td></tr><tr><td>&nbsp;</td><td><p><strong>Exact Order (of first 3 digits only)</strong></p></td><td><p><strong>123X</strong></p></td><td><p><strong>1 in 1,000</strong></p></td><td><p><strong>$600</strong></p></td></tr><tr><td><p><strong>$1 Back 3</strong></p></td><td>&nbsp;</td></tr><tr><td>&nbsp;</td><td><p><strong>Exact Order (of last 3 digits only)</strong></p></td><td><p><strong>X234</strong></p></td><td><p><strong>1 in 1,000</strong></p></td><td><p><strong>$600</strong></p></td></tr><tr><td><p><strong>Combo</strong></p></td><td>&nbsp;</td></tr><tr><td><p><strong>($4 - $24)</strong></p></td><td><p><strong>This wager provides the player all possible # combinations of the 4 #s drawn for Exact-Order win.</strong></p></td><td>&nbsp;</td><td><p><strong>Chances depend on numbers selected.</strong></p></td><td><p><strong>$6,000</strong></p></td></tr><tr><td><p><strong>$1 1-Off</strong></p></td><td>&nbsp;</td></tr><tr><td><p><strong>Straight Match</strong></p></td><td><p><strong>Exact Order</strong></p></td><td><p><strong>1234</strong></p></td><td><p><strong>1 in 10,000</strong></p></td><td><p><strong>$3,000</strong></p></td></tr><tr><td><p><strong>1-Off One Digit</strong></p></td><td><p><strong>Exact Order</strong></p></td><td><p><strong>1235, 1233, 1244, 1224, 1334, 1134, 2234, 0234</strong></p></td><td><p><strong>1 in 1,250</strong></p></td><td><p><strong>$152</strong></p></td></tr><tr><td><p><strong>1-Off Two Digits</strong></p></td><td><p><strong>Exact Order</strong></p></td><td><p><strong>1245, 1243, 1225, 1223, 1335, 1333, 1344, 1324, 1135, 1133, 1144, 1124, 2235, 2233, 2244, 2224, 2334, 2134, 0235, 0233, 0244, 0224, 0334, 0134</strong></p></td><td><p><strong>1 in 416.67</strong></p></td><td><p><strong>$27</strong></p></td></tr><tr><td><p><strong>1-Off Three Digits</strong></p></td><td><p><strong>Exact Order</strong></p></td><td><p><strong>1345, 1343, 1325, 1323, 1145, 1143, 1125, 1123, 2245, 2243, 2225, 2223, 2335, 2333, 2344, 2324, 2135, 2133, 2144, 2124, 0245, 0243, 0225, 0223, 0335, 0333, 0344, 0324, 0135, 0133, 0144, 0124</strong></p></td><td><p><strong>1 in 312.5</strong></p></td><td><p><strong>$17</strong></p></td></tr><tr><td><p><strong>1-Off Four Digits</strong></p></td><td><p><strong>Exact Order</strong></p></td><td><p><strong>2345, 2343, 2325, 2323, 2145, 2143, 2125, 2123, 0345, 0343, 0325, 0323, 0145, 0143, 0125, 0123</strong></p></td><td><p><strong>1 in 625</strong></p></td><td><p><strong>$37</strong></p></td></tr></tbody></table>",F,"4","4-Digits",MOC,F,F,,,"1$",upto 14 consecutive draws,"Mon-Sun, on or before draw time"
411,Show Me Cash,Missouri-Show Me Cash,"8:59 PM",US/Central,"09:59 PM",select 5 numbers from 1 to 39.,"5/39",,,F,F,,,F,F,Active,"<table class=""table table-bordered""><thead><tr class=""result-table-heading""><th><p><strong>Match</strong></p></th><th><p><strong>Prize</strong></p></th><th><p><strong>Chance 1 In</strong></p></th></tr></thead><tbody><tr><td><p><strong>5 of 5 numbers</strong></p></td><td><p><strong>Jackpot - minimum of $50,000</strong></p></td><td><p><strong>575,757</strong></p></td></tr><tr><td><p><strong>4 of 5 numbers</strong></p></td><td><p><strong>$250</strong></p></td><td><p><strong>3,386.8</strong></p></td></tr><tr><td><p><strong>3 of 5 numbers</strong></p></td><td><p><strong>$10</strong></p></td><td><p><strong>102.6</strong></p></td></tr><tr><td><p><strong>2 of 5 numbers</strong></p></td><td><p><strong>$1</strong></p></td><td><p><strong>9.6</strong></p></td></tr><tr><td><p><strong>Overall chances of winning a prize: 1 in 8.77</strong></p></td></tr></tbody></table><p><strong>To play Show Me Cash.</strong>&nbsp;. .</p>",F,"5","5/39",MO4,T,F,,,"1$",upto 14 consecutive draws,"Mon-Sun, on or before draw time"
412,"10 Spot Midday",Montana-10 Spot Midday,"12:30 PM",US/Mountain,"02:30 PM",,"6/53",,,F,F,,,F,F,Ignore,,F,"6+1","6/53 + XTRA",,F,F,,,,,
413,Montana Cash,Montana-Montana Cash,"8:00 PM",US/Central,"09:00 PM",Choose 5 numbers from 1 to 45.,"5/45",,,F,F,,,F,F,Active,"<table class=""table table-bordered""><thead><tr class=""result-table-heading""><th><strong>MATCH</strong></th><th><strong>PRIZE</strong></th><th><strong>ODDS PER PLAY</strong></th></tr></thead><tbody><tr><td>MATCH 5</td><td>MAX CASH</td><td>1:610,880</td></tr><tr><td>MATCH 5</td><td>JACKPOT</td><td>1:610,880</td></tr><tr><td>MATCH 4</td><td>$200</td><td>1:3,054</td></tr><tr><td>MATCH 3</td><td>$5</td><td>1:78</td></tr><tr><td>MATCH 2</td><td>$1</td><td>1:6</td></tr></tbody></table>",F,"5","5/45",MT1,T,F,,,"1$",upto 24 consecutive draws,"Wed and Sat, on or before draw time"
414,Pick 3,Nebraska-Pick 3,"8:40 PM",US/Central,"09:40 PM",Choose 3 digits from 0 to 9.,"3-Digits",$600,,F,F,,"<h4>How to play Nebraska Pick 3</h4> <p>It&rsquo;s easy, just select any three digits (0 through 9) and mark them on the selection slip. Pick three-digit (000 through 999).</p> <p>The second step is to select the way you want to play. Be sure about play type as the selected play type determines the prize amount:</p> <p><strong>Straight:&nbsp;</strong>Three numbers in exact order drawn</p> <p><strong>Box: &nbsp;</strong>Three numbers in any order. You have two options:</p> <ol> <li>3-Way &ndash; Two of your three numbers are the same</li> <li>6-Way &ndash; Three different numbers are selected</li> </ol> <p>&nbsp;</p> <p><strong>Straight/Box: &nbsp;</strong>Three numbers in exact or any order</p> <p><strong>Front Pair: &nbsp;</strong>First two numbers in exact order drawn</p> <p><strong>Back Pair:&nbsp;</strong>&nbsp;Last two numbers in exact order drawn</p> <p>&nbsp;</p> <h4>Nebraska Pick 3 drawing schedule</h4> <p>Nebraska Pick 3 drawings are held seven days a week. The results will be released to the public by 10 p.m. each night central time</p>",F,F,Active,"<table class=""table table-bordered""><thead><tr class=""result-table-heading""> <th>  Match  </th> <th>  Prize  </th> <th>  Odds  </th> </tr> </thead><tbody> <tr> <td>  Straight  </td> <td>  $600  </td> <td>  1,000.00  </td> </tr> <tr> <td>  Box (6 Way)  </td> <td>  $100  </td> <td>  166.67  </td> </tr> <tr> <td>  Box (3 Way)  </td> <td>  $200  </td> <td>  333.33  </td> </tr> <tr> <td>  S/B (Straight)  </td> <td>  $350  </td> <td>  1,000.00  </td> </tr> <tr> <td>  S/B (Box - 6 Way)  </td> <td>  $50  </td> <td>  200.00  </td> </tr> <tr> <td>  S/B (Box - 3 Way)  </td> <td>  $126  </td> <td>  500.00  </td> </tr> <tr> <td>  CMB (Match 3 Positionally)  </td> <td>  $100  </td> <td>  1,000.00  </td> </tr> <tr> <td>  CMB (Match 2 Positionally)  </td> <td>  $8  </td> <td>  37.04  </td> </tr> <tr> <td>  CMB (Match 1 Positionally)  </td> <td>  $1  </td> <td>  4.00  </td> </tr> </tbody> </table>",F,"3","3-Digits",NEA,F,F,,,"1$",Upto 72 consecutive draws,Before 1 hour to time of draw on draw night
415,Pick 3 Midday,New Jersey-Pick 3 Midday,"12:57 PM",US/Eastern,"12:57 PM",Choose 3 digits from 0 to 9.,"3-Digits+1",$250,,F,F,,,F,F,Active,"<table class=""table table-bordered""><thead><tr class=""result-table-heading""><th >Match</th><th >PrizeAmount</th><th >Odds</th></tr></thead><tbody><tr ><td>Straight</td><td>$250</td><td>1 in 1,000</td></tr><tr ><td>Box (3-way)</td><td>$80</td><td>1 in 333</td></tr><tr ><td>Box (6-way)</td><td>$40</td><td>1 in 167</td></tr><tr ><td>3-Way Wheel</td><td>$250</td><td>1 in 333</td></tr><tr ><td>6-Way Wheel</td><td>$250</td><td>1 in 167</td></tr><tr ><td>Pair (Front or Back or Split)</td><td>$25</td><td>1 in 100</td></tr><tr ><td>Straight with Fireball</td><td>$91.50</td><td>1 in 333</td></tr><tr ><td>Box (3-way) with Fireball</td><td>$30.50</td><td>1 in 111</td></tr><tr ><td>Box (6-way) with Fireball</td><td>$15</td><td>1 in 56</td></tr><tr ><td>3-Way Wheel with Fireball</td><td>$91.50</td><td>1 in 111</td></tr><tr ><td>6-Way Wheel with Fireball</td><td>$91.50</td><td>1 in 56</td></tr><tr ><td>Pair with Fireball</td><td>$9</td><td>1 in 33</td></tr></tbody></table>",F,"3+1","3-Digits + 1 (Fireball)",NJA,F,F,,,"1$",Upto 7 consecutive draws(midday or evening or both),"6 minutes prior to draw time on draw afternoon"
416,Pick 3 Evening,New Jersey-Pick 3 Evening,"7:56 PM",US/Eastern,"07:56 PM",Choose 3 digits from 0 to 9.,"3-Digits+1",$250,,F,F,,,F,F,Active,"<table class=""table table-bordered""><thead><tr class=""result-table-heading""><th >Match</th><th >PrizeAmount</th><th >Odds</th></tr></thead><tbody><tr ><td>Straight</td><td>$250</td><td>1 in 1,000</td></tr><tr ><td>Box (3-way)</td><td>$80</td><td>1 in 333</td></tr><tr ><td>Box (6-way)</td><td>$40</td><td>1 in 167</td></tr><tr ><td>3-Way Wheel</td><td>$250</td><td>1 in 333</td></tr><tr ><td>6-Way Wheel</td><td>$250</td><td>1 in 167</td></tr><tr ><td>Pair (Front or Back or Split)</td><td>$25</td><td>1 in 100</td></tr><tr ><td>Straight with Fireball</td><td>$91.50</td><td>1 in 333</td></tr><tr ><td>Box (3-way) with Fireball</td><td>$30.50</td><td>1 in 111</td></tr><tr ><td>Box (6-way) with Fireball</td><td>$15</td><td>1 in 56</td></tr><tr ><td>3-Way Wheel with Fireball</td><td>$91.50</td><td>1 in 111</td></tr><tr ><td>6-Way Wheel with Fireball</td><td>$91.50</td><td>1 in 56</td></tr><tr ><td>Pair with Fireball</td><td>$9</td><td>1 in 33</td></tr></tbody></table>",F,"3+1","3-Digits + 1 (Fireball)",NJB,F,F,,,"1$",Upto 7 consecutive draws(midday or evening or both),"4 minutes prior to draw time on draw night"
417,Pick 4 Midday,New Jersey-Pick 4 Midday,"12:57 PM",US/Eastern,"12:57 PM",Choose 4 digits from 0 to 9.,"4-Digits+1","$2,500",,F,F,,,F,F,Active,"<table class=""table table-bordered""><thead><tr class=""result-table-heading""><th >How to Bet</th><th >Odds</th><th >What You Win</th></tr></thead><tbody><tr><td>Straight<td >1: 10,000<td >$2,500</tr><tr><td>24-Way Combination (Box)<td >1: 417<td >$100</tr><tr><td>12-Way Combination (Box)<td >1: 833<td >$200</tr><tr><td>6-Way Combination (Box)<td >1: 1,667<td >$400</tr><tr><td>4-Way Combination (Box)<td >1: 2,500<td >$600</tr><tr><td>Front Pair<td >1: 100<td >$25</tr><tr><td>Back Pair<td >1: 100<td >$25</tr><tr><td>Straight with FireBall<td >1: 2,500<td >$687.50</tr><tr><td>24-Way Combination (Box) with FireBall<td >1:104<td >$28.50</tr><tr><td>12-Way Combination (Box) with FireBall<td >1: 208<td >$57.00</tr><tr><td>6-Way Combination (Box) with FireBall<td >1: 417<td >$114.50</tr><tr><td>4-Way Combination (Box) with FireBall<td >1: 625<td >$171.50</tr><tr><td>Front Pair with FireBall<td >1: 25<td >$6.50</tr><tr><td>Back Pair with Fire Ball<td >1: 25<td >$6.50</tr></tbody></table>  ",F,"4+1","4-Digits + 1 (Fireball)",NJC,F,F,,,"1$",Upto 7 consecutive draws(midday or evening or both),"6 minutes prior to draw time on draw afternoon"
418,Pick 4 Evening,New Jersey-Pick 4 Evening,"7:56 PM",US/Eastern,"07:56 PM",Choose 4 digits from 0 to 9.,"4-Digits+1","$2,500",,F,F,,,F,F,Active,"<table class=""table table-bordered""><thead><tr class=""result-table-heading""><th >How to Bet</th><th >Odds</th><th >What You Win</th></tr></thead><tbody><tr><td>Straight<td >1: 10,000<td >$2,500</tr><tr><td>24-Way Combination (Box)<td >1: 417<td >$100</tr><tr><td>12-Way Combination (Box)<td >1: 833<td >$200</tr><tr><td>6-Way Combination (Box)<td >1: 1,667<td >$400</tr><tr><td>4-Way Combination (Box)<td >1: 2,500<td >$600</tr><tr><td>Front Pair<td >1: 100<td >$25</tr><tr><td>Back Pair<td >1: 100<td >$25</tr><tr><td>Straight with FireBall<td >1: 2,500<td >$687.50</tr><tr><td>24-Way Combination (Box) with FireBall<td >1:104<td >$28.50</tr><tr><td>12-Way Combination (Box) with FireBall<td >1: 208<td >$57.00</tr><tr><td>6-Way Combination (Box) with FireBall<td >1: 417<td >$114.50</tr><tr><td>4-Way Combination (Box) with FireBall<td >1: 625<td >$171.50</tr><tr><td>Front Pair with FireBall<td >1: 25<td >$6.50</tr><tr><td>Back Pair with Fire Ball<td >1: 25<td >$6.50</tr></tbody></table>  ",F,"4+1","4-Digits + 1 (Fireball)",NJD,F,F,,,"1$",Upto 7 consecutive draws(midday or evening or both) ,"4 minutes prior to draw time on draw night "
419,Jersey Cash 5,New Jersey-Jersey Cash 5,"7:56 PM",US/Eastern,"07:56 PM",Choose 5 numbers from 1 to 45.,"5/45+1",,,F,F,,,F,F,Active,"<table class=""table table-bordered""><thead><tr class=""result-table-heading""><th >Match </th><th width=""162""> Prize Amount </th><th width=""174""> Odds </th></tr></thead><tbody><tr><td>Match 5</td><td>Jackpot</td><td>1 in 962,598</td></tr><tr><td>Match 4</td><td>$500</td><td>1 in 5,066</td></tr><tr><td>Match 3</td><td>$15</td><td>1 in 137</td></tr><tr class=""result-table-heading""><td>Xtra Add XTRA value for $1 more per play.</td><td> Prize Amount</td><td>Multiplier Odds</td></tr><tr><td>Match 4, with Xtra Multiplier 2</td><td>$1000</td><td>5 in 11</td></tr><tr><td>Match 3, with Xtra Multiplier 2</td><td>$30</td><td>5 in 11</td></tr><tr><td>Match 4, with Xtra Multiplier 3</td><td>$1500</td><td>3 in 11</td></tr><tr><td>Match 3, with Xtra Multiplier 3</td><td>$45</td><td>3 in 11</td></tr><tr><td>Match 4, with Xtra Multiplier 4</td><td>$2000</td><td>2 in 11</td></tr><tr><td>Match 3, with Xtra Multiplier 4</td><td>$60</td><td>2 in 11</td></tr><tr><td>Match 4, with Xtra Multiplier 5</td><td>$2,500</td><td>1 in 11</td></tr><tr><td>Match 3, with Xtra Multiplier 5</td><td>$75</td><td>1 in 11</td></tr><tr><td>Match 2, with Xtra Any Multiplier</td><td>$2</td><td>--</td></tr><tr><td> </td><td> </td><td> </td></tr></tbody></table> ",F,"5+1","5/45+1(Xtra)",NJ2,T,F,,,"1$",Up to 21 consecutive draws,Before 10:53 p.m. on draw nights
420,Pick 3 Plus Day,New Mexico-Pick 3 Plus Day,"1:00 PM",US/Mountain,"03:00 PM",Choose 3 digits from 0 to 9.,"3-Digits",$500,,F,F,,,F,F,Active,"<table class=""table table-bordered""><thead><tr class=""result-table-heading""><th><strong>Type of Play</strong></th><th><strong>Odds</strong></th><th><strong>$1</strong></th></tr></thead><tbody><tr><td>Straight</td><td>1:1000</td><td>$500</td></tr><tr><td>3-way box</td><td>1:333</td><td>$160</td></tr><tr><td>6-way box</td><td>1:166</td><td>$80</td></tr><tr><td>Str/box 3-way</td><td>1:333</td><td>$330 $80(Box)</td></tr><tr><td>Str/box 6-way</td><td>1:166</td><td>$290 $40(box)</td></tr><tr><td>Front Pair</td><td>1:56</td><td>$5</td></tr><tr><td>Back Pair</td><td>1:56</td><td>$5</td></tr></tbody></table>",F,"3","3-Digits",NMB,F,F,,,"1$",Up to 14 consecutive draws (midday and evening ),Before 01:00 pm on the draw afternoon
421,Numbers Midday,New York-Numbers Midday,"12:24 PM",US/Eastern,"12:24 PM",Choose 3 digits from 0 to 9.,"3-Digits",$500,,F,F,,,F,F,Active,"<table class=""table table-bordered""><thead><tr class=""result-table-heading""><th><strong>Type of Play</strong></th><th><strong>Odds</strong></th><th><strong>$1</strong></th></tr></thead><tbody><tr><td>Straight</td><td>1:1000</td><td>$500</td></tr><tr><td>3-way box</td><td>1:333</td><td>$160</td></tr><tr><td>6-way box</td><td>1:167</td><td>$80</td></tr><tr><td>Str/box 3-way</td><td>1:333</td><td>$330 $80(Box)</td></tr><tr><td>Str/box 6-way</td><td>1:167</td><td>$290 $40(box)</td></tr><tr><td>3-way combo</td><td>1:333</td><td>$500</td></tr><tr><td>6-way comb</td><td>1:167</td><td>$500</td></tr><tr><td>Front Pair</td><td>1:100</td><td>$50</td></tr><tr><td>Back Pair</td><td>1:56</td><td>$50</td></tr></tbody></table>",F,"3","3-Digits",NYA,F,F,,,"1$",Up to 7 consecutive drawings(both midday and eve),Before 15 minutes of time of draw
422,Numbers Evening,New York-Numbers Evening,"7:35 PM",US/Eastern,"07:35 PM",Choose 3 digits from 0 to 9.,"3-Digits",$500,,F,F,,,F,F,Active,"<table class=""table table-bordered""><thead><tr class=""result-table-heading""><th><strong>Type of Play</strong></th><th><strong>Odds</strong></th><th><strong>$1</strong></th></tr></thead><tbody><tr><td>Straight</td><td>1:1000</td><td>$500</td></tr><tr><td>3-way box</td><td>1:333</td><td>$160</td></tr><tr><td>6-way box</td><td>1:167</td><td>$80</td></tr><tr><td>Str/box 3-way</td><td>1:333</td><td>$330 $80(Box)</td></tr><tr><td>Str/box 6-way</td><td>1:167</td><td>$290 $40(box)</td></tr><tr><td>3-way combo</td><td>1:333</td><td>$500</td></tr><tr><td>6-way comb</td><td>1:167</td><td>$500</td></tr><tr><td>Front Pair</td><td>1:100</td><td>$50</td></tr><tr><td>Back Pair</td><td>1:56</td><td>$50</td></tr></tbody></table>",F,"3","3-Digits",NYB,F,F,,,"1$",Up to 7 consecutive drawings(both midday and eve),Before 10 minutes of time of draw
423,Win 4 Midday,New York-Win 4 Midday,"12:24 PM",US/Eastern,"12:24 PM",Choose 4 digits from 0 to 9.,"4-Digits","$5,000",,F,F,,,F,F,Active,"<table class=""table table-bordered""><thead><tr class=""result-table-heading""><th><strong>Type of Play</strong></th><th><strong>Odds</strong></th><th><strong>$1</strong></th></tr></thead><tbody><tr><td>Straight</td><td>1:10000</td><td>$5000</td></tr><tr><td>4-way box</td><td>1:2500</td><td>$1200</td></tr><tr><td>6-way box</td><td>1:1667</td><td>$800</td></tr><tr><td>12-way box</td><td>1:833</td><td>$400</td></tr><tr><td>24-way box</td><td>1:417</td><td>$200</td></tr><tr><td>4-way combo</td><td>1:2500</td><td>$5000</td></tr><tr><td>6-way combo</td><td>1:1667</td><td>$5000</td></tr><tr><td>12-way combo</td><td>1:833</td><td>$5000</td></tr><tr><td>24-way combo</td><td>1:417</td><td>$500</td></tr><tr><td>Str/box 4-way</td><td>1:2500</td><td>$3100/$600</td></tr><tr><td>Str/box 6-way</td><td>1:1667</td><td>$2900/$400</td></tr><tr><td>Str/box 12-way</td><td>1:833</td><td>$2700/$200</td></tr><tr><td>Str/box 24-way</td><td>1:417</td><td>$2600/$100</td></tr><tr><td>Front Pair</td><td>1:100</td><td>$50</td></tr><tr><td>Back Pair</td><td>1:100</td><td>$50</td></tr></tbody></table>",F,"4","4-Digits",NYC,F,F,,,"1$",Up to 7 consecutive drawings(both midday and eve),Before 15 minutes of time of draw
424,Win 4 Evening,New York-Win 4 Evening,"7:35 PM",US/Eastern,"07:35 PM",Choose 4 digits from 0 to 9.,"4-Digits","$5,000",,F,F,,,F,F,Active,"<table class=""table table-bordered""><thead><tr class=""result-table-heading""><th><strong>Type of Play</strong></th><th><strong>Odds</strong></th><th><strong>$1</strong></th></tr></thead><tbody><tr><td>Straight</td><td>1:10000</td><td>$5000</td></tr><tr><td>4-way box</td><td>1:2500</td><td>$1200</td></tr><tr><td>6-way box</td><td>1:1667</td><td>$800</td></tr><tr><td>12-way box</td><td>1:833</td><td>$400</td></tr><tr><td>24-way box</td><td>1:417</td><td>$200</td></tr><tr><td>4-way combo</td><td>1:2500</td><td>$5000</td></tr><tr><td>6-way combo</td><td>1:1667</td><td>$5000</td></tr><tr><td>12-way combo</td><td>1:833</td><td>$5000</td></tr><tr><td>24-way combo</td><td>1:417</td><td>$500</td></tr><tr><td>Str/box 4-way</td><td>1:2500</td><td>$3100/$600</td></tr><tr><td>Str/box 6-way</td><td>1:1667</td><td>$2900/$400</td></tr><tr><td>Str/box 12-way</td><td>1:833</td><td>$2700/$200</td></tr><tr><td>Str/box 24-way</td><td>1:417</td><td>$2600/$100</td></tr><tr><td>Front Pair</td><td>1:100</td><td>$50</td></tr><tr><td>Back Pair</td><td>1:100</td><td>$50</td></tr></tbody></table>",F,"4","4-Digits",NYD,F,F,,,"1$",Up to 7 consecutive drawings(both midday and eve),Before 10 minutes of time of draw
425,Take 5 Evening,New York-Take 5 Evening,"11:21 PM",US/Eastern,"11:21 PM",select 5 numbers from 1 to 39.,"5/39",,,F,F,,,F,F,Active,"<table class=""table table-bordered""><thead><tr class=""result-table-heading""><th><strong>MATCH</strong></th><th><strong>PRIZE</strong></th><th><strong>ODDS</strong></th></tr></thead><tbody><tr><td>MATCH 5</td><td>$57,575.70</td><td>1: 575,757</td></tr><tr><td>MATCH 4</td><td>$508.02</td><td>1: 3,386.81</td></tr><tr><td>MATCH 3</td><td>$25.66</td><td>1: 102.63</td></tr><tr><td>MATCH 2</td><td>Quick Pick Free Play</td><td>1: 9.62</td></tr></tbody></table>",F,"5","5/39",NY2,T,F,,,"1$",Up to 7 consecutive drawings(both midday and eve),Before 10 minutes of time of draw
426,Sweet Million,New York-Sweet Million,"9:30 PM",US/Eastern,"09:30 PM",,"6/53",,,F,F,,,F,F,Ignore,,F,"6+1","6/53 + XTRA",,F,F,,,,,
427,Pick 10,New York-Pick 10,"7:35 PM",US/Eastern,"07:35 PM",select 10 numbers from 1 to 80.,"10/80","$500,000",,F,F,,,F,F,Active,"<table class=""table table-bordered""><thead><tr class=""result-table-heading""><th><strong>MATCH</strong></th><th><strong>PRIZE</strong></th><th><strong>ODDS</strong></th></tr></thead><tbody><tr><td>MATCH 10</td><td>$500,000</td><td>1 in 8,911,711</td></tr><tr><td>MATCH 9</td><td>$6,000</td><td>1 in 163,381</td></tr><tr><td>MATCH 8</td><td>$300</td><td>1 in 7,384</td></tr><tr><td>MATCH 7</td><td>$40</td><td>1 in 621</td></tr><tr><td>MATCH 6</td><td>$10</td><td>1 in 87</td></tr><tr><td>NO MATCH</td><td>$4</td><td>1 in 22</td></tr></tbody></table>",F,"20","10/80",NY3,T,T,,,"1$",Up to 7 consecutive draws,Before 08:00 p.m. on draw night
428,Pick 3 Day,North Carolina-Pick 3 Day,"3:00 PM",US/Eastern,"03:00 PM",Choose 3 digits from 0 to 9.,"3-Digits+1",$500,,F,F,,,F,F,Active,"<table class=""table table-bordered""><thead><tr class=""result-table-heading""><th><strong>Type of Play</strong></th><th><strong>Odds</strong></th><th><strong>$1</strong></th></tr></thead><tbody><tr><td>Straight</td><td>1:1000</td><td>$500</td></tr><tr><td>3-way (any order)</td><td>1:333</td><td>$160</td></tr><tr><td>6-way (any order)</td><td>1:166</td><td>$80</td></tr><tr><td>3-way (exact/any)</td><td>1:1000/1:333</td><td>$330/$80</td></tr><tr><td>6-way (exact/any)</td><td>1:1000/1:166</td><td>$290/$40</td></tr><tr><td>3-way combo</td><td>1:333</td><td>$500</td></tr><tr><td>6-way combo</td><td>1:166</td><td>$500</td></tr><tr><td>One digit 1-Off</td><td>1:166</td><td>$40</td></tr><tr><td>Two digit 1-Off</td><td>1:83</td><td>$10</td></tr><tr><td>Three digit 1-Off</td><td>1:125</td><td>$18</td></tr><tr><td>Front Pair</td><td>1:100</td><td>$50</td></tr><tr><td>Back Pair</td><td>1:100</td><td>$50</td></tr></tbody></table>",F,"3+1","3-Digits + 1 (Lucky Sum)",NCB,F,F,,,"1$",Up to 7 consecutive day drawings ,Before 2:45 p.m. on the draw afternoon 
429,Pick 3 Evening,North Carolina-Pick 3 Evening,"11:22 PM",US/Eastern,"11:22 PM",Choose 3 digits from 0 to 9.,"3-Digits+1",$500,,F,F,,,F,F,Active,"<table class=""table table-bordered""><thead><tr class=""result-table-heading""><th><strong>Type of Play</strong></th><th><strong>Odds</strong></th><th><strong>$1</strong></th></tr></thead><tbody><tr><td>Straight</td><td>1:1000</td><td>$500</td></tr><tr><td>3-way (any order)</td><td>1:333</td><td>$160</td></tr><tr><td>6-way (any order)</td><td>1:166</td><td>$80</td></tr><tr><td>3-way (exact/any)</td><td>1:1000/1:333</td><td>$330/$80</td></tr><tr><td>6-way (exact/any)</td><td>1:1000/1:166</td><td>$290/$40</td></tr><tr><td>3-way combo</td><td>1:333</td><td>$500</td></tr><tr><td>6-way combo</td><td>1:166</td><td>$500</td></tr><tr><td>One digit 1-Off</td><td>1:166</td><td>$40</td></tr><tr><td>Two digit 1-Off</td><td>1:83</td><td>$10</td></tr><tr><td>Three digit 1-Off</td><td>1:125</td><td>$18</td></tr><tr><td>Front Pair</td><td>1:100</td><td>$50</td></tr><tr><td>Back Pair</td><td>1:100</td><td>$50</td></tr></tbody></table>",F,"3+1","3-Digits + 1 (Lucky Sum)",NCA,F,F,,,"1$",Up to 7 consecutive evening drawings ,Before 10:59 p.m. on the draw night 
430,Pick 4 Day,North Carolina-Pick 4 Day,"3:00 PM",US/Eastern,"03:00 PM",Choose 4 digits from 0 to 9.,"4-Digits+1","$5,000",,F,F,,,F,F,Active,"<table class=""table table-bordered""><thead><tr class=""result-table-heading""><th><strong>Type of Play</strong></th><th><strong>Odds</strong></th><th><strong>$1</strong></th></tr></thead><tbody><tr><td>Straight</td><td>1:10000</td><td>$5000</td></tr><tr><td>4-way (any order)</td><td>1:2500</td><td>$1200</td></tr><tr><td>6-way (any order)</td><td>1:1667</td><td>$800</td></tr><tr><td>12-way (any order)</td><td>1:833</td><td>$400</td></tr><tr><td>24-way (any order)</td><td>1:416</td><td>$200</td></tr><tr><td>4-way (exact/any)</td><td>1:10000/1:2500</td><td>$3100/$600</td></tr><tr><td>6-way (exact/any)</td><td>1:10000/1:1667</td><td>$2900/$400</td></tr><tr><td>12-way (exact/any)</td><td>1:10000/1:833</td><td>$2700/$200</td></tr><tr><td>24-way (exact/any)</td><td>1:10000/1:416</td><td>$2600/$100</td></tr><tr><td>4-way combo</td><td>1:2500</td><td>$5000</td></tr><tr><td>6-way combo</td><td>1:1667</td><td>$5000</td></tr><tr><td>12-way combo</td><td>1:833</td><td>$5000</td></tr><tr><td>24-way combo</td><td>1:416</td><td>$5000</td></tr><tr><td>Front Pair</td><td>1:100</td><td>$50</td></tr><tr><td>Back Pair</td><td>1:100</td><td>$50</td></tr><tr><td>One digit 1-Off</td><td>1:1250</td><td>$300</td></tr><tr><td>Two digit 1-Off</td><td>1:416</td><td>$40</td></tr><tr><td>Three digit 1-Off</td><td>1:312</td><td>$26</td></tr><tr><td>Four digit 1-Off</td><td>1:625</td><td>$52</td></tr></tbody></table>",F,"4+1","4-Digits + 1 (Lucky Sum)",NCD,F,F,,,"1$",Up to 7 consecutive day drawings ,Before 2:45 p.m. on the draw afternoon
431,Pick 4 Evening,North Carolina-Pick 4 Evening,"11:22 PM",US/Eastern,"11:22 PM",Choose 4 digits from 0 to 9.,"4-Digits+1","$5,000",,F,F,,,F,F,Active,"<table class=""table table-bordered""><thead><tr class=""result-table-heading""><th><strong>Type of Play</strong></th><th><strong>Odds</strong></th><th><strong>$1</strong></th></tr></thead><tbody><tr><td>Straight</td><td>1:10000</td><td>$5000</td></tr><tr><td>4-way (any order)</td><td>1:2500</td><td>$1200</td></tr><tr><td>6-way (any order)</td><td>1:1667</td><td>$800</td></tr><tr><td>12-way (any order)</td><td>1:833</td><td>$400</td></tr><tr><td>24-way (any order)</td><td>1:416</td><td>$200</td></tr><tr><td>4-way (exact/any)</td><td>1:10000/1:2500</td><td>$3100/$600</td></tr><tr><td>6-way (exact/any)</td><td>1:10000/1:1667</td><td>$2900/$400</td></tr><tr><td>12-way (exact/any)</td><td>1:10000/1:833</td><td>$2700/$200</td></tr><tr><td>24-way (exact/any)</td><td>1:10000/1:416</td><td>$2600/$100</td></tr><tr><td>4-way combo</td><td>1:2500</td><td>$5000</td></tr><tr><td>6-way combo</td><td>1:1667</td><td>$5000</td></tr><tr><td>12-way combo</td><td>1:833</td><td>$5000</td></tr><tr><td>24-way combo</td><td>1:416</td><td>$5000</td></tr><tr><td>Front Pair</td><td>1:100</td><td>$50</td></tr><tr><td>Back Pair</td><td>1:100</td><td>$50</td></tr><tr><td>One digit 1-Off</td><td>1:1250</td><td>$300</td></tr><tr><td>Two digit 1-Off</td><td>1:416</td><td>$40</td></tr><tr><td>Three digit 1-Off</td><td>1:312</td><td>$26</td></tr><tr><td>Four digit 1-Off</td><td>1:625</td><td>$52</td></tr></tbody></table>",F,"4+1","4-Digits + 1 (Lucky Sum)",NCC,F,F,,,"1$",Up to 7 consecutive evening drawings,Before 10:59 p.m. on the draw afternoon
432,Cash 5,North Carolina-Cash 5,"11:22 PM",US/Eastern,"11:22 PM",Choose 5 numbers from 1 to 43 and another 5 numbers from 1 to 43 for double play.,"5/43",,,F,F,,,F,F,Active,"<table class=""table table-bordered""><thead><tr class=""result-table-heading""><th><strong>Match</strong></th><th><strong>Prize</strong></th><th><strong>Pool%</strong></th><th><strong>Odds</strong></th></tr></thead><tbody><tr><td>5</td><td>Pari-mutuel**</td><td>65.30%</td><td>1:962,598</td></tr><tr><td>4</td><td>$250*</td><td>9.87%</td><td>1:5,066</td></tr><tr><td>3</td><td>$5</td><td>7.30%</td><td>1:136.9</td></tr><tr><td>2</td><td>$1</td><td>17.53%</td><td>1:11.41</td></tr></tbody></table>",F,"5","5/43",NC1,T,F,,,"1$",Up to 28 consecutive draws ,Before 10:59 p.m. on draw night at retail locations and 10:58 p.m. on draw night online 
433,Pick 3 Midday,Ohio-Pick 3 Midday,"12:29 PM",US/Eastern,"12:29 PM",Choose 3 digits from 0 to 9.,"3-Digits",$500,,F,F,,,F,F,Active,"<table class=""table table-bordered""> <thead> <tr class=""result-table-heading""><tr><th scope=""col"" >Wager Type</th><th scope=""col"" >Odds</th><th scope=""col"" >.50 Wager</th><th scope=""col"" >$1 Wager</th></tr></thead><tbody ><tr><td>Straight</td><td>1 in 1,000</td><td>Pay $250</td><td>$500</td></tr><tr ><td>6-Way Wheel (6 individual straight wagers)</td><td>6 in 1,000</td><td>Pay $250</td><td>$500</td></tr><tr><td>3-Way Wheel (3 individual straight wagers)</td><td>3 in 1,000</td><td>Pay $250</td><td>$500</td></tr><tr ><td>6-Way Box</td><td>1 in 167</td><td>Pay $41.50</td><td>$83</td></tr><tr><td>3-Way Box</td><td>1 in 333</td><td>Pay $83.50</td><td>$167</td></tr><tr ><td>Back Pair</td><td>1 in 100</td><td>Pay $25</td><td>$50</td></tr><tr><td>Front Pair</td><td>1 in 100</td><td>Pay $25</td><td>$50</td></tr><tr ><td>Split Pair</td><td>1 in 100</td><td>Pay $25</td><td>$50</td></tr></tbody></table>",F,"3","3-Digits",OHA,F,F,,,"1$",Up to 14 consecutive draws (including midday and evening),Before 5 minutes to time of draw on drawing days.
434,Pick 3 Evening,Ohio-Pick 3 Evening,"7:29 PM",US/Eastern,"07:29 PM",Choose 3 digits from 0 to 9.,"3-Digits",$500,,F,F,,,F,F,Active,"<table class=""table table-bordered""><thead><tr class=""result-table-heading""><th><p>Wager Type</p></th><th><p>Odds</p></th><th><p>.50 Wager</p></th><th><p>$1 Wager</p></th></tr></thead><tbody><tr><td><p>Straight</p></td><td><p>1 in 1,000</p></td><td><p>Pay $250</p></td><td><p>$500</p></td></tr><tr><td><p>6-Way Wheel&nbsp;</p></td><td><p>6 in 1,000</p></td><td><p>Pay $250</p></td><td><p>$500</p></td></tr><tr><td><p>3-Way Wheel</p></td><td><p>3 in 1,000</p></td><td><p>Pay $250</p></td><td><p>$500</p></td></tr><tr><td><p>6-Way Box</p></td><td><p>1 in 167</p></td><td><p>Pay $41.50</p></td><td><p>$83</p></td></tr><tr><td><p>3-Way Box</p></td><td><p>1 in 333</p></td><td><p>Pay $83.50</p></td><td><p>$167</p></td></tr><tr><td><p>Back Pair</p></td><td><p>1 in 100</p></td><td><p>Pay $25</p></td><td><p>$50</p></td></tr><tr><td><p>Front Pair</p></td><td><p>1 in 100</p></td><td><p>Pay $25</p></td><td><p>$50</p></td></tr><tr><td><p>Split Pair</p></td><td><p>1 in 100</p></td><td><p>Pay $25</p></td><td><p>$50</p></td></tr></tbody></table><h3>Pick 3, Straight Winners on a Back-Up Bet</h3><table><thead><tr><td><p>Amount Bet</p></td><td><p>Total Cost</p></td><td><p>3-Way Back-Up</p></td><td><p>6-Way Back-Up</p></td></tr></thead><tbody><tr><td><p>.50</p></td><td><p>$1</p></td><td><p>$333.50</p></td><td><p>$291.50</p></td></tr><tr><td><p>$1</p></td><td><p>$2</p></td><td><p>$667</p></td><td><p>$583</p></td></tr></tbody></table>",F,"3","3-Digits",OHB,F,F,,,"1$",Up to 14 consecutive draws (including midday and evening),Before 5 minutes to time of draw on drawing days.
435,Pick 4 Midday,Ohio-Pick 4 Midday,"12:29 PM",US/Eastern,"12:29 PM",Choose 4 digits from 0 to 9.,"4-Digits","$5,000",,F,F,,,F,F,Active,"<table class=""table table-bordered""><thead><tr class=""result-table-heading""><th>Wager Type</th><th>Odds</th><th>$1 Wager</th></tr></thead><tbody><tr><td>Straight</td><td>1 in 10,000</td><td>$5,000</td></tr><tr><td>24-Way Box</td><td>1 in 417</td><td>$200</td></tr><tr><td>12-Way Box</td><td>1 in 833</td><td>$400</td></tr><tr><td>6-Way Box</td><td>1 in 1,667</td><td>$800</td></tr><tr><td>4-Way Box</td><td>1 in 2,500</td><td>$1,198</td></tr></tbody></table>",F,"4","4-Digits",OHC,F,F,,,"1$",Up to 14 consecutive draws (including midday and evening),Before 5 minutes to time of draw on drawing days.
436,Pick 4 Evening,Ohio-Pick 4 Evening,"7:29 PM",US/Eastern,"07:29 PM",Choose 4 digits from 0 to 9.,"4-Digits","$5,000",,F,F,,,F,F,Active,"<table class=""table table-bordered""><thead><tr class=""result-table-heading""><th>Wager Type</th><th>Odds</th><th>$1 Wager</th></tr></thead><tbody><tr><td>Straight</td><td>1 in 10,000</td><td>$5,000</td></tr><tr><td>24-Way Box</td><td>1 in 417</td><td>$200</td></tr><tr><td>12-Way Box</td><td>1 in 833</td><td>$400</td></tr><tr><td>6-Way Box</td><td>1 in 1,667</td><td>$800</td></tr><tr><td>4-Way Box</td><td>1 in 2,500</td><td>$1,198</td></tr></tbody></table>",F,"4","4-Digits",OHD,F,F,,,"1$",Up to 14 consecutive draws (including midday and evening),Before 5 minutes to time of draw on drawing days.
437,Pick 5 Midday,Ohio-Pick 5 Midday,"12:29 PM",US/Eastern,"12:29 PM",Choose 5 digits from 0 to 9.,"5-Digits","$50,000",,F,F,,,F,F,Active,"<table class=""table table-bordered""><thead><tr class=""result-table-heading""><th>Wager Type</th><th>Odds</th><th>$1.00 Wager</th></tr></thead><tbody><tr><td>Straight</td><td>1 in 100,000</td><td>$50,000</td></tr><tr><td>120-Way Box</td><td>1 in 833</td><td>$417</td></tr><tr><td>60-Way Box</td><td>1 in 1,667</td><td>$834</td></tr><tr><td>30-Way Box</td><td>1 in 3,333</td><td>$1,668</td></tr><tr><td>20-Way Box</td><td>1 in 5,000</td><td>$2,500</td></tr><tr><td>10-Way Box</td><td>1 in 10,000</td><td>$5,000</td></tr><tr><td>5-Way Box</td><td>1 in 20,000</td><td>$10,000</td></tr></tbody></table>",F,"5","5-Digits",OHF,F,F,,,"1$",Up to 14 consecutive draws (including midday and evening),Before 5 minutes to time of draw on drawing days.
438,Pick 5 Evening,Ohio-Pick 5 Evening,"7:29 PM",US/Eastern,"07:29 PM",Choose 5 digits from 0 to 9.,"5-Digits","$50,000",,F,F,,,F,F,Active,"<table class=""table table-bordered""><thead><tr class=""result-table-heading""><th>Wager Type</th><th>Odds</th><th>$1.00 Wager</th></tr></thead><tbody><tr><td>Straight</td><td>1 in 100,000</td><td>$50,000</td></tr><tr><td>120-Way Box</td><td>1 in 833</td><td>$417</td></tr><tr><td>60-Way Box</td><td>1 in 1,667</td><td>$834</td></tr><tr><td>30-Way Box</td><td>1 in 3,333</td><td>$1,668</td></tr><tr><td>20-Way Box</td><td>1 in 5,000</td><td>$2,500</td></tr><tr><td>10-Way Box</td><td>1 in 10,000</td><td>$5,000</td></tr><tr><td>5-Way Box</td><td>1 in 20,000</td><td>$10,000</td></tr></tbody></table>",F,"5","5-Digits",OHG,F,F,,,"1$",Up to 14 consecutive draws (including midday and evening),Before 5 minutes to time of draw on drawing days.
439,Classic Lotto,Ohio-Classic Lotto,"7:05 PM",US/Eastern,"07:05 PM",Choose 6 numbers from 1 to 49 and kicker 6 digits from 0 to 9.,"6/49",,,F,F,,,F,F,Active,"<table class=""table table-bordered""><thead><tr class=""result-table-heading""><th><strong>Match</strong></th><th><strong>Win</strong></th><th><strong>Odds</strong></th></tr></thead><tbody><tr><td>5 Match</td><td>Jackpot</td><td>1 in 13,983,816</td></tr><tr><td>4 Match</td><td>$1,500</td><td>1 in 54,201</td></tr><tr><td>3 Match</td><td>$70</td><td>1 in 1,032</td></tr><tr><td>2 Match</td><td>$2</td><td>1 in 57</td></tr></tbody></table>",F,"6+1","6/49 + 1 (Kicker)",OH5,T,F,,,"2$",Up to 14 consecutive draws,Before 5 minutes to time of draw on drawing days.
440,Rolling Cash 5,Ohio-Rolling Cash 5,"7:05 PM",US/Eastern,"07:05 PM",select 5 numbers from 1 to 39.,"5/39",,,F,F,,,F,F,Active,"<table class=""table table-bordered""><thead><tr class=""result-table-heading""><th>Match</th><th>Win</th><th>Odds</th></tr></thead><tbody><tr><td>All 5 of 5 winning numbers</td><td>Jackpot*</td><td>1 in 575,757</td></tr><tr><td>Any 4 of 5 winning numbers</td><td>$300</td><td>1 in 3,387</td></tr><tr><td>Any 3 of 5 winning numbers</td><td>$10</td><td>1 in 103</td></tr><tr><td>Any 2 of 5 winning numbers</td><td>$1</td><td>1 in 10</td></tr></tbody></table>",F,"5","5/39",OH3,T,F,,,"1$",Up to 14 consecutive draws,Before 5 minutes to time of draw on drawing days.
441,Pick 3,Oklahoma-Pick 3,"9:10 PM",US/Central,"10:10 PM",Choose 3 digits from 0 to 9.,"3-Digits",$500,,F,F,,,F,F,Active,"<table class=""table table-bordered""><thead><tr class=""result-table-heading""><th>Match</th><th>Win</th><th>Odds</th></tr></thead><tbody><tr><td>Straight</td><td>$500</td><td>1 in 1000</td></tr><tr><td>Box 3-way</td><td>$160</td><td>1 in 333</td></tr><tr><td>Box 6-way</td><td>$80</td><td>1 in 167</td></tr><tr><td>Front Pair</td><td>$50</td><td>1 in 100</td></tr><tr><td>Back Pair</td><td>$50</td><td>1 in 100</td></tr></tbody></table>",F,"3","3-Digits",OKA,F,F,,,"1$",Up to 7 consecutive draws,Before 1 minute to time of draw on draw night
442,Pick 4 1pm,Oregon-Pick 4 1pm,"1:00 PM",US/Pacific,"04:00 PM",Choose 4 digits from 0 to 9.,"4-Digits","$5,000",,F,F,,,F,F,Active,"<table class=""table table-bordered""> <thead><thead><tr class=""result-table-heading""><th><p><strong>&nbsp;Match&nbsp;</strong></p></th><th><p><strong>&nbsp;Prize&nbsp;Amount&nbsp;</strong></p></th><th><p><strong>&nbsp;Odds&nbsp;</strong></p></th></tr></thead><tbody><tr><td><p>All 4 (exact order)</p></td><td><p>$2,000</p></td><td><p>1 in 10,000</p></td></tr><tr><td><p>First 3 (exact order)</p></td><td><p>$150</p></td><td><p>1 in 1,111</p></td></tr><tr><td><p>Last 3 (exact order)</p></td><td><p>$150</p></td><td><p>1 in 1,111</p></td></tr><tr><td><p>First 2 (exact order)</p></td><td><p>$6</p></td><td><p>1 in 111</p></td></tr><tr><td><p>Middle 2 (exact order)</p></td><td><p>$6</p></td><td><p>1 in 123</p></td></tr><tr><td><p>Last 2 (exact order)</p></td><td><p>$6</p></td><td><p>1 in 111</p></td></tr></tbody></table><p>&nbsp;All prize amounts based on a wager of $1.</p>",F,"4","4-Digits",ORD,F,F,,,"1$","Up to 12 consecutive draws(1p.m.,4p.m.,7p.m.,10p.m.)", Before 1 minute to the draw time on draw day.
443,Pick 4 4pm,Oregon-Pick 4 4pm,"4:00 PM",US/Pacific,"07:00 PM",Choose 4 digits from 0 to 9.,"4-Digits","$5,000",,F,F,,,F,F,Active,"<table class=""table table-bordered""> <thead><thead><tr class=""result-table-heading""><th><p><strong>&nbsp;Match&nbsp;</strong></p></th><th><p><strong>&nbsp;Prize&nbsp;Amount&nbsp;</strong></p></th><th><p><strong>&nbsp;Odds&nbsp;</strong></p></th></tr></thead><tbody><tr><td><p>All 4 (exact order)</p></td><td><p>$2,000</p></td><td><p>1 in 10,000</p></td></tr><tr><td><p>First 3 (exact order)</p></td><td><p>$150</p></td><td><p>1 in 1,111</p></td></tr><tr><td><p>Last 3 (exact order)</p></td><td><p>$150</p></td><td><p>1 in 1,111</p></td></tr><tr><td><p>First 2 (exact order)</p></td><td><p>$6</p></td><td><p>1 in 111</p></td></tr><tr><td><p>Middle 2 (exact order)</p></td><td><p>$6</p></td><td><p>1 in 123</p></td></tr><tr><td><p>Last 2 (exact order)</p></td><td><p>$6</p></td><td><p>1 in 111</p></td></tr></tbody></table><p>&nbsp;All prize amounts based on a wager of $1.</p>",F,"4","4-Digits",ORE,F,F,,,"1$","Up to 12 consecutive draws(1p.m.,4p.m.,7p.m.,10p.m.)", Before 1 minute to the draw time on draw day.
444,Pick 4 7pm,Oregon-Pick 4 7pm,"7:00 PM",US/Pacific,"10:00 PM",Choose 4 digits from 0 to 9.,"4-Digits","$5,000",,F,F,,,F,F,Active,"<table class=""table table-bordered""> <thead><thead><tr class=""result-table-heading""><th><p><strong>&nbsp;Match&nbsp;</strong></p></th><th><p><strong>&nbsp;Prize&nbsp;Amount&nbsp;</strong></p></th><th><p><strong>&nbsp;Odds&nbsp;</strong></p></th></tr></thead><tbody><tr><td><p>All 4 (exact order)</p></td><td><p>$2,000</p></td><td><p>1 in 10,000</p></td></tr><tr><td><p>First 3 (exact order)</p></td><td><p>$150</p></td><td><p>1 in 1,111</p></td></tr><tr><td><p>Last 3 (exact order)</p></td><td><p>$150</p></td><td><p>1 in 1,111</p></td></tr><tr><td><p>First 2 (exact order)</p></td><td><p>$6</p></td><td><p>1 in 111</p></td></tr><tr><td><p>Middle 2 (exact order)</p></td><td><p>$6</p></td><td><p>1 in 123</p></td></tr><tr><td><p>Last 2 (exact order)</p></td><td><p>$6</p></td><td><p>1 in 111</p></td></tr></tbody></table><p>&nbsp;All prize amounts based on a wager of $1.</p>",F,"4","4-Digits",ORF,F,F,,,"1$","Up to 12 consecutive draws(1p.m.,4p.m.,7p.m.,10p.m.)", Before 1 minute to the draw time on draw day.
445,Win For Life,Oregon-Win For Life,"7:30 PM",US/Pacific,"10:30 PM",Choose 4 numbers from 1 to 77.,"4/77","$1,000 /week/life",,F,F,,,F,F,Active,"<table class=""table table-bordered""><thead><tr class=""result-table-heading""><th>Match</th><th>Win</th><th>Odds</th></tr></thead><tbody><tr><td>All 4 numbers in the win for life set</td><td>$1,000 a week for life</td><td>1 in 1,353,275</td></tr><tr><td>All 4 numbers in either of the 2 $50,000 sets</td><td>$50,000</td><td>1 in 676,638</td></tr><tr><td>All 4 numbers n any one of the 4 $20,000 sets</td><td>$20,000</td><td>1 in 338,319</td></tr><tr><td>All 4 numbers in any one of the 8 $10,000 sets</td><td>$10,000</td><td>1 in 169,159</td></tr><tr><td>3 numbers in any set</td><td>$25</td><td>1 in 309</td></tr><tr><td>2 numbers in any set</td><td>$2</td><td>1 in 6</td></tr><tr><td>No numbers on a ticket</td><td>$3</td><td>1 in 26</td></tr></tbody></table>",F,"4","4/77",OR2,F,F,,,"2$",Up to 14 consecutive draws, Before 1 minute to the draw time on draw day.
446,Lucky Lines,Oregon-Lucky Lines,"6:00 PM",US/Pacific,"09:00 PM",Select numbers from ticket as you like.,Non-Traditional,,,F,F,,,F,F,Ignore,"<table class=""table table-bordered""><thead><tr class=""result-table-heading""><th>Match</th><th>Win</th><th>Odds</th></tr></thead><tbody><tr><td>7 or 8 lines</td><td>$10,000</td><td>1 in 65,536</td></tr><tr><td>6 lines</td><td>$5000</td><td>1 in 5,461</td></tr><tr><td>5 lines</td><td>$100</td><td>1 in 2,185</td></tr><tr><td>4 lines</td><td>$25</td><td>1 in 607</td></tr><tr><td>3 lines</td><td>$7</td><td>1 in 117</td></tr><tr><td>2 lines</td><td>$4</td><td>1 in 27</td></tr><tr><td>1 line</td><td>$2</td><td>1 in 5</td></tr></tbody></table>",F,"8",Tic-Tac-Toe,OR4,T,F,,,"1$",Up to 10 consecutive draws, Before 1 minute to the draw time on draw day.
447,Pick 3 Midday,Pennsylvania- Pick 3 Midday,"1:35 PM",US/Eastern,"01:35 PM",Choose 3 digits from 0 to 9.,"3-Digits+1",$500,,F,F,,,F,F,Active,"<table class=""table table-bordered""><thead><tr class=""result-table-heading""><th><strong>Play type</strong></th><th><strong>Match</strong></th><th><strong>Pick</strong></th><th><strong>$1 </strong></th><th><strong>Odds</strong></th></tr></thead><tbody><tr><td>STRAIGHT</td><td>3 digits in exact order</td><td>Any 3 digits</td><td>$500</td><td>1 in 1,000</td></tr><tr><td>BOX</td><td>3 digits in any order</td><td>1 pair of digits plus 1 distinct digit</td><td>$160</td><td>1 in 333.33</td></tr><tr><td>BOX</td><td>3 digits in any order</td><td>Any 3 distinct digits</td><td>$80</td><td>1 in 166.67</td></tr><tr><td>FRONT PAIR</td><td>First 2 digits in exact order</td><td>Any 2 digits</td><td>$50</td><td>1 in 100</td></tr><tr><td>BACK PAIR</td><td>Last 2 digits in exact order</td><td>Any 2 digits</td><td>$50</td><td>1 in 100</td></tr><tr><td>SUPER STRAIGHT</td><td>Combines all possible STRAIGHT plays</td><td>Any 3 distinct digits</td><td>$500</td><td>1 in 1,000 (per play)</td></tr><tr><td>SUPER STRAIGHT</td><td>Combines all possible STRAIGHT plays</td><td>1 pair of digits plus 1 distinct digit</td><td>$500</td><td>1 in 1,000 (per play)</td></tr><tr><td>STRAIGHT/<br /> BOX</td><td>Combines a STRAIGHT play and a BOX play</td><td>Any 3 distinct digits</td><td>-</td><td>1 in 1,000<br /> 1 in 166.67</td></tr><tr><td>STRAIGHT/<br /> BOX</td><td>Combines a STRAIGHT play and a BOX play</td><td>1 pair of digits plus 1 distinct digit</td><td>-</td><td>1 in 1,000<br /> 1 in 333.33</td></tr></tbody></table>",F,"3+1","3-Digits + 1 (Wild)",PAB,F,F,,,"1$",Up to 7 consecutive drawings(both midday and eve),Before 30 minutes of time of draw
448,Pick 3 Evening,Pennsylvania-Pick 3 Evening,"6:59 PM",US/Eastern,"06:59 PM",Choose 3 digits from 0 to 9.,"3-Digits+1",$500,,F,F,,,F,F,Active,"<table class=""table table-bordered""><thead><tr class=""result-table-heading""><th><strong>Play type</strong></th><th><strong>Match</strong></th><th><strong>Pick</strong></th><th><strong>$1 </strong></th><th><strong>Odds</strong></th></tr></thead><tbody><tr><td>STRAIGHT</td><td>3 digits in exact order</td><td>Any 3 digits</td><td>$500</td><td>1 in 1,000</td></tr><tr><td>BOX</td><td>3 digits in any order</td><td>1 pair of digits plus 1 distinct digit</td><td>$160</td><td>1 in 333.33</td></tr><tr><td>BOX</td><td>3 digits in any order</td><td>Any 3 distinct digits</td><td>$80</td><td>1 in 166.67</td></tr><tr><td>FRONT PAIR</td><td>First 2 digits in exact order</td><td>Any 2 digits</td><td>$50</td><td>1 in 100</td></tr><tr><td>BACK PAIR</td><td>Last 2 digits in exact order</td><td>Any 2 digits</td><td>$50</td><td>1 in 100</td></tr><tr><td>SUPER STRAIGHT</td><td>Combines all possible STRAIGHT plays</td><td>Any 3 distinct digits</td><td>$500</td><td>1 in 1,000 (per play)</td></tr><tr><td>SUPER STRAIGHT</td><td>Combines all possible STRAIGHT plays</td><td>1 pair of digits plus 1 distinct digit</td><td>$500</td><td>1 in 1,000 (per play)</td></tr><tr><td>STRAIGHT/<br /> BOX</td><td>Combines a STRAIGHT play and a BOX play</td><td>Any 3 distinct digits</td><td>-</td><td>1 in 1,000<br /> 1 in 166.67</td></tr><tr><td>STRAIGHT/<br /> BOX</td><td>Combines a STRAIGHT play and a BOX play</td><td>1 pair of digits plus 1 distinct digit</td><td>-</td><td>1 in 1,000<br /> 1 in 333.33</td></tr></tbody></table>",F,"3+1","3-Digits + 1 (Wild)",PAA,F,F,,,"1$",Up to 7 consecutive drawings(both midday and eve),Before 30 minutes of time of draw
449,Pick 4 Midday,Pennsylvania-Pick 4 Midday,"1:35 PM",US/Eastern,"01:35 PM",Choose 4 digits from 0 to 9.,"4-Digits+1","$5,000",,F,F,,,F,F,Active,"<table class=""table table-bordered""><thead><tr class=""result-table-heading""><th><strong>Play type</strong></th><th><strong>Match</strong></th><th><strong>Pick</strong></th><th><strong>$1</strong></th><th><strong>Odds</strong></th></tr><tr><td>STRAIGHT</td><td>4 digits in exact order</td><td>Any 4 digits</td><td>$5,000</td><td>1 in 10,000</td></tr><tr><td>BOX</td><td>4 digits in any order</td><td>3 of the same digits plus 1 distinct digit</td><td>$1,200</td><td>1 in 2,500</td></tr><tr><td>BOX</td><td>4 digits in any order</td><td>2 pairs of different digits</td><td>$800</td><td>1 in 1,667</td></tr><tr><td>BOX</td><td>4 digits in any order</td><td>1 pair of digits plus 2 distinct digits</td><td>$400</td><td>1 in 833.33</td></tr><tr><td>BOX</td><td>4 digits in any order</td><td>Any 4 distinct digits</td><td>$200</td><td>1 in 416.67</td></tr><tr><td>STRAIGHT<br /> / BOX</td><td>Combines a STRAIGHT play and a BOX play</td><td>Any 4 distinct digits</td><td>-</td><td>1 in 10,000<br /> 1 in 416.67</td></tr><tr><td>STRAIGHT<br /> / BOX</td><td>Combines a STRAIGHT play and a BOX play</td><td>1 pair of digits plus 2 distinct digits</td><td>-</td><td>1 in 10,000<br /> 1 in 833.33</td></tr><tr><td>STRAIGHT<br /> / BOX</td><td>Combines a STRAIGHT play and a BOX play</td><td>2 pairs of different digits</td><td>-</td><td>1 in 10,000<br /> 1 in 1,667</td></tr><tr><td>STRAIGHT<br /> / BOX</td><td>Combines a STRAIGHT play and a BOX play</td><td>3 of the same digits plus 1 distinct digit</td><td>-</td><td>1 in 10,000<br /> 1 in 2,500</td></tr></thead></table>",F,"4+1","4-Digits + 1 (Wild)",PAD,F,F,,,"1$",Up to 7 consecutive drawings(both midday and eve),Before 30 minutes of time of draw
450,Pick 4 Evening,Pennsylvania-Pick 4 Evening,"6:59 PM",US/Eastern,"06:59 PM",Choose 4 digits from 0 to 9.,"4-Digits+1","$5,000",,F,F,,,F,F,Active,"<table class=""table table-bordered""><thead><tr class=""result-table-heading""><th><strong>Play type</strong></th><th><strong>Match</strong></th><th><strong>Pick</strong></th><th><strong>$1</strong></th><th><strong>Odds</strong></th></tr><tr><td>STRAIGHT</td><td>4 digits in exact order</td><td>Any 4 digits</td><td>$5,000</td><td>1 in 10,000</td></tr><tr><td>BOX</td><td>4 digits in any order</td><td>3 of the same digits plus 1 distinct digit</td><td>$1,200</td><td>1 in 2,500</td></tr><tr><td>BOX</td><td>4 digits in any order</td><td>2 pairs of different digits</td><td>$800</td><td>1 in 1,667</td></tr><tr><td>BOX</td><td>4 digits in any order</td><td>1 pair of digits plus 2 distinct digits</td><td>$400</td><td>1 in 833.33</td></tr><tr><td>BOX</td><td>4 digits in any order</td><td>Any 4 distinct digits</td><td>$200</td><td>1 in 416.67</td></tr><tr><td>STRAIGHT<br /> / BOX</td><td>Combines a STRAIGHT play and a BOX play</td><td>Any 4 distinct digits</td><td>-</td><td>1 in 10,000<br /> 1 in 416.67</td></tr><tr><td>STRAIGHT<br /> / BOX</td><td>Combines a STRAIGHT play and a BOX play</td><td>1 pair of digits plus 2 distinct digits</td><td>-</td><td>1 in 10,000<br /> 1 in 833.33</td></tr><tr><td>STRAIGHT<br /> / BOX</td><td>Combines a STRAIGHT play and a BOX play</td><td>2 pairs of different digits</td><td>-</td><td>1 in 10,000<br /> 1 in 1,667</td></tr><tr><td>STRAIGHT<br /> / BOX</td><td>Combines a STRAIGHT play and a BOX play</td><td>3 of the same digits plus 1 distinct digit</td><td>-</td><td>1 in 10,000<br /> 1 in 2,500</td></tr></thead></table>",F,"4+1","4-Digits + 1 (Wild)",PAC,F,F,,,"1$",Up to 7 consecutive drawings(both midday and eve),Before 30 minutes of time of draw
451,Pick 5 Midday,Pennsylvania-Pick 5 Midday,"1:35 PM",US/Eastern,"01:35 PM",Choose 5 digits from 0 to 9.,"5-Digits+1","$50,000",,F,F,,,F,F,Active,"<table class=""table table-bordered""><thead><tr class=""result-table-heading""><th><strong>Play type</strong></th><th><strong>Match</strong></th><th><strong>Pick</strong></th><th><strong>$1</strong></th><th><strong>Odds</strong></th></tr></thead><tbody><tr><td>STRAIGHT</td><td>5 digits in exact order</td><td>Any 5 digits</td><td>$50,000</td><td>1 in 100,000</td></tr><tr><td>BOX</td><td>5 digits in any order</td><td>4 of the same digits plus 1 different digit</td><td>$10,000</td><td>1 in 20,000</td></tr><tr><td>BOX</td><td>5 digits in any order</td><td>3 of the same digits plus 1 different pair of digits</td><td>$5,000</td><td>1 in 10,000</td></tr><tr><td>BOX</td><td>5 digits in any order</td><td>3 of the same digits plus 2 distinct digits</td><td>$2,500</td><td>1 in 5,000</td></tr><tr><td>BOX</td><td>5 digits in any order</td><td>2 different pairs of digits plus 1 distinct digit</td><td>$1,700</td><td>1 in 3,333</td></tr><tr><td>BOX</td><td>5 digits in any order</td><td>1 pair of digits plus 3 distinct digits</td><td>$850</td><td>1 in 1,667</td></tr><tr><td>BOX</td><td>5 digits in any order</td><td>Any 5 distinct digits</td><td>$425</td><td>1 in 833.33</td></tr><tr><td>FRONT FOUR</td><td>First 4 digits in exact order</td><td>Any 4 digits</td><td>$5,000</td><td>1 in 10,000</td></tr><tr><td>BACK FOUR</td><td>Last 4 digits in exact order</td><td>Any 4 digits</td><td>$5,000</td><td>1 in 10,000</td></tr></tbody></table>",F,"5+1","5-Digits + 1 (Wild)",PAE,F,F,,,"1$",Up to 7 consecutive drawings(both midday and eve),Before 30 minutes of time of draw
452,Pick 5 Evening,Pennsylvania-Pick 5 Evening,"6:59 PM",US/Eastern,"06:59 PM",Choose 5 digits from 0 to 9.,"5-Digits+1","$50,000",,F,F,,,F,F,Active,"<table class=""table table-bordered""><thead><tr class=""result-table-heading""><th><strong>Play type</strong></th><th><strong>Match</strong></th><th><strong>Pick</strong></th><th><strong>$1</strong></th><th><strong>Odds</strong></th></tr></thead><tbody><tr><td>STRAIGHT</td><td>5 digits in exact order</td><td>Any 5 digits</td><td>$50,000</td><td>1 in 100,000</td></tr><tr><td>BOX</td><td>5 digits in any order</td><td>4 of the same digits plus 1 different digit</td><td>$10,000</td><td>1 in 20,000</td></tr><tr><td>BOX</td><td>5 digits in any order</td><td>3 of the same digits plus 1 different pair of digits</td><td>$5,000</td><td>1 in 10,000</td></tr><tr><td>BOX</td><td>5 digits in any order</td><td>3 of the same digits plus 2 distinct digits</td><td>$2,500</td><td>1 in 5,000</td></tr><tr><td>BOX</td><td>5 digits in any order</td><td>2 different pairs of digits plus 1 distinct digit</td><td>$1,700</td><td>1 in 3,333</td></tr><tr><td>BOX</td><td>5 digits in any order</td><td>1 pair of digits plus 3 distinct digits</td><td>$850</td><td>1 in 1,667</td></tr><tr><td>BOX</td><td>5 digits in any order</td><td>Any 5 distinct digits</td><td>$425</td><td>1 in 833.33</td></tr><tr><td>FRONT FOUR</td><td>First 4 digits in exact order</td><td>Any 4 digits</td><td>$5,000</td><td>1 in 10,000</td></tr><tr><td>BACK FOUR</td><td>Last 4 digits in exact order</td><td>Any 4 digits</td><td>$5,000</td><td>1 in 10,000</td></tr></tbody></table>",F,"5+1","5-Digits + 1 (Wild)",PAF,F,F,,,"1$",Up to 7 consecutive drawings(both midday and eve),Before 30 minutes of time of draw
453,Treasure Hunt,Pennsylvania-Treasure Hunt,"1:35 PM",US/Eastern,"01:35 PM",Choose 5 numbers from 1 to 30.,"5/30",,,F,F,,,F,F,Active,"<table class=""table table-bordered""><thead><tr class=""result-table-heading""><th><strong>Match</strong></th><th><strong>Prize</strong></th><th><strong>Odds</strong></th></tr></thead><tbody><tr><td>5 of 5 numbers</td><td>Jackpot*</td><td>1 in 142,506</td></tr><tr><td>4 of 5 numbers</td><td>$100</td><td>1 in 1,140</td></tr><tr><td>3 of 5 numbers</td><td>$6</td><td>1 in 47.50</td></tr><tr><td>2 of 5 numbers</td><td>$1</td><td>1 in 6.20</td></tr><tr><td>Overall</td><td>&nbsp;</td><td>1 in 5.45</td></tr></tbody></table>",F,"5","5/30",PA6,T,F,,,"1$", Up to 7 drawings (one week) , Before 1:05 p.m. daily.
454,Cash 5,Pennsylvania-Cash 5,"6:59 PM",US/Eastern,"06:59 PM",Choose 5 numbers from 1 to 43.,"5/43",,,F,F,,,F,F,Active,"<table class=""table table-bordered""><thead><tr class=""result-table-heading""><th><strong>Match</strong></th><th><strong>Prize</strong></th><th><strong>Odds</strong></th></tr></thead><tbody><tr><td>5 of 5 numbers</td><td>67.94% after deduction of fourth prize</td><td>1 in 962,598</td></tr><tr><td>4 of 5 numbers</td><td>11.90% after deduction of fourth prize</td><td>1 in 5,066</td></tr><tr><td>3 of 5 numbers</td><td>20.16% after deduction of fourth prize</td><td>1 in 136.93</td></tr><tr><td>2 of 5 numbers</td><td>$1</td><td>1 in 11.41</td></tr><tr><td>Overall</td><td>&nbsp;</td><td>1 in 10.51</td></tr></tbody></table>",F,"5","5/43",PA2,T,F,,,"1$",Up to 7 consecutive draws,Before 6:57 p.m on draw evening.
455,Pega 2 Diacutea,Puerto Rico-Pega 2 Diacutea,"2:00 PM",US/Eastern,"02:00 PM",Choose 2 digits from 0 to 9.,"2-Digits",$50,,F,F,,,F,F,Active,"<table class=""table table-bordered""><thead><tr class=""result-table-heading""><th><strong>Match</strong></th><th><strong>Prize Amount</strong></th></tr></thead><tbody><tr><td>Straight</td><td>$50</td></tr><tr><td>Box</td><td>$25</td></tr></tbody></table>",F,"2","2-Digits",PRD,F,F,,,"1$",Up to 60 consecutive drawings(both day and eve),Before 15 minutes of time of draw
456,Pega 2 Noche,Puerto Rico-Pega 2 Noche,"10:00 PM",US/Eastern,"10:00 PM",Choose 2 digits from 0 to 9.,"2-Digits",$50,,F,F,,,F,F,Active,"<table class=""table table-bordered""><thead><tr class=""result-table-heading""><th><strong>Match</strong></th><th><strong>Prize Amount</strong></th></tr></thead><tbody><tr><td>Straight</td><td>$50</td></tr><tr><td>Box</td><td>$25</td></tr></tbody></table>",F,"2","2-Digits",PRA,F,F,,,"1$",Up to 60 consecutive drawings(both day and eve),Before 15 minutes of time of draw
457,Pega 3 Diacutea,Puerto Rico-Pega 3 Diacutea,"2:00 PM",US/Eastern,"02:00 PM",Choose 3 digits from 0 to 9.,"3-Digits",$500,,F,F,,,F,F,Active,"<table class=""table table-bordered""><thead><tr class=""result-table-heading""><th><strong>Match</strong></th><th><strong>Prize Amount</strong></th><th><strong>Odds</strong></th></tr></thead><tbody><tr><td>Straight</td><td>$500</td><td>1 in 1,000</td></tr><tr><td>Box (6-way)</td><td>$80</td><td>1 in 167</td></tr><tr><td>Straight + Box (6-way) - Straight match</td><td>$290</td><td>1 in 1,000</td></tr><tr><td>Straight + Box (6-way) - Box match</td><td>$40</td><td>1 in 167</td></tr></tbody></table>",F,"3","3-Digits",PRE,F,F,,,"1$",Up to 60 consecutive drawings(both day and eve),Before 15 minutes of time of draw
458,Pega 3 Noche,Puerto Rico-Pega 3 Noche,"10:00 PM",US/Eastern,"10:00 PM",Choose 3 digits from 0 to 9.,"3-Digits",$500,,F,F,,,F,F,Active,"<table class=""table table-bordered""><thead><tr class=""result-table-heading""><th><strong>Match</strong></th><th><strong>Prize Amount</strong></th><th><strong>Odds</strong></th></tr></thead><tbody><tr><td>Straight</td><td>$500</td><td>1 in 1,000</td></tr><tr><td>Box (6-way)</td><td>$80</td><td>1 in 167</td></tr><tr><td>Straight + Box (6-way) - Straight match</td><td>$290</td><td>1 in 1,000</td></tr><tr><td>Straight + Box (6-way) - Box match</td><td>$40</td><td>1 in 167</td></tr></tbody></table>",F,"3","3-Digits",PRB,F,F,,,"1$",Up to 60 consecutive drawings(both day and eve),Before 15 minutes of time of draw
459,Pega 4 Diacutea,Puerto Rico-Pega 4 Diacutea,"2:00 PM",US/Eastern,"02:00 PM",Choose 4 digits from 0 to 9.,"4-Digits","$5,000",,F,F,,,F,F,Active,"<table class=""table table-bordered""><thead><tr class=""result-table-heading""><th><strong>Match</strong></th><th><strong>Prize Amount</strong></th><th><strong>Odds</strong></th></tr></thead><tbody><tr><td>Straight</td><td>$5000</td><td>1 in 10,000</td></tr><tr><td>Box (12-way)</td><td>$400</td><td>1 in 833</td></tr><tr><td>Straight + Box (12-way) - Straight match</td><td>$2700</td><td>1 in 10,000</td></tr><tr><td>Straight + Box (12-way) - Box match</td><td>$200</td><td>1 in 833</td></tr></tbody></table>",F,"4","4-Digits",PRF,F,F,,,"1$",Up to 60 consecutive drawings(both day and eve),Before 15 minutes of time of draw
460,Pega 4 Noche,Puerto Rico-Pega 4 Noche,"10:00 PM",US/Eastern,"10:00 PM",Choose 4 digits from 0 to 9.,"4-Digits","$5,000",,F,F,,,F,F,Active,"<table class=""table table-bordered""><thead><tr class=""result-table-heading""><th><strong>Match</strong></th><th><strong>Prize Amount</strong></th><th><strong>Odds</strong></th></tr></thead><tbody><tr><td>Straight</td><td>$5000</td><td>1 in 10,000</td></tr><tr><td>Box (12-way)</td><td>$400</td><td>1 in 833</td></tr><tr><td>Straight + Box (12-way) - Straight match</td><td>$2700</td><td>1 in 10,000</td></tr><tr><td>Straight + Box (12-way) - Box match</td><td>$200</td><td>1 in 833</td></tr></tbody></table>",F,"4","4-Digits",PRC,F,F,,,"1$",Up to 60 consecutive drawings(both day and eve),Before 15 minutes of time of draw
461,Loto,Puerto Rico-Loto,"10:00 PM",US/Eastern,"10:00 PM",Choose 5 numbers from 1 to 35 and bolo cash fro 1 to 10.,"5/35+1/10", ,"1 in 3,246,320",T,F,https://loteriasdepuertorico.pr.gov/loteria-electronica/loto-cash/,,F,F,Active,"<table class=""table table-bordered""><thead><tr class=""result-table-heading""><th><strong>Match</strong></th><th><strong>PrizeAmount</strong></th><th><strong>Odds</strong></th></tr></thead><tbody><tr><td>5 of 5 + Bolo Plus</td><td>$2.1 MillionRolling Jackpot</td><td>1 in 9,870,120</td></tr><tr><td>5 of 5</td><td>$10,000</td><td>1 in 705,008.6</td></tr><tr><td>4 of 5 + Bolo Plus</td><td>$1,000</td><td>1 in 56,400.7</td></tr><tr><td>4 of 5</td><td>$150</td><td>1 in 4,028.6</td></tr><tr><td>3 of 5 + Bolo Plus</td><td>$50</td><td>1 in 1,658.8</td></tr><tr><td>3 of 5</td><td>$4</td><td>1 in 118.5</td></tr><tr><td>2 of 5 + Bolo Plus</td><td>$5</td><td>1 in 150.8</td></tr><tr><td>1 of 5 + Bolo Plus</td><td>$2</td><td>1 in 37.7</td></tr><tr><td>Bolo Plus only</td><td>Free ticket (reintegro)</td><td>1 in 30.4</td></tr></tbody></table>",F,"5+1","5/35+1/15(Bonus)",PR3,T,F,,,"1$",Up to 90 consecutive drawings(1 month),Before 15 minutes of time of draw
462,Revancha,Puerto Rico-Revancha,"10:00 PM",US/Eastern,"10:00 PM",Choose 5 numbers from 1 to 35 and bolo cash from 1 to 10.,"5/35+1/10", ,"1 in 3,246,320",T,F,https://loteriasdepuertorico.pr.gov/loteria-electronica/loto-cash/,,F,F,Active,"<table class=""table table-bordered""><thead><tr class=""result-table-heading""><th><strong>Match</strong></th><th><strong>PrizeAmount</strong></th><th><strong>Odds</strong></th></tr></thead><tbody><tr><td>5 of 5 + Bolo Plus</td><td>$3.4 Million</td><td>1 in 9,870,120</td></tr><tr><td>5 of 5</td><td>$2,500</td><td>1 in 705,008.6</td></tr><tr><td>4 of 5 + Bolo Plus</td><td>$500</td><td>1 in 56,400.7</td></tr><tr><td>4 of 5</td><td>$75</td><td>1 in 4,028.6</td></tr><tr><td>3 of 5 + Bolo Plus</td><td>$40</td><td>1 in 1,658.8</td></tr><tr><td>3 of 5</td><td>$4</td><td>1 in 118.5</td></tr><tr><td>2 of 5 + Bolo Plus</td><td>$5</td><td>1 in 150.8</td></tr></tbody></table>",F,"5+1","5/35+1/15(Bonus)",PR4,T,F,,,"1$",Up to 90 consecutive drawings(1 month),Before 15 minutes of time of draw
463,Loteriacutea Tradicional,Puerto Rico-Loteriacutea Tradicional,"10:00 PM",US/Eastern,"10:00 PM",,"",,,F,F,,,F,F,Active,"<table class=""table table-bordered""><thead><tr class=""result-table-heading""><th><strong>Match</strong></th><th><strong>PrizeAmount</strong></th></tr></thead><tbody><tr><td>Primer premio (1er)</td><td>$250,000</td></tr><tr><td>Segundo premio (2do)</td><td>$45,000</td></tr><tr><td>Tercer premio (3er)</td><td>$20,000</td></tr><tr><td>Cuarto premio (4to)</td><td>$15,000</td></tr><tr><td>Quinto premio (5to)</td><td>$10,000</td></tr><tr><td>Sexto Premio (6to)</td><td>$10,000</td></tr></tbody></table>",F,"","",,F,F,,,"1$",,
464,Numbers Game Midday,Rhode Island-Numbers Game Midday,"1:00 PM",US/Eastern,"01:00 PM",Choose 4 digits from 0 to 9.,"4-Digits","$5,000",,F,F,,,F,F,Active,"<table class=""table table-bordered""><thead><tr class=""result-table-heading""><th><strong>Bet Type</strong></th><th><strong>$1</strong></th></tr></thead><tbody><tr><td><strong>4 Digit Straight</strong>(exact order)</td><td>$5,000</td></tr><tr><td><strong>3 Digit Straight</strong>(exact order)</td><td>$500</td></tr><tr><td><strong>2 Digit Straight</strong>(exact order)</td><td>$50</td></tr><tr><td><strong>3 Digit Box</strong>(any order)<br /> - all numbers are different<br /> example:<strong>123</strong></td><td>$84</td></tr><tr><td><strong>3 Digit Box</strong>(any order)<br /> - 2 numbers are different<br /> example:<strong>122</strong></td><td>$166</td></tr><tr><td><strong>4 Digit Box</strong>(any order)<br /> - all numbers are different<br /> example:<strong>1234</strong></td><td>$208</td></tr><tr><td><strong>4 Digit Box</strong>(any order)<br /> - 3 numbers are different<br /> example:<strong>1223</strong></td><td>$416</td></tr><tr><td><strong>4 Digit Box</strong>(any order)<br /> - 2 pairs<br /> example:<strong>1212</strong></td><td>$834</td></tr><tr><td><strong>4 Digit Box</strong>(any order)<br /> - 3 of 1 digit<br /> example:<strong>1222</strong></td><td>$1,250</td></tr></tbody></table>",F,"4","4-Digits",RID,F,F,,,"1$",Up to 60 consecutive draws(including both midday and evening), Before 1:20 p.m on draw days.
465,Pick 3 Midday,South Carolina-Pick 3 Midday,"1:00 PM",US/Eastern,"01:00 PM",Choose 3 digits from 0 to 9.,"3-Digits+1",$500,,F,F,,,F,F,Active,"<table class=""table table-bordered""><thead><tr class=""result-table-heading""><th><strong>Type of Play</strong></th><th><strong>Odds</strong></th><th><strong>$1</strong></th></tr></thead><tbody><tr><td>Straight</td><td>1:1000</td><td>$500</td></tr><tr><td>3-way box</td><td>1:333</td><td>$160</td></tr><tr><td>6-way box</td><td>1:167</td><td>$80</td></tr><tr><td>3-way (exact/any)</td><td>1:1000/1:500</td><td>$330/$80</td></tr><tr><td>6-way (exact/any)</td><td>1:1000/1:200</td><td>$290/$40</td></tr><tr><td>3-way combo</td><td>1:333</td><td>$500</td></tr><tr><td>6-way combo</td><td>1:166</td><td>$500</td></tr><tr><td>One digit 1-Off</td><td>1:166</td><td>$40</td></tr><tr><td>Front Pair</td><td>1:100</td><td>$50</td></tr><tr><td>Back Pair</td><td>1:100</td><td>$50</td></tr></tbody></table>",F,"3+1","3-Digits + 1 (Fire Ball)",SCA,F,F,,,"1$",Up to 28 consecutive drawings(both day and eve),Before 14 minutes of time of draw
466,Pick 3 Evening,South Carolina-Pick 3 Evening,"6:59 PM",US/Eastern,"06:59 PM",Choose 3 digits from 0 to 9.,"3-Digits+1",$500,,F,F,,,F,F,Active,"<table class=""table table-bordered""><thead><tr class=""result-table-heading""><th><strong>Type of Play</strong></th><th><strong>Odds</strong></th><th><strong>$1</strong></th></tr></thead><tbody><tr><td>Straight</td><td>1:1000</td><td>$500</td></tr><tr><td>3-way box</td><td>1:333</td><td>$160</td></tr><tr><td>6-way box</td><td>1:167</td><td>$80</td></tr><tr><td>3-way (exact/any)</td><td>1:1000/1:500</td><td>$330/$80</td></tr><tr><td>6-way (exact/any)</td><td>1:1000/1:200</td><td>$290/$40</td></tr><tr><td>3-way combo</td><td>1:333</td><td>$500</td></tr><tr><td>6-way combo</td><td>1:166</td><td>$500</td></tr><tr><td>One digit 1-Off</td><td>1:166</td><td>$40</td></tr><tr><td>Front Pair</td><td>1:100</td><td>$50</td></tr><tr><td>Back Pair</td><td>1:100</td><td>$50</td></tr></tbody></table>",F,"3+1","3-Digits + 1 (Fire Ball)",SCB,F,F,,,"1$",Up to 28 consecutive drawings(both day and eve),Before 14 minutes of time of draw
467,Pick 4 Midday,South Carolina-Pick 4 Midday,"1:00 PM",US/Eastern,"01:00 PM",Choose 4 digits from 0 to 9.,"4-Digits+1","$5,000",,F,F,,,F,F,Active,"<table class=""table table-bordered"">/<thead>/<tr class=""result-table-heading"">/<th><strong>Match</strong></th>/<th><strong>Odds</strong></th>/<th><strong>Ticket cost</strong></th>/<th><strong>Prizes</strong></th>/</tr>/</thead>/<tbody>/<tr>/<td>Straight</td>/<td>/<p>1 in 10,000</p>/</td>/<td>/<p>$0.50/$1.00</p>/</td>/<td>/<p>$2,500/$5,000</p>/</td>/</tr>/<tr>/<td>4-Way Box</td>/<td>/<p>1 in 2,500</p>/</td>/<td>/<p>$0.50/$1.00</p>/</td>/<td>/<p>$600/$1,200</p>/</td>/</tr>/<tr>/<td>6-Way Box</td>/<td>/<p>1 in 1,667</p>/</td>/<td>/<p>$0.50/$1.00</p>/</td>/<td>/<p>$400/$800</p>/</td>/</tr>/<tr>/<td>12-Way Box</td>/<td>/<p>1 in 833</p>/</td>/<td>/<p>$0.50/$1.00</p>/</td>/<td>/<p>$200/$400</p>/</td>/</tr>/<tr>/<td>24-Way Box</td>/<td>/<p>1 in 417</p>/</td>/<td>/<p>$0.50/$1.00</p>/</td>/<td>/<p>$100/$200</p>/</td>/</tr>/<tr>/<td>Straight/Box 4-Way</td>/<td>/<p>1 in 2,500</p>/</td>/<td>/<p>$1.00</p>/</td>/<td>/<p><u>exact order</u>&nbsp;$3,100, if match box 4-way only in&nbsp;<u>any order</u>, win $600</p>/</td>/</tr>/<tr>/<td>Straight/Box 6-Way</td>/<td>/<p>1 in 1,667</p>/</td>/<td>/<p>$1.00</p>/</td>/<td>/<p><u>exact order</u>&nbsp;$2,900, if match box 4-way only in&nbsp;<u>any order</u>, win $400</p>/</td>/</tr>/<tr>/<td>Straight/Box 12-Way</td>/<td>/<p>1 in 833</p>/</td>/<td>/<p>$1.00</p>/</td>/<td>/<p><u>exact order</u>&nbsp;$2,700, if match box 4-way only in&nbsp;<u>any order</u>, win $200</p>/</td>/</tr>/<tr>/<td>Straight/Box 24-Way</td>/<td>/<p>1 in 417</p>/</td>/<td>/<p>$1.00</p>/</td>/<td>/<p><u>exact order</u>&nbsp;$2,600, if match box 4-way only in&nbsp;<u>any order</u>, win $100</p>/</td>/</tr>/<tr>/<td>4-Way Combo Play</td>/<td>/<p>1 in 2,500</p>/</td>/<td>/<p>$2.00/$4.00</p>/</td>/<td>/<p>$2,500/$5,000</p>/</td>/</tr>/<tr>/<td>6-Way Combo Play</td>/<td>/<p>1 in 1,667</p>/</td>/<td>/<p>$3.00/$6.00</p>/</td>/<td>/<p>$2,500/$5,000</p>/</td>/</tr>/<tr>/<td>12-Way Combo Play</td>/<td>/<p>1 in 833</p>/</td>/<td>/<p>$6.00/$12.00</p>/</td>/<td>/<p>$2,500/$5,000</p>/</td>/</tr>/<tr>/<td>24-Way Combo Play</td>/<td>/<p>1 in 417</p>/</td>/<td>/<p>$12.00/$24.00</p>/</td>/<td>/<p>$2,500/$5,000</p>/</td>/</tr>/</tbody>/</table>",F,"4+1","4-Digits + 1 (Fire Ball)",SCC,F,F,,,"1$",Up to 28 consecutive drawings(both day and eve),Before 14 minutes of time of draw
468,Pick 4 Evening,South Carolina-Pick 4 Evening,"6:59 PM",US/Eastern,"06:59 PM",Choose 4 digits from 0 to 9.,"4-Digits+1","$5,000",,F,F,,,F,F,Active,"<table class=""table table-bordered"">/<thead>/<tr class=""result-table-heading"">/<th><strong>Match</strong></th>/<th><strong>Odds</strong></th>/<th><strong>Ticket cost</strong></th>/<th><strong>Prizes</strong></th>/</tr>/</thead>/<tbody>/<tr>/<td>Straight</td>/<td>/<p>1 in 10,000</p>/</td>/<td>/<p>$0.50/$1.00</p>/</td>/<td>/<p>$2,500/$5,000</p>/</td>/</tr>/<tr>/<td>4-Way Box</td>/<td>/<p>1 in 2,500</p>/</td>/<td>/<p>$0.50/$1.00</p>/</td>/<td>/<p>$600/$1,200</p>/</td>/</tr>/<tr>/<td>6-Way Box</td>/<td>/<p>1 in 1,667</p>/</td>/<td>/<p>$0.50/$1.00</p>/</td>/<td>/<p>$400/$800</p>/</td>/</tr>/<tr>/<td>12-Way Box</td>/<td>/<p>1 in 833</p>/</td>/<td>/<p>$0.50/$1.00</p>/</td>/<td>/<p>$200/$400</p>/</td>/</tr>/<tr>/<td>24-Way Box</td>/<td>/<p>1 in 417</p>/</td>/<td>/<p>$0.50/$1.00</p>/</td>/<td>/<p>$100/$200</p>/</td>/</tr>/<tr>/<td>Straight/Box 4-Way</td>/<td>/<p>1 in 2,500</p>/</td>/<td>/<p>$1.00</p>/</td>/<td>/<p><u>exact order</u>&nbsp;$3,100, if match box 4-way only in&nbsp;<u>any order</u>, win $600</p>/</td>/</tr>/<tr>/<td>Straight/Box 6-Way</td>/<td>/<p>1 in 1,667</p>/</td>/<td>/<p>$1.00</p>/</td>/<td>/<p><u>exact order</u>&nbsp;$2,900, if match box 4-way only in&nbsp;<u>any order</u>, win $400</p>/</td>/</tr>/<tr>/<td>Straight/Box 12-Way</td>/<td>/<p>1 in 833</p>/</td>/<td>/<p>$1.00</p>/</td>/<td>/<p><u>exact order</u>&nbsp;$2,700, if match box 4-way only in&nbsp;<u>any order</u>, win $200</p>/</td>/</tr>/<tr>/<td>Straight/Box 24-Way</td>/<td>/<p>1 in 417</p>/</td>/<td>/<p>$1.00</p>/</td>/<td>/<p><u>exact order</u>&nbsp;$2,600, if match box 4-way only in&nbsp;<u>any order</u>, win $100</p>/</td>/</tr>/<tr>/<td>4-Way Combo Play</td>/<td>/<p>1 in 2,500</p>/</td>/<td>/<p>$2.00/$4.00</p>/</td>/<td>/<p>$2,500/$5,000</p>/</td>/</tr>/<tr>/<td>6-Way Combo Play</td>/<td>/<p>1 in 1,667</p>/</td>/<td>/<p>$3.00/$6.00</p>/</td>/<td>/<p>$2,500/$5,000</p>/</td>/</tr>/<tr>/<td>12-Way Combo Play</td>/<td>/<p>1 in 833</p>/</td>/<td>/<p>$6.00/$12.00</p>/</td>/<td>/<p>$2,500/$5,000</p>/</td>/</tr>/<tr>/<td>24-Way Combo Play</td>/<td>/<p>1 in 417</p>/</td>/<td>/<p>$12.00/$24.00</p>/</td>/<td>/<p>$2,500/$5,000</p>/</td>/</tr>/</tbody>/</table>",F,"4+1","4-Digits + 1 (Fire Ball)",SCD,F,F,,,"1$",Up to 28 consecutive drawings(both day and eve),Before 14 minutes of time of draw
469,Dakota Cash,South Dakota-Dakota Cash,"09:00 PM",US/Central,"10:00 PM",select 5 numbers from 1 to 35.,"5/35",,,F,F,,,F,F,Active,"<table class=""table table-bordered""><thead><tr class=""result-table-heading""><th><strong>MATCH</strong></th><th><strong>PRIZE</strong></th><th><strong>ODDS</strong></th></tr></thead><tbody><tr><td>5 of 5</td><td>Jackpot*</td><td>1:324,632</td></tr><tr><td>4 of 5</td><td>$100</td><td>1:2,164</td></tr><tr><td>3 of 5</td><td>$3</td><td>1:75</td></tr><tr><td>2 of 5</td><td>$1</td><td>1:8</td></tr></tbody></table>",F,"5","5/35",SD1,T,F,,,"1$",Up to 9 consecutive draws(including upcoming draw), Before 9 p.m. CT on the evening of the draw day 
470,Cash 3 Morning,Tennessee-Cash 3 Morning,"9:28 AM",US/Central,"10:28 AM",Choose 3 digits from 0 to 9.,"3-Digits+1",$500,,F,F,,,F,F,Active,"<table class=""table table-bordered""><thead><tr class=""result-table-heading""><th><strong>Matchto Play</strong></th><th><strong>Odds</strong></th><th><strong>Prizeses</strong></th></tr></thead><tbody><tr><td>Exact order</td><td><p>1 in 1000</p></td><td><p>$500</p></td></tr><tr><td>3-Way any order</td><td><p>1 in 333</p></td><td><p>$160</p></td></tr><tr><td>6-Way any order</td><td><p>1 in 166</p></td><td><p>$80</p></td></tr><tr><td>3-Way exact/any</td><td><p>1 in 333</p></td><td><p>$330/ $80</p></td></tr><tr><td>6-Way exact/any</td><td><p>1 in 166</p></td><td><p>$290/ $40</p></td></tr><tr><td>3-Way Combo</td><td><p>1 in 1000</p></td><td><p>$500</p></td></tr><tr><td>6-Way Combo</td><td><p>1 in 1000</p></td><td><p>$500</p></td></tr></tbody></table>",F,"3+1","3-Digits + 1 (Lucky Sum)",TNE,F,F,,,"1$",Up to 7  days consecutive drawings,Before 5 minutes of time of draw
471,Cash 3 Midday,Tennessee-Cash 3 Midday,"12:28 PM",US/Central,"01:28 PM",Choose 3 digits from 0 to 9.,"3-Digits+1",$500,,F,F,,,F,F,Active,"<table class=""table table-bordered""><thead><tr class=""result-table-heading""><th><strong>Matchto Play</strong></th><th><strong>Odds</strong></th><th><strong>Prizeses</strong></th></tr></thead><tbody><tr><td>Exact order</td><td><p>1 in 1000</p></td><td><p>$500</p></td></tr><tr><td>3-Way any order</td><td><p>1 in 333</p></td><td><p>$160</p></td></tr><tr><td>6-Way any order</td><td><p>1 in 166</p></td><td><p>$80</p></td></tr><tr><td>3-Way exact/any</td><td><p>1 in 333</p></td><td><p>$330/ $80</p></td></tr><tr><td>6-Way exact/any</td><td><p>1 in 166</p></td><td><p>$290/ $40</p></td></tr><tr><td>3-Way Combo</td><td><p>1 in 1000</p></td><td><p>$500</p></td></tr><tr><td>6-Way Combo</td><td><p>1 in 1000</p></td><td><p>$500</p></td></tr></tbody></table>",F,"3+1","3-Digits + 1 (Lucky Sum)",TNA,F,F,,,"1$",Up to 7  days consecutive drawings,Before 5 minutes of time of draw
472,Cash 3 Evening,Tennessee-Cash 3 Evening,"6:28 PM",US/Central,"07:28 PM",Choose 3 digits from 0 to 9.,"3-Digits+1",$500,,F,F,,,F,F,Active,"<table class=""table table-bordered""><thead><tr class=""result-table-heading""><th><strong>Matchto Play</strong></th><th><strong>Odds</strong></th><th><strong>Prizeses</strong></th></tr></thead><tbody><tr><td>Exact order</td><td><p>1 in 1000</p></td><td><p>$500</p></td></tr><tr><td>3-Way any order</td><td><p>1 in 333</p></td><td><p>$160</p></td></tr><tr><td>6-Way any order</td><td><p>1 in 166</p></td><td><p>$80</p></td></tr><tr><td>3-Way exact/any</td><td><p>1 in 333</p></td><td><p>$330/ $80</p></td></tr><tr><td>6-Way exact/any</td><td><p>1 in 166</p></td><td><p>$290/ $40</p></td></tr><tr><td>3-Way Combo</td><td><p>1 in 1000</p></td><td><p>$500</p></td></tr><tr><td>6-Way Combo</td><td><p>1 in 1000</p></td><td><p>$500</p></td></tr></tbody></table>",F,"3+1","3-Digits + 1 (Lucky Sum)",TNC,F,F,,,"1$",Up to 7  days consecutive drawings,Before 5 minutes of time of draw
473,Cash 4 Morning,Tennessee-Cash 4 Morning,"9:28 AM",US/Central,"10:28 AM",Choose 4 digits from 0 to 9.,"4-Digits+1","$5,000",,F,F,,,F,F,Active,"<table class=""table table-bordered""><thead><tr class=""result-table-heading""><th><strong>Matchto Play</strong></th><th><strong>Odds</strong></th><th><strong>Prizeses</strong></th></tr></thead><tbody><tr><td>Straight</td><td><p>1 in 10,000</p></td><td><p>$5,000</p></td></tr><tr><td>4-Way Any order</td><td><p>1 in 2,500</p></td><td><p>$1,198</p></td></tr><tr><td>6-Way Any order</td><td><p>1 in 1,667</p></td><td><p>$800</p></td></tr><tr><td>12-Way Any order</td><td><p>1 in 833</p></td><td><p>&nbsp;$400</p></td></tr><tr><td>24-Way Any order</td><td><p>1 in 417</p></td><td><p>$200</p></td></tr><tr><td>Straight/Any order 4-Way</td><td><p>1 in 2,500</p></td><td><p>$3,099/$600</p></td></tr><tr><td>Straight/Any order 6-Way</td><td><p>1 in 1,667</p></td><td><p>$2,900/ $400</p></td></tr><tr><td>Straight/Any order 12-Way</td><td><p>1 in 833</p></td><td><p>$2,700/ $200</p></td></tr><tr><td>Straight/Any order 24-Way</td><td><p>1 in 417</p></td><td><p>$2,600/ $100</p></td></tr><tr><td>4-Way Combo Play</td><td><p>1 in 2,500</p></td><td><p>$5,000</p></td></tr><tr><td>6-Way Combo Play</td><td><p>1 in 1,667</p></td><td><p>$5,000</p></td></tr><tr><td>12-Way Combo Play</td><td><p>1 in 833</p></td><td><p>$5,000</p></td></tr><tr><td>24-Way Combo Play</td><td><p>1 in 417</p></td><td><p>$5,000</p></td></tr></tbody></table>",F,"4+1","4-Digits + 1 (Lucky Sum)",TNF,F,F,,,"1$",Up to 7  days consecutive drawings,Before 5 minutes of time of draw
474,Cash 4 Midday,Tennessee-Cash 4 Midday,"12:28 PM",US/Central,"01:28 PM",Choose 4 digits from 0 to 9.,"4-Digits+1","$5,000",,F,F,,,F,F,Active,"<table class=""table table-bordered""><thead><tr class=""result-table-heading""><th><strong>Matchto Play</strong></th><th><strong>Odds</strong></th><th><strong>Prizeses</strong></th></tr></thead><tbody><tr><td>Straight</td><td><p>1 in 10,000</p></td><td><p>$5,000</p></td></tr><tr><td>4-Way Any order</td><td><p>1 in 2,500</p></td><td><p>$1,198</p></td></tr><tr><td>6-Way Any order</td><td><p>1 in 1,667</p></td><td><p>$800</p></td></tr><tr><td>12-Way Any order</td><td><p>1 in 833</p></td><td><p>&nbsp;$400</p></td></tr><tr><td>24-Way Any order</td><td><p>1 in 417</p></td><td><p>$200</p></td></tr><tr><td>Straight/Any order 4-Way</td><td><p>1 in 2,500</p></td><td><p>$3,099/$600</p></td></tr><tr><td>Straight/Any order 6-Way</td><td><p>1 in 1,667</p></td><td><p>$2,900/ $400</p></td></tr><tr><td>Straight/Any order 12-Way</td><td><p>1 in 833</p></td><td><p>$2,700/ $200</p></td></tr><tr><td>Straight/Any order 24-Way</td><td><p>1 in 417</p></td><td><p>$2,600/ $100</p></td></tr><tr><td>4-Way Combo Play</td><td><p>1 in 2,500</p></td><td><p>$5,000</p></td></tr><tr><td>6-Way Combo Play</td><td><p>1 in 1,667</p></td><td><p>$5,000</p></td></tr><tr><td>12-Way Combo Play</td><td><p>1 in 833</p></td><td><p>$5,000</p></td></tr><tr><td>24-Way Combo Play</td><td><p>1 in 417</p></td><td><p>$5,000</p></td></tr></tbody></table>",F,"4+1","4-Digits + 1 (Lucky Sum)",TNB,F,F,,,"1$",Up to 7  days consecutive drawings,Before 5 minutes of time of draw
475,Cash 4 Evening,Tennessee-Cash 4 Evening,"6:28 PM",US/Central,"07:28 PM",Choose 4 digits from 0 to 9.,"4-Digits+1","$5,000",,F,F,,,F,F,Active,"<table class=""table table-bordered""><thead><tr class=""result-table-heading""><th><strong>Matchto Play</strong></th><th><strong>Odds</strong></th><th><strong>Prizeses</strong></th></tr></thead><tbody><tr><td>Straight</td><td><p>1 in 10,000</p></td><td><p>$5,000</p></td></tr><tr><td>4-Way Any order</td><td><p>1 in 2,500</p></td><td><p>$1,198</p></td></tr><tr><td>6-Way Any order</td><td><p>1 in 1,667</p></td><td><p>$800</p></td></tr><tr><td>12-Way Any order</td><td><p>1 in 833</p></td><td><p>&nbsp;$400</p></td></tr><tr><td>24-Way Any order</td><td><p>1 in 417</p></td><td><p>$200</p></td></tr><tr><td>Straight/Any order 4-Way</td><td><p>1 in 2,500</p></td><td><p>$3,099/$600</p></td></tr><tr><td>Straight/Any order 6-Way</td><td><p>1 in 1,667</p></td><td><p>$2,900/ $400</p></td></tr><tr><td>Straight/Any order 12-Way</td><td><p>1 in 833</p></td><td><p>$2,700/ $200</p></td></tr><tr><td>Straight/Any order 24-Way</td><td><p>1 in 417</p></td><td><p>$2,600/ $100</p></td></tr><tr><td>4-Way Combo Play</td><td><p>1 in 2,500</p></td><td><p>$5,000</p></td></tr><tr><td>6-Way Combo Play</td><td><p>1 in 1,667</p></td><td><p>$5,000</p></td></tr><tr><td>12-Way Combo Play</td><td><p>1 in 833</p></td><td><p>$5,000</p></td></tr><tr><td>24-Way Combo Play</td><td><p>1 in 417</p></td><td><p>$5,000</p></td></tr></tbody></table>",F,"4+1","4-Digits + 1 (Lucky Sum)",TND,F,F,,,"1$",Up to 7  days consecutive drawings,Before 5 minutes of time of draw
476,Pick 3 Morning,Texas-Pick 3 Morning,"10:00 AM",US/Central,"11:00 AM",Choose 3 digits from 0 to 9.,"3-Digits+1",$500,,F,F,,,F,F,Active,"<table class=""table table-bordered""><thead><tr class=""result-table-heading""><th><strong>Matchto Play</strong></th><th><strong>Odds</strong></th><th><strong>Prizeses</strong></th></tr></thead><tbody><tr><td>Exact order</td><td><p>1 in 1000</p></td><td><p>$500</p></td></tr><tr><td>3-Way any order</td><td><p>1 in 333</p></td><td><p>$160</p></td></tr><tr><td>6-Way any order</td><td><p>1 in 167</p></td><td><p>$80</p></td></tr><tr><td>3-Way exact/any</td><td><p>1 in 333</p></td><td><p>$330/ $80</p></td></tr><tr><td>6-Way exact/any</td><td><p>1 in 166</p></td><td><p>$290/ $40</p></td></tr><tr><td>3-Way Combo</td><td><p>1 in 333</p></td><td><p>$500</p></td></tr><tr><td>6-Way Combo</td><td><p>1 in 167</p></td><td><p>$500</p></td></tr></tbody></table>",F,"3+1","3-Digits + 1 (Sum It Up)",TXJ,F,F,,,"1$",Up to 24 consecutive drawings,Before 9:50 am CT on draw day
477,Pick 3 Day,Texas-Pick 3 Day,"12:27 PM",US/Central,"01:27 PM",Choose 3 digits from 0 to 9.,"3-Digits+1",$500,,F,F,,,F,F,Active,"<table class=""table table-bordered""><thead><tr class=""result-table-heading""><th><strong>Matchto Play</strong></th><th><strong>Odds</strong></th><th><strong>Prizeses</strong></th></tr></thead><tbody><tr><td>Exact order</td><td><p>1 in 1000</p></td><td><p>$500</p></td></tr><tr><td>3-Way any order</td><td><p>1 in 333</p></td><td><p>$160</p></td></tr><tr><td>6-Way any order</td><td><p>1 in 167</p></td><td><p>$80</p></td></tr><tr><td>3-Way exact/any</td><td><p>1 in 333</p></td><td><p>$330/ $80</p></td></tr><tr><td>6-Way exact/any</td><td><p>1 in 166</p></td><td><p>$290/ $40</p></td></tr><tr><td>3-Way Combo</td><td><p>1 in 333</p></td><td><p>$500</p></td></tr><tr><td>6-Way Combo</td><td><p>1 in 167</p></td><td><p>$500</p></td></tr></tbody></table>",F,"3+1","3-Digits + 1 (Sum It Up)",TXC,F,F,,,"1$",Up to 24 consecutive drawings,Before 12:17 p.m. CT on draw day
478,Pick 3 Evening,Texas-Pick 3 Evening,"6:00 PM",US/Central,"07:00 PM",Choose 3 digits from 0 to 9.,"3-Digits+1",$500,,F,F,,,F,F,Active,"<table class=""table table-bordered""><thead><tr class=""result-table-heading""><th><strong>Matchto Play</strong></th><th><strong>Odds</strong></th><th><strong>Prizeses</strong></th></tr></thead><tbody><tr><td>Exact order</td><td><p>1 in 1000</p></td><td><p>$500</p></td></tr><tr><td>3-Way any order</td><td><p>1 in 333</p></td><td><p>$160</p></td></tr><tr><td>6-Way any order</td><td><p>1 in 167</p></td><td><p>$80</p></td></tr><tr><td>3-Way exact/any</td><td><p>1 in 333</p></td><td><p>$330/ $80</p></td></tr><tr><td>6-Way exact/any</td><td><p>1 in 166</p></td><td><p>$290/ $40</p></td></tr><tr><td>3-Way Combo</td><td><p>1 in 333</p></td><td><p>$500</p></td></tr><tr><td>6-Way Combo</td><td><p>1 in 167</p></td><td><p>$500</p></td></tr></tbody></table>",F,"3+1","3-Digits + 1 (Sum It Up)",TXK,F,F,,,"1$",Up to 24 consecutive drawings,Before 05:50 p.m. CT on draw day
479,Pick 3 Night,Texas-Pick 3 Night,"10:12 PM",US/Central,"11:12 PM",Choose 3 digits from 0 to 9.,"3-Digits+1",$500,,F,F,,,F,F,Active,"<table class=""table table-bordered""><thead><tr class=""result-table-heading""><th><strong>Matchto Play</strong></th><th><strong>Odds</strong></th><th><strong>Prizeses</strong></th></tr></thead><tbody><tr><td>Exact order</td><td><p>1 in 1000</p></td><td><p>$500</p></td></tr><tr><td>3-Way any order</td><td><p>1 in 333</p></td><td><p>$160</p></td></tr><tr><td>6-Way any order</td><td><p>1 in 167</p></td><td><p>$80</p></td></tr><tr><td>3-Way exact/any</td><td><p>1 in 333</p></td><td><p>$330/ $80</p></td></tr><tr><td>6-Way exact/any</td><td><p>1 in 166</p></td><td><p>$290/ $40</p></td></tr><tr><td>3-Way Combo</td><td><p>1 in 333</p></td><td><p>$500</p></td></tr><tr><td>6-Way Combo</td><td><p>1 in 167</p></td><td><p>$500</p></td></tr></tbody></table>",F,"3+1","3-Digits + 1 (Sum It Up)",TXA,F,F,,,"1$",Up to 7  days consecutive drawings,Before 10:02 p.m. CT on draw day
480,Daily 4 Morning,Texas-Daily 4 Morning,"10:00 AM",US/Central,"11:00 AM",Choose 4 digits from 0 to 9.,"4-Digits+1","$5,000",,F,F,,,F,F,Active,"<table class=""table table-bordered""><thead><tr class=""result-table-heading""><th><strong>Matchto Play</strong></th><th><strong>Odds</strong></th><th><strong>Prizeses</strong></th></tr></thead><tbody><tr><td>Straight</td><td><p>1 in 10,000</p></td><td><p>$5,000</p></td></tr><tr><td>4-Way Box</td><td><p>1 in 2,500</p></td><td><p>$1200</p></td></tr><tr><td>6-Way Box</td><td><p>1 in 1,667</p></td><td><p>$800</p></td></tr><tr><td>12-Way Box</td><td><p>1 in 833</p></td><td><p>&nbsp;$400</p></td></tr><tr><td>24-Way Box</td><td><p>1 in 417</p></td><td><p>$200</p></td></tr><tr><td>Straight/Box 4-Way</td><td><p>1 in 2,500</p></td><td><p>$3,100/$600</p></td></tr><tr><td>Straight/Box 6-Way</td><td><p>1 in 1,667</p></td><td><p>$2,900/ $400</p></td></tr><tr><td>Straight/Box 12-Way</td><td><p>1 in 833</p></td><td><p>$2,700/ $200</p></td></tr><tr><td>Straight/Box 24-Way</td><td><p>1 in 417</p></td><td><p>$2,600/ $100</p></td></tr><tr><td>4-Way Combo Play</td><td><p>1 in 2,500</p></td><td><p>$5,000</p></td></tr><tr><td>6-Way Combo Play</td><td><p>1 in 1,667</p></td><td><p>$5,000</p></td></tr><tr><td>12-Way Combo Play</td><td><p>1 in 833</p></td><td><p>$5,000</p></td></tr><tr><td>24-Way Combo Play</td><td><p>1 in 417</p></td><td><p>$5,000</p></td></tr></tbody></table>",F,"4+1","4-Digits + 1 (Sum It Up)",TXL,F,F,,,"1$",Up to 24 consecutive drawings,Before 9:50 am CT on draw day
481,Daily 4 Day,Texas-Daily 4 Day,"12:27 PM",US/Central,"01:27 PM",Choose 4 digits from 0 to 9.,"4-Digits+1","$5,000",,F,F,,,F,F,Active,"<table class=""table table-bordered""><thead><tr class=""result-table-heading""><th><strong>Matchto Play</strong></th><th><strong>Odds</strong></th><th><strong>Prizeses</strong></th></tr></thead><tbody><tr><td>Straight</td><td><p>1 in 10,000</p></td><td><p>$5,000</p></td></tr><tr><td>4-Way Box</td><td><p>1 in 2,500</p></td><td><p>$1200</p></td></tr><tr><td>6-Way Box</td><td><p>1 in 1,667</p></td><td><p>$800</p></td></tr><tr><td>12-Way Box</td><td><p>1 in 833</p></td><td><p>&nbsp;$400</p></td></tr><tr><td>24-Way Box</td><td><p>1 in 417</p></td><td><p>$200</p></td></tr><tr><td>Straight/Box 4-Way</td><td><p>1 in 2,500</p></td><td><p>$3,100/$600</p></td></tr><tr><td>Straight/Box 6-Way</td><td><p>1 in 1,667</p></td><td><p>$2,900/ $400</p></td></tr><tr><td>Straight/Box 12-Way</td><td><p>1 in 833</p></td><td><p>$2,700/ $200</p></td></tr><tr><td>Straight/Box 24-Way</td><td><p>1 in 417</p></td><td><p>$2,600/ $100</p></td></tr><tr><td>4-Way Combo Play</td><td><p>1 in 2,500</p></td><td><p>$5,000</p></td></tr><tr><td>6-Way Combo Play</td><td><p>1 in 1,667</p></td><td><p>$5,000</p></td></tr><tr><td>12-Way Combo Play</td><td><p>1 in 833</p></td><td><p>$5,000</p></td></tr><tr><td>24-Way Combo Play</td><td><p>1 in 417</p></td><td><p>$5,000</p></td></tr></tbody></table>",F,"4+1","4-Digits + 1 (Sum It Up)",TXB,F,F,,,"1$",Up to 24 consecutive drawings,Before 12:17 p.m. CT on draw day
482,Daily 4 Evening,Texas-Daily 4 Evening,"6:00 PM",US/Central,"07:00 PM",Choose 4 digits from 0 to 9.,"4-Digits+1","$5,000",,F,F,,,F,F,Active,"<table class=""table table-bordered""><thead><tr class=""result-table-heading""><th><strong>Matchto Play</strong></th><th><strong>Odds</strong></th><th><strong>Prizeses</strong></th></tr></thead><tbody><tr><td>Straight</td><td><p>1 in 10,000</p></td><td><p>$5,000</p></td></tr><tr><td>4-Way Box</td><td><p>1 in 2,500</p></td><td><p>$1200</p></td></tr><tr><td>6-Way Box</td><td><p>1 in 1,667</p></td><td><p>$800</p></td></tr><tr><td>12-Way Box</td><td><p>1 in 833</p></td><td><p>&nbsp;$400</p></td></tr><tr><td>24-Way Box</td><td><p>1 in 417</p></td><td><p>$200</p></td></tr><tr><td>Straight/Box 4-Way</td><td><p>1 in 2,500</p></td><td><p>$3,100/$600</p></td></tr><tr><td>Straight/Box 6-Way</td><td><p>1 in 1,667</p></td><td><p>$2,900/ $400</p></td></tr><tr><td>Straight/Box 12-Way</td><td><p>1 in 833</p></td><td><p>$2,700/ $200</p></td></tr><tr><td>Straight/Box 24-Way</td><td><p>1 in 417</p></td><td><p>$2,600/ $100</p></td></tr><tr><td>4-Way Combo Play</td><td><p>1 in 2,500</p></td><td><p>$5,000</p></td></tr><tr><td>6-Way Combo Play</td><td><p>1 in 1,667</p></td><td><p>$5,000</p></td></tr><tr><td>12-Way Combo Play</td><td><p>1 in 833</p></td><td><p>$5,000</p></td></tr><tr><td>24-Way Combo Play</td><td><p>1 in 417</p></td><td><p>$5,000</p></td></tr></tbody></table>",F,"4+1","4-Digits + 1 (Sum It Up)",TXM,F,F,,,"1$",Up to 24 consecutive drawings,Before 05:50 p.m. CT on draw day
483,Daily 4 Night,Texas-Daily 4 Night,"10:12 PM",US/Central,"11:12 PM",Choose 4 digits from 0 to 9.,"4-Digits+1","$5,000",,F,F,,,F,F,Active,"<table class=""table table-bordered""><thead><tr class=""result-table-heading""><th><strong>Matchto Play</strong></th><th><strong>Odds</strong></th><th><strong>Prizeses</strong></th></tr></thead><tbody><tr><td>Straight</td><td><p>1 in 10,000</p></td><td><p>$5,000</p></td></tr><tr><td>4-Way Box</td><td><p>1 in 2,500</p></td><td><p>$1200</p></td></tr><tr><td>6-Way Box</td><td><p>1 in 1,667</p></td><td><p>$800</p></td></tr><tr><td>12-Way Box</td><td><p>1 in 833</p></td><td><p>&nbsp;$400</p></td></tr><tr><td>24-Way Box</td><td><p>1 in 417</p></td><td><p>$200</p></td></tr><tr><td>Straight/Box 4-Way</td><td><p>1 in 2,500</p></td><td><p>$3,100/$600</p></td></tr><tr><td>Straight/Box 6-Way</td><td><p>1 in 1,667</p></td><td><p>$2,900/ $400</p></td></tr><tr><td>Straight/Box 12-Way</td><td><p>1 in 833</p></td><td><p>$2,700/ $200</p></td></tr><tr><td>Straight/Box 24-Way</td><td><p>1 in 417</p></td><td><p>$2,600/ $100</p></td></tr><tr><td>4-Way Combo Play</td><td><p>1 in 2,500</p></td><td><p>$5,000</p></td></tr><tr><td>6-Way Combo Play</td><td><p>1 in 1,667</p></td><td><p>$5,000</p></td></tr><tr><td>12-Way Combo Play</td><td><p>1 in 833</p></td><td><p>$5,000</p></td></tr><tr><td>24-Way Combo Play</td><td><p>1 in 417</p></td><td><p>$5,000</p></td></tr></tbody></table>",F,"4+1","4-Digits + 1 (Sum It Up)",TXD,F,F,,,"1$",Up to 7  days consecutive drawings,Before 10:02 p.m. CT on draw day
484,Cash Five,Texas-Cash Five,"10:12 PM",US/Central,"11:12 PM",select 5 numbers from 1 to 35.,"5/35","$25,000",,F,F,,,F,F,Active,"<table class=""table table-bordered""><thead><tr class=""result-table-heading""><th><strong>Match</strong></th><th><strong>Prize</strong></th><th><strong>Odds</strong></th></tr></thead><tbody><tr><td>5 of 5</td><td>$25,000</td><td>1:324,632</td></tr><tr><td>4 of 5</td><td>$350</td><td>1:2,164</td></tr><tr><td>3 of 5</td><td>$15</td><td>1:75</td></tr><tr><td>2 of 5</td><td>Free cash five quick pick ticket</td><td>1:8</td></tr></tbody></table>",F,"5","5/35",TX2,F,F,,,"1$",Up to 12 consecutive drawings,Before 10:02 p.m. CT on draw day
485,Lotto Texas,Texas-Lotto Texas,"10:12 PM",US/Central,"11:12 PM",select 6 numbers from 1 to 54.,"6/54",,,F,F,,,F,F,Active,"<table class=""table table-bordered""><thead><tr class=""result-table-heading""><th><strong>Match</strong></th><th><strong>Prize</strong></th><th><strong>Odds</strong></th></tr></thead><tbody><tr><td>6 of 6</td><td>Jackpot</td><td>1:25,827,165</td></tr><tr><td>5 of 6</td><td>$2,000</td><td>1:89,678</td></tr><tr><td>4 of 6</td><td>$50</td><td>1:1,526</td></tr><tr><td>3 of 6</td><td>$3(Guaranteed)</td><td>1:75</td></tr></tbody></table>",F,"6","6/54",TX1,T,F,,,"2$",Up to 15 consecutive drawings,Before 10:02 p.m. CT on draw day
486,All or Nothing Morning,Texas-All or Nothing Morning,"10:00 AM",US/Central,"11:00 AM",select 12 numbers from 1 to 24.,"12/24","$250,000",,F,F,,,F,F,Active,"<table class=""table table-bordered""><thead><tr class=""result-table-heading""><th><strong>Match</strong></th><th><strong>Prize</strong></th><th><strong>Odds</strong></th></tr></thead><tbody><tr><td>12</td><td>$250,000</td><td>1:2,704,156</td></tr><tr><td>11</td><td>$500</td><td>1:18,779</td></tr><tr><td>10</td><td>$50</td><td>1:621</td></tr><tr><td>9</td><td>$10</td><td>1:56</td></tr><tr><td>8</td><td>$2</td><td>1:11</td></tr><tr><td colspan=""3"">&nbsp;</td></tr><tr><td>4</td><td>$2</td><td>1:11</td></tr><tr><td>3</td><td>$10</td><td>156</td></tr><tr><td>2</td><td>$50</td><td>1:621</td></tr><tr><td>1</td><td>$500</td><td>1:18,779</td></tr><tr><td>0</td><td>$250,000</td><td>1:2,704,156</td></tr></tbody></table>",F,"12","12/24",TXF,F,F,,,"2$",Up to 24 consecutive drawings,Before 9:50 am CT on draw day
487,All or Nothing Evening,Texas-All or Nothing Evening,"6:00 PM",US/Central,"07:00 PM",select 12 numbers from 1 to 24.,"12/24","$250,000",,F,F,,,F,F,Active,"<table class=""table table-bordered""><thead><tr class=""result-table-heading""><th><strong>Match</strong></th><th><strong>Prize</strong></th><th><strong>Odds</strong></th></tr></thead><tbody><tr><td>12</td><td>$250,000</td><td>1:2,704,156</td></tr><tr><td>11</td><td>$500</td><td>1:18,779</td></tr><tr><td>10</td><td>$50</td><td>1:621</td></tr><tr><td>9</td><td>$10</td><td>1:56</td></tr><tr><td>8</td><td>$2</td><td>1:11</td></tr><tr><td colspan=""3"">&nbsp;</td></tr><tr><td>4</td><td>$2</td><td>1:11</td></tr><tr><td>3</td><td>$10</td><td>156</td></tr><tr><td>2</td><td>$50</td><td>1:621</td></tr><tr><td>1</td><td>$500</td><td>1:18,779</td></tr><tr><td>0</td><td>$250,000</td><td>1:2,704,156</td></tr></tbody></table>",F,"12","12/24",TXH,F,F,,,"2$",Up to 24 consecutive drawings,Before 05:50 p.m. CT on draw day
488,Pick 3 Day,Virginia-Pick 3 Day,"2:00 PM",US/Eastern,"02:00 PM",Choose 3 digits from 0 to 9.,"3-Digits+1",$500,,F,F,,,F,F,Active,"<table class=""table table-bordered""><thead><tr class=""result-table-heading""><th><strong>Matchto Play</strong></th><th><strong>Odds</strong></th><th><strong>Prizeses</strong></th></tr></thead><tbody><tr><td>Straight</td><td><p>1:1000</p></td><td><p>$500</p></td></tr><tr><td>3-Way any order</td><td><p>1:333</p></td><td><p>$160</p></td></tr><tr><td>6-Way Box</td><td><p>1:166</p></td><td><p>$80</p></td></tr><tr><td>Straight/any 3-Way</td><td><p>1:1000/1:500</p></td><td><p>$330/$80</p></td></tr><tr><td>Straight/any 6-Way</td><td><p>1:1000/1:200</p></td><td><p>$290/$40</p></td></tr><tr><td>3-Way Combo Play</td><td><p>1:333</p></td><td><p>$500</p></td></tr><tr><td>6-Way Combo Play</td><td><p>1:166</p></td><td><p>$500</p></td></tr><tr><td>Front pair</td><td><p>1:100</p></td><td><p>$50</p></td></tr><tr><td>Back pair</td><td><p>1:100</p></td><td><p>$50</p></td></tr><tr><td>Split pair</td><td><p>1:100</p></td><td><p>$50</p></td></tr></tbody></table>",F,"3+1","3-Digits + 1 (Fire Ball)",VAA,F,F,,,"1$",Up to 91 consecutive draws,Before 1:53 p.m. every draw day
489,Pick 3 Night,Virginia-Pick 3 Night,"11:00 PM",US/Eastern,"11:00 PM",Choose 3 digits from 0 to 9.,"3-Digits+1",$500,,F,F,,,F,F,Active,"<table class=""table table-bordered""><thead><tr class=""result-table-heading""><th><strong>Matchto Play</strong></th><th><strong>Odds</strong></th><th><strong>Prizeses</strong></th></tr></thead><tbody><tr><td>Straight</td><td><p>1:1000</p></td><td><p>$500</p></td></tr><tr><td>3-Way any order</td><td><p>1:333</p></td><td><p>$160</p></td></tr><tr><td>6-Way Box</td><td><p>1:166</p></td><td><p>$80</p></td></tr><tr><td>Straight/any 3-Way</td><td><p>1:1000/1:500</p></td><td><p>$330/$80</p></td></tr><tr><td>Straight/any 6-Way</td><td><p>1:1000/1:200</p></td><td><p>$290/$40</p></td></tr><tr><td>3-Way Combo Play</td><td><p>1:333</p></td><td><p>$500</p></td></tr><tr><td>6-Way Combo Play</td><td><p>1:166</p></td><td><p>$500</p></td></tr><tr><td>Front pair</td><td><p>1:100</p></td><td><p>$50</p></td></tr><tr><td>Back pair</td><td><p>1:100</p></td><td><p>$50</p></td></tr><tr><td>Split pair</td><td><p>1:100</p></td><td><p>$50</p></td></tr></tbody></table>",F,"3+1","3-Digits + 1 (Fire Ball)",VAB,F,F,,,"1$",Up to 91 consecutive draws, Before 10:45 p.m. every draw day
490,Pick 4 Day,Virginia-Pick 4 Day,"2:00 PM",US/Eastern,"02:00 PM",Choose 4 digits from 0 to 9.,"4-Digits+1","$5,000",,F,F,,,F,F,Active,"<table class=""table table-bordered""><thead><tr class=""result-table-heading""><th><strong>Matchto Play</strong></th><th><strong>Odds</strong></th><th><strong>Prizeses</strong></th></tr></thead><tbody><tr><td>Exact</td><td><p>1:10,000</p></td><td><p>$5,000</p></td></tr><tr><td>4-Way Any order</td><td><p>1:2,500</p></td><td><p>$1200</p></td></tr><tr><td>6-Way Any order</td><td><p>1:1,666</p></td><td><p>$800</p></td></tr><tr><td>12-Way Any order</td><td><p>1:833</p></td><td><p>&nbsp;$400</p></td></tr><tr><td>24-Way Any order</td><td><p>1:416</p></td><td><p>$200</p></td></tr><tr><td>Exact/Any order 4-Way</td><td><p>1:10000/1:3333</p></td><td><p>$3,100/$600</p></td></tr><tr><td>Exact/Any order 6-Way</td><td><p>1:10000/1:2000</p></td><td><p>$2,900/ $400</p></td></tr><tr><td>Exact/Any order 12-Way</td><td><p>1:10000/1:909</p></td><td><p>$2,700/ $200</p></td></tr><tr><td>Exact/Any order 24-Way</td><td><p>1:10000/1:434</p></td><td><p>$2,600/ $100</p></td></tr><tr><td>4-Way Combo Play</td><td><p>1:2,500</p></td><td><p>$5,000</p></td></tr><tr><td>6-Way Combo Play</td><td><p>1:1,666</p></td><td><p>$5,000</p></td></tr><tr><td>12-Way Combo Play</td><td><p>1:833</p></td><td><p>$5,000</p></td></tr><tr><td>24-Way Combo Play</td><td><p>1:416</p></td><td><p>$5,000</p></td></tr></tbody></table>",F,"4+1","4-Digits + 1 (Fire Ball)",VAC,F,F,,,"1$",Up to 91 consecutive draws,Before 1:53 p.m. every draw day
491,Pick 4 Night,Virginia-Pick 4 Night,"11:00 PM",US/Eastern,"11:00 PM",Choose 4 digits from 0 to 9.,"4-Digits+1","$5,000",,F,F,,,F,F,Active,"<table class=""table table-bordered""><thead><tr class=""result-table-heading""><th><strong>Matchto Play</strong></th><th><strong>Odds</strong></th><th><strong>Prizeses</strong></th></tr></thead><tbody><tr><td>Exact</td><td><p>1:10,000</p></td><td><p>$5,000</p></td></tr><tr><td>4-Way Any order</td><td><p>1:2,500</p></td><td><p>$1200</p></td></tr><tr><td>6-Way Any order</td><td><p>1:1,666</p></td><td><p>$800</p></td></tr><tr><td>12-Way Any order</td><td><p>1:833</p></td><td><p>&nbsp;$400</p></td></tr><tr><td>24-Way Any order</td><td><p>1:416</p></td><td><p>$200</p></td></tr><tr><td>Exact/Any order 4-Way</td><td><p>1:10000/1:3333</p></td><td><p>$3,100/$600</p></td></tr><tr><td>Exact/Any order 6-Way</td><td><p>1:10000/1:2000</p></td><td><p>$2,900/ $400</p></td></tr><tr><td>Exact/Any order 12-Way</td><td><p>1:10000/1:909</p></td><td><p>$2,700/ $200</p></td></tr><tr><td>Exact/Any order 24-Way</td><td><p>1:10000/1:434</p></td><td><p>$2,600/ $100</p></td></tr><tr><td>4-Way Combo Play</td><td><p>1:2,500</p></td><td><p>$5,000</p></td></tr><tr><td>6-Way Combo Play</td><td><p>1:1,666</p></td><td><p>$5,000</p></td></tr><tr><td>12-Way Combo Play</td><td><p>1:833</p></td><td><p>$5,000</p></td></tr><tr><td>24-Way Combo Play</td><td><p>1:416</p></td><td><p>$5,000</p></td></tr></tbody></table>",F,"4+1","4-Digits + 1 (Fire Ball)",VAD,F,F,,,"1$",Up to 91 consecutive draws, Before 10:45 p.m. every draw day
492,Cash 5 Day,Virginia-Cash 5 Day,"2:00 PM",US/Eastern,"02:00 PM",select 5 numbers from 1 to 45.,"5/45","$100,000",,F,F,,,F,F,Ignore,"<table class=""table table-bordered""><thead><tr class=""result-table-heading""><th><strong>Match</strong></th><th><strong>Prize</strong></th><th><strong>Odds</strong></th></tr></thead><tbody><tr><td>5 of 5</td><td>$100,000</td><td>1: 278,256</td></tr><tr><td>4 of 5</td><td>$100</td><td>1:1,919</td></tr><tr><td>3 of 5</td><td>$5</td><td>1:69</td></tr></tbody></table>",F,"5","5/45",VA1,F,F,,,"1$",,
493,Daily Game,Washington-Daily Game,"8:00 PM",US/Pacific,"11:00 PM",Choose 3 digits from 0 to 9.,"3-Digits",$500,,F,F,,,F,F,Active,"<table class=""table table-bordered""><thead><tr class=""result-table-heading""><th><strong>Match to Play</strong></th><th><strong>Odds</strong></th><th><strong>Prizeses</strong></th></tr></thead><tbody><tr><td>Straight</td><td><p>1:1000</p></td><td><p>$500</p></td></tr><tr><td>Box</td><td><p>1:167</p></td><td><p>$80</p></td></tr><tr><td>3-Way Box</td><td><p>1:333</p></td><td><p>$160</p></td></tr><tr><td>Straight/Box</td><td><p>1:167</p></td><td><p>$290/$40</p></td></tr><tr><td>Straight/any 3-Way</td><td><p>1:333</p></td><td><p>$330/$80</p></td></tr><tr><td>Super Box</td><td><p>1:167</p></td><td><p>$500</p></td></tr><tr><td>3-Way Super Box</td><td><p>1:333</p></td><td><p>$500</p></td></tr><tr><td>Front pair</td><td><p>1:100</p></td><td><p>$50</p></td></tr><tr><td>Back pair</td><td><p>1:100</p></td><td><p>$50</p></td></tr></tbody></table>",F,"3","3-Digits",WAA,F,F,,,"1$",Up to 25 consecutive draws,Before 7:45 p.m. on everyday
494,Match 4,Washington-Match 4,"8:00 PM",US/Pacific,"11:00 PM",select 4 numberss from 1 to 24.,"4/24","$10,000",,F,F,,,F,F,Active,"<table class=""table table-bordered""><thead><tr class=""result-table-heading""><th><strong>Match</strong></th><th><strong>Prize</strong></th><th><strong>Odds</strong></th></tr></thead><tbody><tr><td>4 White balls</td><td>$10,000</td><td>1:10600</td></tr><tr><td>3 White balls</td><td>$20</td><td>1:133</td></tr><tr><td>2 White balls</td><td>$2</td><td>1:9.32</td></tr></tbody></table>",F,"4","4/24",WA7,F,F,,,"1$",Up to 25 consecutive draws,Before 7:45 p.m. on everday
495,Hit 5,Washington-Hit 5,"8:00 PM",US/Pacific,"11:00 PM",select 5 numbers from 1 to 42.,"5/42",,,F,F,,,F,F,Active,"<table class=""table table-bordered""><thead><tr class=""result-table-heading""><th><strong>Match</strong></th><th><strong>Prize</strong></th><th><strong>Odds</strong></th></tr></thead><tbody><tr><td>5 White balls</td><td>Cashpot</td><td>1:576,000</td></tr><tr><td>4 White balls</td><td>$100</td><td>1:3390</td></tr><tr><td>3 White balls</td><td>$20</td><td>1:103</td></tr><tr><td>2 White balls</td><td>$2</td><td>1:9.62</td></tr></tbody></table>",F,"5","5/42",WA6,T,F,,,"1$",Up to 25 consecutive draws,Before 7:45 p.m. on everday
496,Daily Keno,Washington-Daily Keno,"8:00 PM",US/Pacific,"11:00 PM",select 10 numbers from 1 to 80.,"10/80","$500,000",,F,F,,,F,F,Active,"<table class=""table table-bordered""><thead><tr class=""result-table-heading""><th>MATCH</th><th>PRIZE FOR $1 BET</th><th>ODDS</th></tr></thead><tbody><tr><td>10</td><td>$100,000</td><td>1 in 8.91 Million</td></tr><tr><td>9</td><td>$5,000</td><td>1 in 163 Thousand</td></tr><tr><td>8</td><td>$500</td><td>1 in 7.38 Thousand</td></tr><tr><td>7</td><td>$50</td><td>1 in 621</td></tr><tr><td>6</td><td>$5</td><td>1 in 87.1</td></tr><tr><td>5</td><td>$2</td><td>1 in 19.4</td></tr><tr><td>0</td><td>$3</td><td>1 in 21.8</td></tr></tbody></table>",F,"20","10/80",WA4,F,F,,,"1$",Up to 25 consecutive draws,Before 7:45 p.m. on everday
497,DC-3 Midday,Washington DC-DC-3 Midday,"1:55 PM",US/Eastern,"01:55 PM",Choose 3 digits from 0 to 9.,"3-Digits",$500,,F,F,,,F,F,Active,"<table class=""table table-bordered""><thead><tr class=""result-table-heading""><th><strong>Matchto Play</strong></th><th><strong>Odds</strong></th><th><strong>Prizeses</strong></th></tr></thead><tbody><tr><td>Straight</td><td><p>1:1000</p></td><td><p>$500</p></td></tr><tr><td>3-way Box</td><td><p>1:333</p></td><td><p>$160</p></td></tr><tr><td>6-Way Box</td><td><p>1:166</p></td><td><p>$80</p></td></tr><tr><td>3- way Straight/Box</td><td><p>1:333</p></td><td><p>$330/$80</p></td></tr><tr><td>Straight/any 6-Way</td><td><p>1:166</p></td><td><p>$290/$40</p></td></tr><tr><td>3- way combo</td><td><p>1:1000</p></td><td><p>$500</p></td></tr><tr><td>6-Way combo</td><td><p>1:1000</p></td><td><p>$500</p></td></tr><tr><td>Front pair</td><td><p>1:100</p></td><td><p>$50</p></td></tr><tr><td>Back pair</td><td><p>1:100</p></td><td><p>$50</p></td></tr></tbody></table>",F,"3","3-Digits",DCA,F,F,,,"1$",Up to seven days draws (including both midday and evening),Before 1:49 p.m. every day
498,DC-3 Evening,Washington DC-DC-3 Evening,"7:57 PM",US/Eastern,"07:57 PM",Choose 3 digits from 0 to 9.,"3-Digits",$500,,F,F,,,F,F,Active,"<table class=""table table-bordered""><thead><tr class=""result-table-heading""><th><strong>Matchto Play</strong></th><th><strong>Odds</strong></th><th><strong>Prizeses</strong></th></tr></thead><tbody><tr><td>Straight</td><td><p>1:1000</p></td><td><p>$500</p></td></tr><tr><td>3-way Box</td><td><p>1:333</p></td><td><p>$160</p></td></tr><tr><td>6-Way Box</td><td><p>1:166</p></td><td><p>$80</p></td></tr><tr><td>3- way Straight/Box</td><td><p>1:333</p></td><td><p>$330/$80</p></td></tr><tr><td>Straight/any 6-Way</td><td><p>1:166</p></td><td><p>$290/$40</p></td></tr><tr><td>3- way combo</td><td><p>1:1000</p></td><td><p>$500</p></td></tr><tr><td>6-Way combo</td><td><p>1:1000</p></td><td><p>$500</p></td></tr><tr><td>Front pair</td><td><p>1:100</p></td><td><p>$50</p></td></tr><tr><td>Back pair</td><td><p>1:100</p></td><td><p>$50</p></td></tr></tbody></table>",F,"3","3-Digits",DCB,F,F,,,"1$",Up to seven days draws (including both midday and evening),Before 7:49 p.m. every day
499,DC-4 Midday,Washington DC-DC-4 Midday,"1:55 PM",US/Eastern,"01:55 PM",Choose 4 digits from 0 to 9.,"4-Digits","$5,000",,F,F,,,F,F,Active,"<table class=""table table-bordered""><thead><tr class=""result-table-heading""><th><strong>Matchto Play</strong></th><th><strong>Odds</strong></th><th><strong>Prizeses</strong></th></tr></thead><tbody><tr><td>Exact</td><td>1:10,000</td><td>$5,000</td></tr><tr><td>4-Way Box</td><td>1:2,500</td><td>$1200</td></tr><tr><td>6-Way Box</td><td>1:1,667</td><td>$800</td></tr><tr><td>12-Way Box</td><td>1:833</td><td>&nbsp;$400</td></tr><tr><td>24-Way Box</td><td>1:416</td><td>$200</td></tr><tr><td>Front three</td><td>1:1000</td><td>$500</td></tr><tr><td>Back three</td><td>1:1000</td><td>$500</td></tr></tbody></table>",F,"4","4-Digits",DCC,F,F,,,"1$",Up to seven days draws (including both midday and evening),Before 1:49 p.m. every day
500,DC-4 Evening,Washington DC-DC-4 Evening,"7:57 PM",US/Eastern,"07:57 PM",Choose 4 digits from 0 to 9.,"4-Digits","$5,000",,F,F,,,F,F,Active,"<table class=""table table-bordered""><thead><tr class=""result-table-heading""><th><strong>Matchto Play</strong></th><th><strong>Odds</strong></th><th><strong>Prizeses</strong></th></tr></thead><tbody><tr><td>Exact</td><td>1:10,000</td><td>$5,000</td></tr><tr><td>4-Way Box</td><td>1:2,500</td><td>$1200</td></tr><tr><td>6-Way Box</td><td>1:1,667</td><td>$800</td></tr><tr><td>12-Way Box</td><td>1:833</td><td>&nbsp;$400</td></tr><tr><td>24-Way Box</td><td>1:416</td><td>$200</td></tr><tr><td>Front three</td><td>1:1000</td><td>$500</td></tr><tr><td>Back three</td><td>1:1000</td><td>$500</td></tr></tbody></table>",F,"4","4-Digits",DCD,F,F,,,"1$",Up to seven days draws (including both midday and evening),Before 7:49 p.m. every day
501,DC-5 Midday,Washington DC-DC-5 Midday,"1:55 PM",US/Eastern,"01:55 PM",Choose 5 digits from 0 to 9.,"5-Digits","$50,000",,F,F,,,F,F,Active,"<table class=""table table-bordered""><thead><tr class=""result-table-heading""><th><strong>Matchto Play</strong></th><th><strong>Odds</strong></th><th><strong>Prizeses</strong></th></tr></thead><tbody><tr><td>Exact</td><td>1:100,000</td><td>$50,000</td></tr><tr><td>5-Way Box</td><td>1:20,000</td><td>$10,000</td></tr><tr><td>10-Way Box</td><td>1:10,000</td><td>$5,000</td></tr><tr><td>20-Way Box</td><td>1:5,000</td><td>$2,500</td></tr><tr><td>30-Way Box</td><td>1:3333</td><td>$1700</td></tr><tr><td>60-Way Box</td><td>1:1667</td><td>$850</td></tr><tr><td>120-Way Box</td><td>1:833</td><td>$425</td></tr><tr><td>Front 4</td><td>1:10000</td><td>$5000</td></tr><tr><td>Back 4</td><td>1:10000</td><td>$5000</td></tr><tr><td>Front 3</td><td>1:1000</td><td>$500</td></tr><tr><td>Back 3</td><td>1:1000</td><td>$500</td></tr><tr><td>Front Pair</td><td>1:100</td><td>$50</td></tr><tr><td>Back pair</td><td>1:100</td><td>$50</td></tr></tbody></table>",F,"5","5-Digits",DCE,F,F,,,"1$",Up to seven days draws (including both midday and evening),Before 1:49 p.m. every day
502,Daily 3,West Virginia-Daily 3,"6:59 PM",US/Eastern,"06:59 PM",Choose 3 digits from 0 to 9.,"3-Digits",$500,,F,F,,,F,F,Active,"<table class=""table table-bordered""><thead><tr class=""result-table-heading""><th><strong>Matchto Play</strong></th><th><strong>Odds</strong></th><th><strong>Prizeses</strong></th></tr></thead><tbody><tr><td>Straight</td><td>1:1000</td><td>$500</td></tr><tr><td>3-way Box</td><td>1:333</td><td>$160</td></tr><tr><td>6-Way Box</td><td>1:167</td><td>$80</td></tr><tr><td>3- way Straight/Box</td><td>1:1000/1:333</td><td>$330/$80</td></tr><tr><td>Straight/any 6-Way</td><td>1:1000/1:166</td><td>$290/$40</td></tr></tbody></table>",F,"3","3-Digits",WVA,F,F,,,"1$",Up to 24 consecutive draws,"Before 6:49 p.m., ET, the day of drawing"
503,Daily 4,West Virginia-Daily 4,"6:59 PM",US/Eastern,"06:59 PM",Choose 4 digits from 0 to 9.,"4-Digits","$5,000",,F,F,,,F,F,Active,"<table class=""table table-bordered""><thead><tr class=""result-table-heading""><th><strong>Matchto Play</strong></th><th><strong>Odds</strong></th><th><strong>Prizeses</strong></th></tr></thead><tbody><tr><td>Exact</td><td>1:10,000</td><td>$5,000</td></tr><tr><td>4-Way Box</td><td>1:2,500</td><td>$1200</td></tr><tr><td>6-Way Box</td><td>1:1,667</td><td>$800</td></tr><tr><td>12-Way Box</td><td>1:833</td><td>&nbsp;$400</td></tr><tr><td>24-Way Box</td><td>1:416</td><td>$200</td></tr><tr><td>Exact/Box 4-Way</td><td>1:10000/1:2500</td><td>$3,100/$600</td></tr><tr><td>Exact/Box 6-Way</td><td>1:10000/1:1667</td><td>$2,900/ $400</td></tr><tr><td>Exact/Box 12-Way</td><td>1:10000/1:833</td><td>$2,700/ $200</td></tr><tr><td>Exact/Box 24-Way</td><td>1:10000/1:416</td><td>$2,600/ $100</td></tr></tbody></table>",F,"4","4-Digits",WVC,F,F,,,"1$",Up to 24 consecutive draws,"Before 6:49 p.m., ET, the day of drawing"
504,Pick 3 Evening,Wisconsin-Pick 3 Evening,"9:00 PM",US/Central,"10:00 PM",Choose 3 digits from 0 to 9.,"3-Digits",$500,,F,F,,,F,F,Active,"<table class=""table table-bordered""><thead><tr class=""result-table-heading""><th><strong>Matchto Play</strong></th><th><strong>Odds</strong></th><th><strong>Prizeses</strong></th></tr></thead><tbody><tr><td>Straight</td><td>1:1000</td><td>$500</td></tr><tr><td>3-Way Box</td><td>1:334</td><td>$160</td></tr><tr><td>6-Way Box</td><td>1:167</td><td>$80</td></tr><tr><td>Straight/Box 3-Way</td><td>1:1000/1:334</td><td>$330/$80</td></tr><tr><td>Straight/Box 6-Way</td><td>1:1000/1:167</td><td>$290/ $40</td></tr></tbody></table>",F,"3","3-Digits",WIA,F,F,,,"1$", up to 14 draws for BOTH (7 MIDDAY and 7 EVENING),before 9:00 p.m.
505,Pick 4 Evening,Wisconsin-Pick 4 Evening,"9:00 PM",US/Central,"10:00 PM",Choose 4 digits from 0 to 9.,"4-Digits","$5,000",,F,F,,,F,F,Active,"<table class=""table table-bordered""><thead><tr class=""result-table-heading""><th><strong>Matchto Play</strong></th><th><strong>Odds</strong></th><th><strong>Prizeses</strong></th></tr></thead><tbody><tr><td>Straight</td><td>1 in 10,000</td><td>$5,000</td></tr><tr><td>4-Way Box</td><td>1 in 2,500</td><td>$1200</td></tr><tr><td>6-Way Box</td><td>1 in 1,667</td><td>$800</td></tr><tr><td>12-Way Box</td><td>1 in 834</td><td>$400</td></tr><tr><td>24-Way Box</td><td>1 in 417</td><td>$200</td></tr></tbody></table>",F,"4","4-Digits",WIC,F,F,,,"1$",up to 14 draws for BOTH (7 MIDDAY and 7 EVENING) ,before 9:00 p.m.
506,Badger 5,Wisconsin-Badger 5,"9:05 PM",US/Central,"10:05 PM",select 5 numbers from 1 to 31.,"5/31",,,F,F,,,F,F,Active,"<table class=""table table-bordered""><thead><tr class=""result-table-heading""><th>Match</th><th>Win</th><th>Odds</th></tr></thead><tbody><tr><td>5 of 5</td><td>JACKPOT*</td><td>1:169,911</td></tr><tr><td>4 of 5</td><td>$50</td><td>1:1,308</td></tr><tr><td>3 of 5</td><td>$2</td><td>1:53</td></tr><tr><td>2 of 5</td><td>$1</td><td>1:7</td></tr></tbody></table>",F,"5","5/31",WI5,T,F,,,"1$", up to 7 draws,before 9:00 p.m.
507,Super Cash,Wisconsin-Super Cash,"9:05 PM",US/Central,"10:05 PM",Choose 6 numbers from 1 to 39.,"6/39","$350,000",,F,F,,,F,F,Active,"<table class=""table table-bordered""><thead><tr class=""result-table-heading""><th>Match</th><th>Win</th><th>Odds</th></tr></thead><tbody><tr><td>6 of 6</td><td>$350,000*</td><td>1:1,631,312</td></tr><tr><td>5 of 6</td><td>$500</td><td>1:8,239</td></tr><tr><td>4 of 6</td><td>$30</td><td>1:206</td></tr><tr><td>3 of 6</td><td>$1</td><td>1:15</td></tr><tr><td>DOUBLER</td><td>**</td><td>1:7</td></tr></tbody></table>",F,"6+1","6/39 + 1 (Doubler)",WI2,F,F,,,"1$",up to 7 draws ,before 9:00 p.m.
508,Lucky Money,Florida-Lucky Money,"11:00 PM",US/Eastern,"11:00 PM",Choose 4 numbers 1 through 44 and 1 mega ball number from 1 to 22,"4/17+1/17",,"1 in 2,986,522",T,T,http://www.flalottery.com/luckyMoney.do,,F,F,ignore,,F,"4+1","4/47 + 1/17 (Lucky Ball)",FL5,T,F,,,,,
509,Lotto,Illinois-Lotto,"9:15 PM",US/Central,"10:15 PM",Choose 6 numbers 1 through 52 and for 1$ additional extra shot number,"6/52",,"",T,T,"",,F,F,Active,"<table class=""table table-bordered""><thead><tr class=""result-table-heading""><th>Match</th><th>Prize</th><th>Odds</th></tr></thead><tbody><tr><td>6</td><td>Jackpot</td><td>1:20,358,520</td></tr><tr><td>5+E</td><td>Pari-mutual $50,000 avg</td><td>1:1,844,069</td></tr><tr><td>5</td><td>Pari-mutual $2,000 avg</td><td>1:73,763</td></tr><tr><td>4+E</td><td>Pari-mutual $1250 avg</td><td>1:32,783</td></tr><tr><td>4</td><td>Pari-mutual $50 avg</td><td>1:1,311</td></tr><tr><td>3+E</td><td>$125 fixed</td><td>1:1.676</td></tr><tr><td>3</td><td>$5 fixed</td><td>1:67</td></tr><tr><td>2+E</td><td>$25 fixed</td><td>1:208</td></tr><tr><td>2</td><td>$1 fixed</td><td>1:832</td></tr><tr><td>1+E</td><td>$10 fixed</td><td>1:62</td></tr><tr><td>0+E</td><td>$5 fixed</td><td>1:54</td></tr></tbody></table>",F,"6+1","6/52 + 1 (Extra Shot)",IL4,T,F,,,"2$",upto 25 consecutive draws,"Mon, Thu and Sat, 7 minutes before draw time"
510,Lotto,Indiana-Lotto,"11:00 PM",US/Eastern,"11:00 PM",Choose 6 numbers from 1 to 46.,"6/46",,,F,F,,,F,F,Active,"<table class=""table table-bordered""><thead><tr class=""result-table-heading""><th colspan=""4"">Match to Win with Hoosier Lotto</th></tr><tr class=""result-table-heading""><th>Match</th><th>Hoosier Lotto Prize</th><th>PLUS Prize</th><th>Odds (1 in)</th></tr></thead><tbody><tr><td>6</td><td>Jackpot</td><td>$1 Million**</td><td>9,366,819</td></tr><tr><td>5</td><td>$500*</td><td>$600*</td><td>39,028</td></tr><tr><td>4</td><td>$20*</td><td>$25*</td><td>800</td></tr><tr><td>3</td><td>$2*</td><td>$4*</td><td>47</td></tr><tr><td>2</td><td>FREE Ticket</td><td>FREE Ticket with +PLUS</td><td>6.8</td></tr></tbody></table>",F,"6","6/46",IN1,T,F,,,"2$",upto 10 consecutive draws,"Wed and Sat, 21 minutes before draw time"
511,Quick Draw Midday,Indiana-Quick Draw Midday,"1:20 PM",US/Eastern,"01:20 PM",select 10 numbers from 1 to 80.,"10/80","$300,000",,F,F,,,F,F,Active,"<table class=""table table-bordered""><thead><tr class=""result-table-heading""><th>Pick Match</th><th>Quick Draw Prize</th><th>Bullseye Prize</th><th>Total Prize Won (Quick Draw Prize + Bullseye Prize)</th></tr></thead><tbody><tr><td>10</td><td>$300,000</td><td>$200,000</td><td>$500,000</td></tr><tr><td>9</td><td>$4,000</td><td>$6,000</td><td>$10,000</td></tr><tr><td>8</td><td>$250</td><td>$750</td><td>$1,000</td></tr><tr><td>7</td><td>$35</td><td>$90</td><td>$125</td></tr><tr><td>6</td><td>$15</td><td>$20</td><td>$35</td></tr><tr><td>5</td><td>$5</td><td>$5</td><td>$10</td></tr><tr><td>4</td><td>$0</td><td>$3</td><td>$3</td></tr><tr><td>3</td><td>$0</td><td>$2</td><td>$2</td></tr><tr><td>2</td><td>$0</td><td>$3</td><td>$3</td></tr><tr><td>1</td><td>$0</td><td>$5</td><td>$5</td></tr><tr><td>0</td><td>Free Ticket</td><td>####</td><td>Free Ticket</td></tr><tr><td>Overall Odds</td><td>1 in 9.1</td><td>1 in 8</td><td>1 in 4.3</td></tr></tbody></table>",F,"20+1","20/80 + 1 (BE)",IN9,F,F,,,"1$",upto 28 consecutive draws,"Mon-Sun, 10 minutes before draw time"
513,Super Cash,Kansas-Super Cash,"9:10 PM",US/Central,"10:10 PM",Choose 5 numbers from 1 to 32 and 1 number from 1 to 25.,"5/32+1/25",,,F,F,,,F,F,Active,"<table class=""table table-bordered""><thead><tr class=""result-table-heading""><th><strong>Match</strong></th><th><strong>Win</strong></th><th><strong>Odds</strong></th></tr></thead><tbody><tr><td>5 numbers and the Cash Ball</td><td>Win or share the grand prize</td><td>1 in 2,517,200</td></tr><tr><td>5 numbers but not the Cash Ball</td><td>$2,000*</td><td>1 in 104,883</td></tr><tr><td>4 numbers and the Cash Ball</td><td>$250</td><td>1 in 18,646</td></tr><tr><td>4 numbers but not the Cash Ball</td><td>$25</td><td>1 in 777</td></tr><tr><td>3 numbers and the Cash Ball</td><td>$25</td><td>1 in 717</td></tr><tr><td>3 numbers but not the Cash Ball</td><td>$2</td><td>1 in 30</td></tr><tr><td>2 numbers and the Cash Ball</td><td>$2</td><td>1 in 86</td></tr><tr><td>1 number and the Cash Ball</td><td>$1</td><td>1 in 29</td></tr></tbody></table>",F,"5+1","5/32 + 1/35 (Cash Ball)",KS3,T,F,,,"1$",upto 15 consecutive draws,"Mon, wed and Sat, 11 minutes before draw time"
514,Lotto,Louisiana-Lotto,"9:59 PM",US/Central,"10:59 PM",Choose 6 numbers from 1 to 40.,"6/40",,,F,F,,,F,F,Active,"<table class=""table table-bordered""><thead><tr class=""result-table-heading""><th><strong>Matchto Play</strong></th><th><strong>Odds</strong></th><th><strong>Prizeses</strong></th></tr></thead><tbody><tr><td>6 Match</td><td>1 in 3,838,380</td><td>jackpot</td></tr><tr><td>5 Match</td><td>1 in 18,816</td><td>$2000</td></tr><tr><td>4 Match</td><td>1 in 456</td><td>$50</td></tr><tr><td>3 Match</td><td>1 in 32</td><td>$3</td></tr></tbody></table>",F,"6","6/40",LA1,T,F,,,"2$",upto 20 consecutive draws,"Wed and Sat, 29 minutes before draw time"
515,Multi Match,Maryland-Multi Match,"11:07 PM",US/Eastern,"11:07 PM",Choose 6 numbers from 1 to 43.,"6/43",,,F,F,,,F,F,Active,"<table class=""table table-bordered""><thead><tr class=""result-table-heading""><th><p><strong>Matching on a single line</strong></p></th><th><p><strong>Probability of winning per line</strong></p></th><th><p><strong>Probability of winning per $2 ticket**</strong></p></th><th><p><strong>Prizes</strong></p></th></tr></thead><tbody><tr><td><p>6 of 6</p></td><td><p>1 in 6,096,454.0</p></td><td><p>1 in 2,032,151.7</p></td><td><p>JACKPOT*</p></td></tr><tr><td><p>5 of 6</p></td><td><p>1 in 27,461.5</p></td><td><p>1 in 9,154.2</p></td><td><p>$1,000</p></td></tr><tr><td><p>4 of 6</p></td><td><p>1 in 610.3</p></td><td><p>1 in 203.8</p></td><td><p><strong>$20</strong></p></td></tr><tr><td><p>3 of 6</p></td><td><p>1 in 39.2</p></td><td><p>1 in 13.4</p></td><td><p><strong>$2</strong></p></td></tr></tbody></table><table><thead><tr><td><p><strong>Matching on multiple lines</strong></p></td><td><p><strong>Approximate probability of winning per $2 ticket</strong></p></td><td><p><strong>Prizes</strong></p></td></tr></thead><tbody><tr><td><p>10+ of 18</p></td><td><p>1 in 168,239.7</p></td><td><p>$2,000</p></td></tr><tr><td><p>9 of 18</p></td><td><p>1 in 15,098.4</p></td><td><p><strong>$500</strong></p></td></tr><tr><td><p>8 of 18</p></td><td><p>1 in 1,740.2</p></td><td><p><strong>$100</strong></p></td></tr><tr><td><p>7 of 18</p></td><td><p>1 in 272.5</p></td><td><p><strong>$20</strong></p></td></tr><tr><td><p>6 of 18</p></td><td><p>1 in 58.0</p></td><td><p><strong>$7</strong></p></td></tr><tr><td><p>5 of 18</p></td><td><p>1 in 16.9</p></td><td><p><strong>$2</strong></p></td></tr></tbody></table>",F,"6","6/43",MD4,T,F,,,"2$",upto 10 consecutive draws,"Mon and Thu, 5 minutes before draw time"
516,Mega bucks,Massachusetts-Mega bucks,"11:20 PM",US/Eastern,"11:20 PM",Choose six numbers from 1 to 44 and 1 digit from 0 to 9.,"6/44 + 1-Digit",,,F,F,,,F,F,Active,"<table class=""table table-bordered""><thead><tr class=""result-table-heading""><th><strong>Matchto Play</strong></th><th><strong>Odds</strong></th><th><strong>Prizes (No doubler)</strong></th><th><strong>Prizes (with doubler)</strong></th></tr></thead><tbody><tr><td>6 Match</td><td>1 in 13,983,816</td><td>Jackpot</td><td>jackpot</td></tr><tr><td>5 Match</td><td>1 in 54,200</td><td>$2500</td><td>$5000</td></tr><tr><td>4 Match</td><td>1 in 1,032</td><td>$100</td><td>$200</td></tr><tr><td>3 Match</td><td>1 in 56</td><td>$2</td><td>$4</td></tr></tbody></table>",F,"6+1","6/44 + 1/10 (ST Dobler)",MA2,T,F,,,"1$",upto 7 consecutive draws,"Wed and Sat, 15 minutes before draw time"
517,Classic Lotto 47,Michigan-Classic Lotto 47,"7:29 PM",US/Eastern,"07:29 PM",Choose 6 numbers from 1 to 47.,"6/47",,,F,F,,,F,F,Active,"<table class=""table table-bordered""><thead><tr class=""result-table-heading""><th><strong>Matchto Play</strong></th><th><strong>Odds</strong></th><th><strong>Prizes</strong></th></tr><tr><td>6 Match</td><td>1:10,737,573</td><td>Jackpot</td></tr><tr><td>5 Match</td><td>1:43,649</td><td>$2500</td></tr><tr><td>4 Match</td><td>1:873</td><td>$100</td></tr><tr><td>3 Match</td><td>1:50</td><td>$5</td></tr></thead></table>",F,"6","6/47",MI7,T,F,,,"2$",upto 60 consecutive draws,"Wed and Sat, 21 minutes before draw time"
519,North 5,Minnesota-North 5,"6:17 PM",US/Central,"07:17 PM",select 5 numbers from 1 to 31.,"5/31",,,F,F,,,F,F,Active,"<table class=""table table-bordered""><thead><tr class=""result-table-heading""><th><strong>Match:</strong></th><th><strong>To Win:</strong></th><th><strong>Odds</strong></th></tr></thead><tbody><tr><td>5 of 5 numbers</td><td>JACKPOT*</td><td>1 in 169,911.00</td></tr><tr><td>4 of 5</td><td>$50</td><td>1 in 1,307.00</td></tr><tr><td>3 of 5</td><td>$5</td><td>1 in 52.00</td></tr><tr><td>2 of 5</td><td>$1</td><td>1 in 7.00</td></tr></tbody></table>",F,"5","5/31",MN2,T,F,,,"1$",upto 14 consecutive draws,"Mon-Sun, 7 minutes before draw time"
520,"250 Triple Play",Missouri-250 Triple Play,"8:59 PM",US/Central,"09:59 PM",,"6/53",,,F,F,,,F,F,Ignore,,F,"6+1","6/53 + XTRA",,F,F,,,,,
521,Lotto,Missouri-Lotto,"8:59 PM",US/Central,"09:59 PM",Choose 6 numbers from 1 to 44.,"6/44",,,F,F,,,F,F,Closed,"<table class=""table table-bordered""><thead><tr class=""result-table-heading""><th><p><strong>Match</strong></p></th><th><p><strong>Prize</strong></p></th><th><p><strong>Chances 1 In</strong></p></th></tr></thead><tbody><tr><td><p><strong>6 of 6 numbers</strong></p></td><td><p><strong>Jackpot</strong></p></td><td><p><strong>1 in 3,529,526</strong></p></td></tr><tr><td><p><strong>5 of 6 numbers</strong></p></td><td><p><strong>$715 (average amount)</strong></p></td><td><p><strong>1 in 15,480</strong></p></td></tr><tr><td><p><strong>4 of 6 numbers</strong></p></td><td><p><strong>$29 (average amount)</strong></p></td><td><p><strong>1 in 335</strong></p></td></tr><tr><td><p><strong>3 of 6 numbers</strong></p></td><td><p><strong>Free Ticket (QP)</strong></p></td><td><p><strong>1 in 21</strong></p></td></tr><tr><td><p><strong>Overall chances: 1 in 20</strong></p></td></tr></tbody></table>",F,"6","6/44",MO1,T,F,,,"2$",upto 15 consecutive draws,"Wed and Sat, on or before draw time"
522,"10 Spot Evening",Montana-10 Spot Evening,"7:30 PM",US/Mountain,"09:30 PM",,"6/53",,,F,F,,,F,F,Ignore,,F,"6+1","6/53 + 1 (XTRA)",,F,F,,,,,
523,Pick 5,Nebraska-Pick 5,"8:40 PM",US/Central,"09:40 PM",Choose 5 numbers from 1 to 40.,"5/40",,,F,F,,,F,F,Active,"<table class=""table table-bordered""><thead><tr class=""result-table-heading"">  <th> Get </th> <th> Prize </th> <th> Odds </th> </tr> </thead><tbody> <tr> <td> 5 of 5 </td> <td> Jackpot </td> <td> 501,942 </td> </tr> <tr> <td> 4 of 5 </td> <td> $450 </td> <td> 3,042 </td> </tr> <tr> <td> 3 of 5 </td> <td> $9 </td> <td> 95 </td> </tr> <tr> <td> 2 of 5 </td> <td> Free $1 Quick Pick Play </td> <td> 9 </td> </tr> </tbody> </table>",F,"5","5/40",NE1,T,T,,,"1$",Upto 84 consecutive draws,Before 1 hour to time of draw on draw night
524,MyDay,Nebraska-MyDay,"8:40 PM",US/Central,"09:40 PM",Non-Traitional,Non-Traditional,"$5,000",,F,F,,,F,F,Active,"<table class=""table table-bordered""><thead><tr class=""result-table-heading""> <th> Match </th> <th> Prize </th> <th> Odds </th> </tr> </thead><tbody> <tr> <td> Month+Day+Year </td> <td> $5,000 </td> <td> 36,525.00 </td> </tr> <tr> <td> Day+Year </td> <td> $365 </td> <td> 3,320.00 </td> </tr> <tr> <td> Month+Year </td> <td> $52 </td> <td> 1,240.00 </td> </tr> <tr> <td> Month+Day </td> <td> $12 </td> <td> 369.00 </td> </tr> <tr> <td> Year </td> <td> $7 </td> <td> 113.00 </td> </tr> <tr> <td> Day </td> <td> $4 </td> <td> 34.00 </td> </tr> <tr> <td> Month </td> <td> $1 </td> <td> 13.00 </td> </tr> </tbody> </table>",F,"1+1+1",Calendar Theme,NE2,F,F,,,"1$",Upto 84 consecutive draws,Before 1 hour to time of draw on draw night
525,Cash4Life,New Jersey-Cash4Life,"9:00 PM",US/Eastern,"9:00 PM",,"6/53",,,F,F,,,F,F,Ignore,,F,"6+1","6/53 + 1 (XTRA)",,F,F,,,,,
526,Pick 6,New Jersey-Pick 6,"7:56 PM",US/Eastern,"07:56 PM",,"6/49",,,F,F,,,F,F,Active,"<table class=""table table-bordered""><thead><tr class=""result-table-heading""><th >Match</th><th>Odds (per $1 play)</th><th>Average Prize*</th><th>X2</th><th>X3</th><th>X4</th><th>X5</th></tr></thead><tbody><tr><td><strong>-</strong></td><td><strong>-</strong></td><td><strong>-</strong></td><td>Odds of winning:<br /> 4 in 10</td><td>Odds of winning:<br /> 3 in 10</td><td>Odds of winning:<br /> 2 in 10</td><td>Odds of winning:<br /> 1 in 10</td></tr><tr><td>6 of 6</td><td>1 : 13,983,816</td><td>Jackpot*</td><td><strong>-</strong></td><td><strong>-</strong></td><td><strong>-</strong></td><td><strong>-</strong></td></tr><tr><td>5 of 6</td><td>1 : 54,201</td><td>$2,700*</td><td>$5,400*</td><td>$8,100*</td><td>$10,800*</td><td>$13,500*</td></tr><tr><td>4 of 6</td><td>1 : 1,032</td><td>$56*</td><td>$112*</td><td>$168*</td><td>$224*</td><td>$280*</td></tr><tr><td>3 of 6</td><td>1 : 57</td><td>$3</td><td>$6</td><td>$9</td><td>$12</td><td>$15</td></tr><tr><td>2 of 6</td><td>1 : 8</td><td><strong>-</strong></td><td>$2</td><td>$2</td><td>$2</td><td>$2</td></tr><tr><td colspan=""7"">*Average prizes are pari-mutuel and are based on sales and number of winners with the exception of the $3 Pick-6 prize and the $2 XTRA prize, which are fixed prizes.</td></tr></tbody></table>",F,"6+1","6/49 + 1 (Xtra)",NJ1,T,F,,,"2$",Up to 26 consecutive draws,Before 10:53 p.m. on draw night
527,Pick 3 Plus Evening,New Mexico-Pick 3 Plus Evening,"9:45 PM",US/Mountain,"11:45 PM",Choose 3 digits from 0 to 9.,"3-Digits",$500,,F,F,,,F,F,Active,"<table class=""table table-bordered""><thead><tr class=""result-table-heading""><th><strong>Type of Play</strong></th><th><strong>Odds</strong></th><th><strong>$1</strong></th></tr></thead><tbody><tr><td>Straight</td><td>1:1000</td><td>$500</td></tr><tr><td>3-way box</td><td>1:333</td><td>$160</td></tr><tr><td>6-way box</td><td>1:166</td><td>$80</td></tr><tr><td>Str/box 3-way</td><td>1:333</td><td>$330 $80(Box)</td></tr><tr><td>Str/box 6-way</td><td>1:166</td><td>$290 $40(box)</td></tr><tr><td>Front Pair</td><td>1:56</td><td>$5</td></tr><tr><td>Back Pair</td><td>1:56</td><td>$5</td></tr></tbody></table>",F,"3","3-Digits",NMA,F,F,,,"1$",Up to 14 consecutive draws (midday and evening ),Before 09:30 pm on the draw night
528,Road Runner Cash,New Mexico-Road Runner Cash,"09:30 PM",US/Mountain,"11:30 PM",select 5 numbers from 1 to 37.,"5/37",,,F,F,,,F,F,Active,"<table class=""table table-bordered""><thead><tr class=""result-table-heading""><th><strong>Match:</strong></th><th><strong>To Win:</strong></th><th><strong>Odds</strong></th></tr></thead><tbody><tr><td>5 of 5 numbers</td><td>JACKPOT*</td><td>1 in 435,897</td></tr><tr><td>4 of 5</td><td>$200</td><td>1 in 2724.36</td></tr><tr><td>3 of 5</td><td>$5</td><td>1 in 87.88</td></tr><tr><td>2 of 5</td><td>$1</td><td>1 in 8.79</td></tr></tbody></table>",F,"5","5/37",NM2,T,F,,,"1$",Up to 14 consecutive draws (midday and evening ),Before 09:30 pm on the draw night
529,Cash4Life,New York-Cash4Life,"9:00 PM",US/Eastern,"9:00 PM",,"6/53",,,F,F,,,F,F,Ignore,,F,"6+1","6/53 + XTRA",,F,F,,,,,
530,Lotto,New York-Lotto,"11:21 PM",US/Eastern,"11:21 PM",Choose 6 numbers from 1 to 59.,"6/59",,,F,F,,,F,F,Active,"<table class=""table table-bordered""><thead><tr class=""result-table-heading""><th><strong>Matchto Play</strong></th><th><strong>Odds</strong></th><th><strong>Prizes</strong></th></tr></thead><tbody><tr><td>6 Match</td><td>1:22,528,737</td><td>Jackpot</td></tr><tr><td>5 Match with bonus</td><td>1:3,754,789</td><td>7.25% of this amount</td></tr><tr><td>5 Match</td><td>1:72,207</td><td>5.50 %of this amount</td></tr><tr><td>4 Match</td><td>1:1,089</td><td>6.25% of this amount</td></tr><tr><td>3 Match</td><td>1:48</td><td>6% of this amount</td></tr></tbody></table>",F,"6+1","6/59 + 1 (Bonus)",NY1,T,F,,,"2$",Up to 26 consecutive draws,Before 8:00 p.m. on draw night
531,Cash 5,Oklahoma-Cash 5,"9:10 PM",US/Central,"10:10 PM",Choose 5 numbers from 1 to 36.,"5/36","$25,000",,F,F,,,F,F,Active,"<table class=""table table-bordered""><thead><tr class=""result-table-heading""><th><strong>Match:</strong></th><th><strong>To Win:</strong></th><th><strong>Odds</strong></th></tr></thead><tbody><tr><td>5 of 5 numbers</td><td>$25,000</td><td>1 in 376,992</td></tr><tr><td>4 of 5</td><td>$500</td><td>1 in 2432.2</td></tr><tr><td>3 of 5</td><td>$10</td><td>1 in 81.1</td></tr><tr><td>2 of 5</td><td>Free Ticket</td><td>1 in 8.4</td></tr></tbody></table>",F,"5","5/36",OK1,F,F,,,"1$",Up to 20 consecutive draws,Before 1 minute to time of draw on draw night
532,Pick 4 10pm,Oregon-Pick 4 10pm,"10:00 PM",US/Pacific,"01:00 AM",Choose 4 digits from 0 to 9.,"4-Digits","$5,000",,F,F,,,F,F,Active,"<table class=""table table-bordered""> <thead><thead><tr class=""result-table-heading""><th><p><strong>&nbsp;Match&nbsp;</strong></p></th><th><p><strong>&nbsp;Prize&nbsp;Amount&nbsp;</strong></p></th><th><p><strong>&nbsp;Odds&nbsp;</strong></p></th></tr></thead><tbody><tr><td><p>All 4 (exact order)</p></td><td><p>$2,000</p></td><td><p>1 in 10,000</p></td></tr><tr><td><p>First 3 (exact order)</p></td><td><p>$150</p></td><td><p>1 in 1,111</p></td></tr><tr><td><p>Last 3 (exact order)</p></td><td><p>$150</p></td><td><p>1 in 1,111</p></td></tr><tr><td><p>First 2 (exact order)</p></td><td><p>$6</p></td><td><p>1 in 111</p></td></tr><tr><td><p>Middle 2 (exact order)</p></td><td><p>$6</p></td><td><p>1 in 123</p></td></tr><tr><td><p>Last 2 (exact order)</p></td><td><p>$6</p></td><td><p>1 in 111</p></td></tr></tbody></table><p>&nbsp;All prize amounts based on a wager of $1.</p>",F,"4","4-Digits",ORG,F,F,,,"1$","Up to 12 consecutive draws(1p.m.,4p.m.,7p.m.,10p.m.)", Before 1 minute to the draw time on draw day.
533,Mega bucks,Oregon-Mega bucks,"7:29 PM",US/Pacific,"10:29 PM",Choose 6 numbers from 1 to 48.,"6/48",,,F,F,,,F,F,Active,"<table class=""table table-bordered""><thead><tr class=""result-table-heading""><th><strong>Matchto Play</strong></th><th><strong>Odds</strong></th><th><strong>Prizes</strong></th></tr></thead><tbody><tr><td>6 Match</td><td>1:6,135,756</td><td>$8,951,227</td></tr><tr><td>5 Match</td><td>1:24,348.49</td><td>$800</td></tr><tr><td>4 Match</td><td>1:475.34</td><td>$40</td></tr><tr><td>3 Match</td><td>1:26.98</td><td>Free Ticket</td></tr></tbody></table>",F,"6","6/48",OR1,T,F,,,"1$","Up to 20 consecutive draws using game slip,24 consecutive using lottery slip,26 for 25$", Before 1 minute to the draw time on draw day.
534,Match 6,Pennsylvania-Match 6,"6:59 PM",US/Eastern,"06:59 PM",Select 6 numbers from 1 to 49,"6/49",,,F,F,,,F,F,Active,"<table class=""table table-bordered""><thead><tr class=""result-table-heading""><th><strong>Match:</strong></th><th><strong>To Win:</strong></th><th><strong>Odds</strong></th></tr></thead><tbody><tr><td>6 of 6 numbers</td><td>Jackpot</td><td>1 in 4,661,272</td></tr><tr><td>5 of 6 numbers</td><td>$1,000</td><td>1 in 18,067</td></tr><tr><td>4 of 6 numbers</td><td>$20</td><td>1 in 344.47</td></tr><tr><td>3 of 6 numbers</td><td>$2</td><td>1 in 19.22</td></tr></tbody></table>",F,"6","6/49",PA3,T,F,,,"2$",Up to 26 consecutive draws,Before 6:57 p.m. on draw nights.
535,Numbers Game Evening,Rhode Island-Numbers Game Evening,"7:00 PM",US/Eastern,"07:00 PM",Choose 4 digits from 0 to 9.,"4-Digits","$5,000",,F,F,,,F,F,Active,"<table class=""table table-bordered""><thead><tr class=""result-table-heading""><th><strong>Bet Type</strong></th><th><strong>$1</strong></th></tr></thead><tbody><tr><td><strong>4 Digit Straight</strong>(exact order)</td><td>$5,000</td></tr><tr><td><strong>3 Digit Straight</strong>(exact order)</td><td>$500</td></tr><tr><td><strong>2 Digit Straight</strong>(exact order)</td><td>$50</td></tr><tr><td><strong>3 Digit Box</strong>(any order)<br /> - all numbers are different<br /> example:<strong>123</strong></td><td>$84</td></tr><tr><td><strong>3 Digit Box</strong>(any order)<br /> - 2 numbers are different<br /> example:<strong>122</strong></td><td>$166</td></tr><tr><td><strong>4 Digit Box</strong>(any order)<br /> - all numbers are different<br /> example:<strong>1234</strong></td><td>$208</td></tr><tr><td><strong>4 Digit Box</strong>(any order)<br /> - 3 numbers are different<br /> example:<strong>1223</strong></td><td>$416</td></tr><tr><td><strong>4 Digit Box</strong>(any order)<br /> - 2 pairs<br /> example:<strong>1212</strong></td><td>$834</td></tr><tr><td><strong>4 Digit Box</strong>(any order)<br /> - 3 of 1 digit<br /> example:<strong>1222</strong></td><td>$1,250</td></tr></tbody></table>",F,"4","4-Digits",RIC,F,F,,,"1$",Up to 60 consecutive draws(including both midday and evening), Before 6:50 p.m on draw days.
536,Wild Money,Rhode Island-Wild Money,"7:29 PM",US/Eastern,"07:29 PM",select 5 numbers from 1 to 38.,"5/38",,,F,F,,,F,F,Active,"<table class=""table table-bordered""><thead><tr class=""result-table-heading""><th><strong>Matchto Play</strong></th><th><strong>prize</strong></th><th><strong>Odds</strong></th></tr></thead><tbody><tr><td>5 Match</td><td>Jackpot</td><td>1 : 325,000</td></tr><tr><td>4 Match+extra ball</td><td>$1,500</td><td>1 : 65,000</td></tr><tr><td>4 Match</td><td>$200</td><td>1 : 2,200</td></tr><tr><td>3 Match+extra ball</td><td>$50</td><td>1 : 1,100</td></tr><tr><td>3 Match</td><td>$5</td><td>1 : 80</td></tr><tr><td>2 Match+extra ball</td><td>$5</td><td>1 : 80</td></tr></tbody></table>",F,"5+1","5/38 + 1 (Extra)",RI2,T,F,,,"1$",Up to 21 consecutive draws,Before 6:50 p.m. on drawing night
537,Palmetto Cash 5,South Carolina-Palmetto Cash 5,"6:59 PM",US/Eastern,"06:59 PM",Choose 5 numbers from 1 to 38.,"5/38",,,T,F,,,F,F,Active,"<table class=""table table-bordered""><thead><tr class=""result-table-heading""><th><strong>Palmetto Cash 5 Prizes</strong></th><th><strong>X2</strong></th><th><strong>X3</strong></th><th><strong>X4</strong></th><th><strong>X5</strong></th></tr></thead><tbody><tr><td>Match 5</td><td>$100,000<em>(1 in 501,942)</em></td><td>$200,000<em>(1 in 1,003,884)</em></td><td>$300,000<em>(1 in 1,606,214)</em></td><td>$400,000<em>(1 in 4,015,536)</em></td><td>$500,000<em>(1 in 8,031,072)</em></td></tr><tr><td>Match 4</td><td>$300<em>(1 in 3,042)</em></td><td>$600<em>(1 in 6,084)</em></td><td>$900<em>(1 in 9,735)</em></td><td>$1,200<em>(1 in 24,337)</em></td><td>$1,500<em>(1 in 48,673)</em></td></tr><tr><td>Match 3<em>Odds</em>:</td><td>$5<em>(1 in 95)</em></td><td>$10<em>(1 in 190)</em></td><td>$15<em>(1 in 304)</em></td><td>$20<em>(1 in 761)</em></td><td>$25<em>(1 in 1,521)</em></td></tr><tr><td>Match 2</td><td>$1<em>(1 in 9.2)</em></td><td>$2<em>(1 in 18.4)</em></td><td>$3<em>(1 in 29)</em></td><td>$4<em>(1 in 74)</em></td><td>$5<em>(1 in 147)</em></td></tr></tbody></table>",F,"5+1","5/38 + 1 (Power-up)",SC2,T,F,,,"1$",Up to 40 consecutive drawings,Before 14 minutes of time of draw on draw day
538,Tennessee Cash,Tennessee-Tennessee Cash,"10:34 PM",US/Central,"11:34 PM",Choose 5 numbers from 1 to 35 and 1 cash ball number fron 1 to 5.,"5/35+1/5",,,F,F,,,F,F,Active,"<table class=""table table-bordered""><thead><tr class=""result-table-heading""><th><strong>Matchto Play</strong></th><th><strong>Odds</strong></th></tr></thead><tbody><tr><td>5 Match+Cash ball</td><td>1:1,623,160</td></tr><tr><td>5 Match</td><td>1:405,790</td></tr><tr><td>4 Match+Cash ball</td><td>1:10,821</td></tr><tr><td>4 Match</td><td>1:2,705</td></tr><tr><td>3 Match+Cash ball</td><td>1:373</td></tr><tr><td>3 Match</td><td>1:93</td></tr><tr><td>2 Match+Cash ball</td><td>1 :40</td></tr><tr><td>2 Match</td><td>1:10</td></tr></tbody></table>",F,"5+1","5/35 + 1/5(Bonus)",TN3,T,F,,,"2$",Up to 7 consecutive drawings,Before 5 minutes of time of draw on draw day
539,Texas Two Step ,Texas-Texas Two Step ,"10:12 PM",US/Central,"11:12 PM",Choose 4 number from 1 to 35 and 1 bonus number from 1 to 35.,"4/35+1/35",,,F,F,,,F,F,Active,"<table class=""table table-bordered""><thead><tr class=""result-table-heading""><th><strong>Matchto Play</strong></th><th><strong>Prizes</strong></th><th><strong>Odds</strong></th></tr></thead><tbody><tr><td>4 Match+Bonus ball</td><td>Jackpot</td><td>1:1,832,600</td></tr><tr><td>4 Match</td><td>$1501</td><td>1:53,900</td></tr><tr><td>3 Match+Bonus ball</td><td>$50</td><td>1:14,779</td></tr><tr><td>3 Match</td><td>$20</td><td>1:435</td></tr><tr><td>2 Match+Bonus ball</td><td>$20</td><td>1:657</td></tr><tr><td>1 Match+Bonus ball</td><td>$7</td><td>1 :102</td></tr><tr><td>1 Match</td><td>$5</td><td>1:58</td></tr></tbody></table>",F,"4+1","5/35 + 1/35(Bonus)",TX3,T,F,,,"1$",Up to 10 consecutive drawings,Before 10:02 p.m. CT on draw day
540,All or Nothing Day,Texas-All or Nothing Day,"12:27 PM",US/Central,"01:27 PM",select 12 numbers from 1 to 24.,"12/24","$250,000",,F,F,,,F,F,Active,"<table class=""table table-bordered""><thead><tr class=""result-table-heading""><th><strong>Match</strong></th><th><strong>Prize</strong></th><th><strong>Odds</strong></th></tr></thead><tbody><tr><td>12</td><td>$250,000</td><td>1:2,704,156</td></tr><tr><td>11</td><td>$500</td><td>1:18,779</td></tr><tr><td>10</td><td>$50</td><td>1:621</td></tr><tr><td>9</td><td>$10</td><td>1:56</td></tr><tr><td>8</td><td>$2</td><td>1:11</td></tr><tr><td colspan=""3"">&nbsp;</td></tr><tr><td>4</td><td>$2</td><td>1:11</td></tr><tr><td>3</td><td>$10</td><td>156</td></tr><tr><td>2</td><td>$50</td><td>1:621</td></tr><tr><td>1</td><td>$500</td><td>1:18,779</td></tr><tr><td>0</td><td>$250,000</td><td>1:2,704,156</td></tr></tbody></table>",F,"12","12/24",TXG,F,F,,,"2$",Up to 24 consecutive drawings,Before 12:17 p.m. CT on draw day
541,All or Nothing Night,Texas-All or Nothing Night,"10:12 PM",US/Central,"11:12 PM",select 12 numbers from 1 to 24.,"12/24","$250,000",,F,F,,,F,F,Active,"<table class=""table table-bordered""><thead><tr class=""result-table-heading""><th><strong>Match</strong></th><th><strong>Prize</strong></th><th><strong>Odds</strong></th></tr></thead><tbody><tr><td>12</td><td>$250,000</td><td>1:2,704,156</td></tr><tr><td>11</td><td>$500</td><td>1:18,779</td></tr><tr><td>10</td><td>$50</td><td>1:621</td></tr><tr><td>9</td><td>$10</td><td>1:56</td></tr><tr><td>8</td><td>$2</td><td>1:11</td></tr><tr><td colspan=""3"">&nbsp;</td></tr><tr><td>4</td><td>$2</td><td>1:11</td></tr><tr><td>3</td><td>$10</td><td>156</td></tr><tr><td>2</td><td>$50</td><td>1:621</td></tr><tr><td>1</td><td>$500</td><td>1:18,779</td></tr><tr><td>0</td><td>$250,000</td><td>1:2,704,156</td></tr></tbody></table>",F,"12","12/24",TXI,F,F,,,"2$",Up to 7  days consecutive drawings,Before 10:02 p.m. CT on draw day
542,Cash 5 Night,Virginia-Cash 5 Night,"11:00 PM",US/Eastern,"11:00 PM",select 5 numbers from 1 to 45.,"5/45",,,F,F,,,F,F,Active,"<table class=""table table-bordered""><thead><tr class=""result-table-heading""><th><strong>Match</strong></th><th><strong>Prize</strong></th><th><strong>Odds</strong></th></tr></thead><tbody><tr><td>5 of 5</td><td>$100,000</td><td>1: 278,256</td></tr><tr><td>4 of 5</td><td>$100</td><td>1:1,919</td></tr><tr><td>3 of 5</td><td>$5</td><td>1:69</td></tr></tbody></table>",F,"5","5/34",VA2,T,F,,,"1$",Upto 91 consecuitve darws(including upcoming draw).,"15 minutes before the draw time on draw day"
543,Lotto,Washington-Lotto,"8:00 PM",US/Pacific,"11:00 PM",,"6/49",,,F,F,,,F,F,Active,"<table class=""table table-bordered""><thead><tr class=""result-table-heading""><th>NUMBERS MATCHED</th><th>PRIZE AMOUNT</th><th>ODDS OF WINNING</th></tr></thead><tbody><tr><td>6 White Balls</td><td>JACKPOT*</td><td>1 in 6.99 Million</td></tr><tr><td>5 White Balls</td><td>$1,000</td><td>1 in 27.1 Thousand</td></tr><tr><td>4 White Balls</td><td>$30</td><td>1 in 516</td></tr><tr><td>3 White Balls</td><td>$3</td><td>1 in 28.3</td></tr></tbody></table>",F,"6","6/49",WA1,T,F,,,"2$",Up to 25 consecutive draws,"Before 7:45 p.m. on monday,wednesday,saturday"
544,DC-5 Evening,Washington DC-DC-5 Evening,"7:57 PM",US/Eastern,"07:57 PM",Choose 5 digits from 0 to 9.,"5-Digits","$50,000",,F,F,,,F,F,Active,"<table class=""table table-bordered""><thead><tr class=""result-table-heading""><th><strong>Matchto Play</strong></th><th><strong>Odds</strong></th><th><strong>Prizeses</strong></th></tr></thead><tbody><tr><td>Exact</td><td>1:100,000</td><td>$50,000</td></tr><tr><td>5-Way Box</td><td>1:20,000</td><td>$10,000</td></tr><tr><td>10-Way Box</td><td>1:10,000</td><td>$5,000</td></tr><tr><td>20-Way Box</td><td>1:5,000</td><td>$2,500</td></tr><tr><td>30-Way Box</td><td>1:3333</td><td>$1700</td></tr><tr><td>60-Way Box</td><td>1:1667</td><td>$850</td></tr><tr><td>120-Way Box</td><td>1:833</td><td>$425</td></tr><tr><td>Front 4</td><td>1:10000</td><td>$5000</td></tr><tr><td>Back 4</td><td>1:10000</td><td>$5000</td></tr><tr><td>Front 3</td><td>1:1000</td><td>$500</td></tr><tr><td>Back 3</td><td>1:1000</td><td>$500</td></tr><tr><td>Front Pair</td><td>1:100</td><td>$50</td></tr><tr><td>Back pair</td><td>1:100</td><td>$50</td></tr></tbody></table>",F,"5","5-Digits",DCF,F,F,,,"1$",Up to seven days draws (including both midday and evening),Before 7:49 p.m. every day
545,Cash 25,West Virginia-Cash 25,"6:59 PM",US/Eastern,"06:59 PM",Choose 6 numbers from 1 to 25.,"6/25","$25,000",,F,F,,,F,F,Active,"<table class=""table table-bordered""><thead><tr class=""result-table-heading""><th><strong>Match</strong></th><th><strong>PRIZES</strong></th><th><strong>ODDSES OF WINNING*</strong></th></tr><tr><td>6 of 6 numbers</td><td>$25,000*</td><td>1:177,100</td></tr><tr><td>5 of 6 numbers</td><td>$250</td><td>1:1,553.51</td></tr><tr><td>4 of 6 numbers</td><td>$10</td><td>1:69.04</td></tr><tr><td>3 of 6 numbers</td><td>$1</td><td>1:9.14</td></tr></thead></table>",F,"6","6/25",WV1,F,F,,,"1$",Up to 24 consecutive draws,"Before 6:49 p.m., ET, the day of drawing"
546,"5 card cash",Wisconsin-5 card cash,"9:05 PM",US/Central,"10:05 PM",Choose 5 cards from pack of 52 cards,PlayingCardGame,"$250,000",,F,F,,,F,F,Ignore,,T,"5",Playing Card Game,WI6,F,F,,,"1$",,
547,Megabucks,Wisconsin-Megabucks,"9:05 PM",US/Central,"10:05 PM",,"6/49",,,F,F,,,F,F,Active,"<table class=""table table-bordered""><thead><tr class=""result-table-heading""><th><strong>Match</strong></th><th><strong>PRIZES</strong></th><th><strong>ODDSES OF WINNING*</strong></th></tr></thead><tbody><tr><td>6 of 6</td><td>JACKPOT*</td><td>1:6,991,908</td></tr><tr><td>5 of 6</td><td>$500</td><td>1:27,101</td></tr><tr><td>4 of 6</td><td>$30</td><td>1:517</td></tr><tr><td>3 of 6</td><td>$2</td><td>1:29</td></tr></tbody></table>",F,"6","6/49",WI1,T,F,,,"1$",up to 8 draws ,before 9:00 p.m.
548,All or Nothing Day,Arizona-All or Nothing Day,"10:35 AM",US/Arizona,"01:35 PM",,"10/20","$25,000",,F,F,,,F,F,Ignore,,F,"10","10/20",AZ8,F,F,,,,,
549,All or Nothing Evening,Arizona-All or Nothing Evening,"7:00 PM",US/Arizona,"10:00 PM",,"10/20","$25,000",,F,F,,,F,F,Ignore,,F,"10","10/20",AZ7,F,F,,,,,
550,All or Nothing Day,North Carolina-All or Nothing Day,"12:30 PM",US/Eastern,"12:30 PM",,"6/53",,,F,F,,,F,F,Ignore,,F,"6+1","6/53 + 1 (XTRA)",,F,F,,,,,
551,All or Nothing Evening,North Carolina-All or Nothing Evening,"07:30 PM",US/Eastern,"07:30 PM",,"6/53",,,F,F,,,F,F,Ignore,,F,"6+1","6/53 + 1 (XTRA)",,F,F,,,,,
552,Pick 2 Midday,Pennsylvania-Pick 2 Midday,"1:35 PM",US/Eastern,"01:35 PM",Choose 2 digits from 0 to 9.,"2-Digits+1",$50,,F,F,,,F,F,Active,"<table class=""table table-bordered""><thead><tr class=""result-table-heading""><th><strong>Play Tythe</strong></th><th><strong>Match</strong></th><th><strong>Pick</strong></th><th><strong>Prize</strong></th><th><strong>Odds</strong></th></tr><tr><td>STRAIGHT</td><td>2 digits in exact order</td><td>Any 2 digits</td><td>$50</td><td>1 in 100</td></tr><tr><td>BOX</td><td>2 digits in any order</td><td>Any 2 distinct digits</td><td>$25</td><td>1 in 50</td></tr><tr><td>FRONT DIGIT</td><td>Your digit to the first number drawn</td><td>Any 1 digit</td><td>$5</td><td>1 in 10</td></tr><tr><td>BACK DIGIT</td><td>Your digit to the last number drawn</td><td>Any 1 digit</td><td>$5</td><td>1 in 10</td></tr><tr><td>SUPER STRAIGHT</td><td>Combines both possible STRAIGHT plays</td><td>Any 2 distinct digits</td><td>$50</td><td>1 in 100 (per play)</td></tr><tr><td>STRAIGHT/<br /> BOX</td><td>Combines a STRAIGHT play and a BOX play</td><td>Any 2 distinct digits</td><td>$50<br /> $25</td><td>1 in 100<br /> 1 in 50</td></tr></thead></table>",F,"2+1","2-Digits + 1 (Wild)",PAG,F,F,,,"1$",Up to 7 consecutive drawings(both midday and eve),Before 30 minutes of time of draw
553,Pick 2 Evening,Pennsylvania-Pick 2 Evening,"6:59 PM",US/Eastern,"06:59 PM",Choose 2 digits from 0 to 9.,"2-Digits+1",$50,,F,F,,,F,F,Active,"<table class=""table table-bordered""><thead><tr class=""result-table-heading""><th><strong>Play Tythe</strong></th><th><strong>Match</strong></th><th><strong>Pick</strong></th><th><strong>Prize</strong></th><th><strong>Odds</strong></th></tr><tr><td>STRAIGHT</td><td>2 digits in exact order</td><td>Any 2 digits</td><td>$50</td><td>1 in 100</td></tr><tr><td>BOX</td><td>2 digits in any order</td><td>Any 2 distinct digits</td><td>$25</td><td>1 in 50</td></tr><tr><td>FRONT DIGIT</td><td>Your digit to the first number drawn</td><td>Any 1 digit</td><td>$5</td><td>1 in 10</td></tr><tr><td>BACK DIGIT</td><td>Your digit to the last number drawn</td><td>Any 1 digit</td><td>$5</td><td>1 in 10</td></tr><tr><td>SUPER STRAIGHT</td><td>Combines both possible STRAIGHT plays</td><td>Any 2 distinct digits</td><td>$50</td><td>1 in 100 (per play)</td></tr><tr><td>STRAIGHT/<br /> BOX</td><td>Combines a STRAIGHT play and a BOX play</td><td>Any 2 distinct digits</td><td>$50<br /> $25</td><td>1 in 100<br /> 1 in 50</td></tr></thead></table>",F,"2+1","2-Digits + 1 (Wild)",PAH,F,F,,,"1$",Up to 7 consecutive drawings(both midday and eve),Before 30 minutes of time of draw
554,Cash 3 Night,Georgia-Cash 3 Night,"11:34 PM",US/Eastern,"11:34 PM",Choose 3 digits from 0 to 9.,"3-Digits",$500,,F,F,,,F,F,Active,"<table class=""table table-bordered""><thead><tr class=""result-table-heading""><th><strong>Type of Play</strong></th><th><strong>Odds</strong></th><th><strong>$1</strong></th></tr></thead><tbody><tr><td><p>Straight</p></td><td><p>1:1000</p></td><td><p>$500</p></td></tr><tr><td><p>3-way box</p></td><td><p>1:333</p></td><td><p>$160</p></td></tr><tr><td><p>6-way box</p></td><td><p>1:167</p></td><td><p>$80</p></td></tr><tr><td><p>3-way combo</p></td><td><p>1:333</p></td><td><p>$500</p></td></tr><tr><td><p>6-way combo</p></td><td><p>1:167</p></td><td><p>$500</p></td></tr><tr><td><p>3-way str/box</p></td><td><p>1:333</p></td><td><p>$330(exact order)</p><p>$80(any order)</p></td></tr><tr><td><p>6-way str/box</p></td><td><p>1:167</p></td><td><p>$290(exact order)</p><p>$40(any order)</p></td></tr><tr><td><p>1-Off (straight)</p></td><td><p>1:1000</p></td><td><p>$250</p></td></tr><tr><td><p>One digit 1-Off</p></td><td><p>1:167</p></td><td><p>$24</p></td></tr><tr><td><p>Two digit 1-Off</p></td><td><p>1:83</p></td><td><p>$4</p></td></tr><tr><td><p>Three digit 1-Off</p></td><td><p>1:125</p></td><td><p>$8</p></td></tr><tr><td><p>Front Pair</p></td><td><p>1:1000</p></td><td><p>$50</p></td></tr><tr><td><p>Back Pair</p></td><td><p>1:1000</p></td><td><p>$50</p></td></tr></tbody></table>",F,"3","3-Digits",GAG,F,F,,,"1$",upto 7 consecutive draws,"Mon-Sun, 49 minutes before draw time"
555,Cash 4 Night,Georgia-Cash 4 Night,"11:34 PM",US/Eastern,"11:34 PM",Choose 4 digits from 0 to 9.,"4-Digits","$5,000",,F,F,,,F,F,Active,"<table class=""table table-bordered""><thead><tr class=""result-table-heading""><th><strong>Type of Play</strong></th><th><strong>Odds</strong></th><th><strong>$1</strong></th></tr></thead><tbody><tr><td><p>Straight</p></td><td><p>1:10000</p></td><td><p>$5000</p></td></tr><tr><td><p>4-way box</p></td><td><p>1:2500</p></td><td><p>$1200</p></td></tr><tr><td><p>6-way box</p></td><td><p>1:1667</p></td><td><p>$800</p></td></tr><tr><td><p>12-way box</p></td><td><p>1:833</p></td><td><p>$400</p></td></tr><tr><td><p>24-way box</p></td><td><p>1:417</p></td><td><p>$200</p></td></tr><tr><td><p>4-way combo</p></td><td><p>1:2500</p></td><td><p>$5000</p></td></tr><tr><td><p>6-way combo</p></td><td><p>1:1667</p></td><td><p>$5000</p></td></tr><tr><td><p>12-way combo</p></td><td><p>1:833</p></td><td><p>$5000</p></td></tr><tr><td><p>24-way combo</p></td><td><p>1:417</p></td><td><p>$5000</p></td></tr><tr><td><p>4-way str/box</p></td><td><p>1:2500</p></td><td><p>$3100(exact order)</p><p>$600(any order)</p></td></tr><tr><td><p>6-way str/box</p></td><td><p>1:1667</p></td><td><p>$2900(exact order)</p><p>$400(any order)</p></td></tr><tr><td><p>12-way str/box</p></td><td><p>1:833</p></td><td><p>$2700(exact order)</p><p>$200(any order)</p></td></tr><tr><td><p>24-way str/box</p></td><td><p>1:417</p></td><td><p>$2600(exact order)</p><p>$100(any order)</p></td></tr><tr><td><p>1-Off (straight)</p></td><td><p>1:10000</p></td><td><p>$2500</p></td></tr><tr><td><p>One digit 1-Off</p></td><td><p>1:1250</p></td><td><p>$124</p></td></tr><tr><td><p>Two digit 1-Off</p></td><td><p>1:417</p></td><td><p>$24</p></td></tr><tr><td><p>Three digit 1-Off</p></td><td><p>1:313</p></td><td><p>$14</p></td></tr><tr><td><p>Four digit 1-Off</p></td><td><p>1:625</p></td><td><p>$32</p></td></tr></tbody></table>",F,"4","4-Digits",GAD,F,F,,,"1$",upto 7 consecutive draws,"Mon-Sun, 49 minutes before draw time"
556,Jumbo Bucks Lotto,Georgia-Jumbo Bucks Lotto,"11:00 PM",US/Eastern,"11:00 PM",Choose any 6 numbers from 1 through 47,"6/47",,,T,F,,,F,F,Closed,"<table class=""table table-bordered""><thead><tr class=""result-table-heading""> <th> Match </th> <th> Win </th> <th> Odds of Winning </th> </tr> </thead> <tbody> <tr> <td> 6 Numbers </td> <td> Jackpot </td> <td> 1 in 10,737,573 </td> </tr> <tr> <td> 5 Numbers </td> <td> $500 </td> <td> 1 in 43,649 </td> </tr> <tr> <td> 4 Numbers </td> <td> $50 </td> <td> 1 in 873 </td> </tr> <tr> <td> 3 Numbers </td> <td> $5 </td> <td> 1 in 50 </td> </tr> <tr> <td colspan=3> Overall odds of winning any Jumbo Bucks Lotto prize are 1 in 47.56 </td> </tr> </tbody> </table>",F,"6","6/47",GA1,T,F,,,"2$",upto 26 consecutive draws,"Mon and Thu, 15 minutes before draw time"
557,"5 Card Cash",Georgia-5 Card Cash,"06:45 PM",US/Eastern,"06:45 PM",Five (5) randomly selected cards from a standard deck of 52 playing cards,PlayingCardGame,"$150,000",,T,F,,,F,F,Ignore,"<table class=""table table-bordered""><thead><tr class=""result-table-heading""> <th> Match </th> <th> Prize </th> <th> Odds of Winning </th> </tr> </thead> <tbody> <tr> <td> 5 of 5 cards </td> <td> $150,000 </td> <td> 1 in 2,598,960 </td> </tr> <tr> <td> 4 of 5 cards </td> <td> $500 </td> <td> 1 in 11,059 </td> </tr> <tr> <td> 3 of 5 cards </td> <td> $20 </td> <td> 1 in 240 </td> </tr> <tr> <td> 2 of 5 cards </td> <td> $2 </td> <td> 1 in 16 </td> </tr> </tbody> </table>",T,"5",Playing Card Game,GA8,F,F,,,"1$",,
558,"5 Card Cash",Arizona-5 Card Cash,"7:05 PM",US/Arizona,"09:05 PM",,PlayingCardGame,"$100,000",,F,F,,,F,F,Ignore,,T,"5",Playing Card Game,AZ9,F,F,,,"1$",,
559,Pick 3 Midday,Colorado-Pick 3 Midday,"1:30 PM",US/Mountain,"03:30 PM",Choose 3 digits from 0 to 9.,"3-Digits","$2,500",,F,F,,,F,F,Active,"<table class=""table table-bordered""><thead><tr class=""result-table-heading""><th><strong>Match</strong></th><th><strong>If You PLAY</strong></th><th><strong>Winnig combination</strong></th><th><strong>$1 bet BET</strong></th><th><strong>odds</strong></th></tr></thead><tbody><tr><td><p>Exact Order</p></td><td><p>567</p></td><td><p>567</p></td><td><p>$500</p></td><td><p>1 in 1,000</p></td></tr><tr><td><p>Any Order (6-Way)</p></td><td><p>567</p></td><td><p>567 576 657 675 756 765</p></td><td><p>$80</p></td><td><p>1 in 167</p></td></tr><tr><td><p>Any Order<br /> (two of the same number)</p></td><td><p>566</p></td><td><p>566 656 665</p></td><td><p>$160</p></td><td><p>1 in 333</p></td></tr><tr><td rowspan=""2""><p>Exact<br /> +<br /> Any Order</p></td><td rowspan=""2""><p>567</p></td><td><p>567</p></td><td><p>$250</p></td><td><p>1 in 1,000</p></td></tr><tr><td><p>567 576 657 675 756 765</p></td><td><p>$40</p></td><td><p>1 in 167</p></td></tr><tr><td rowspan=""2""><p>Exact<br /> +<br /> Any Order<br /> (two of the same number)</p></td><td rowspan=""2""><p>566</p></td><td><p>566</p></td><td><p>$250</p></td><td><p>1 in 1,000</p></td></tr><tr><td><p>566 656 665</p></td><td><p>$80</p></td><td><p>1 in 333</p></td></tr><tr><td><p>Front Pair</p></td><td><p>56X</p></td><td><p>560 561 562 563 564 565 566 567 568 569</p></td><td><p>$60</p></td><td><p>1 in 100</p></td></tr><tr><td><p>Back Pair</p></td><td><p>X65</p></td><td><p>065 165 265 365 465 565 665 765 865 965</p></td><td><p>$60</p></td><td><p>1 in 100</p></td></tr></tbody></table>",F,"3","3-Digits",COB,F,F,,,"1$",upto 28 consecutive draws,"Mon-Sun, 6 minutes before draw time"
560,Lucky Links Day,Connecticut-Lucky Links Day,"1:44 PM",US/Eastern,"01:44 PM",,"8/22","$50,000",,F,F,,,F,F,Ignore,"<table class=""table table-bordered""><thead><tr class=""result-table-heading""><th><strong>Lines</strong></th><th><strong>Prize</strong></th><th><strong>Odds</strong></th></tr></thead><tbody><tr><td>7-8 Lines*</td><td>$50,000**</td><td>1 in 319,770</td></tr><tr><td>6 Lines</td><td>$1,000</td><td>1 in 5,710.2</td></tr><tr><td>5 Lines</td><td>$100</td><td>1 in 3,343.6</td></tr><tr><td>4 Lines</td><td>$50</td><td>1 in 292.8</td></tr><tr><td>3 Lines</td><td>$10</td><td>1 in 45.1</td></tr><tr><td>2 Lines</td><td>$5</td><td>1 in 10.8</td></tr></tbody></table>",F,"8","8/22",CT6,F,F,,,,,
561,Lucky Links Night,Connecticut-Lucky Links Night,"10:17 PM",US/Eastern,"10:17 PM",,"8/22","$50,000",,F,F,,,F,F,Ignore,"<table class=""table table-bordered""><thead><tr class=""result-table-heading""><th><strong>Lines</strong></th><th><strong>Prize</strong></th><th><strong>Odds</strong></th></tr></thead><tbody><tr><td>7-8 Lines*</td><td>$50,000**</td><td>1 in 319,770</td></tr><tr><td>6 Lines</td><td>$1,000</td><td>1 in 5,710.2</td></tr><tr><td>5 Lines</td><td>$100</td><td>1 in 3,343.6</td></tr><tr><td>4 Lines</td><td>$50</td><td>1 in 292.8</td></tr><tr><td>3 Lines</td><td>$10</td><td>1 in 45.1</td></tr><tr><td>2 Lines</td><td>$5</td><td>1 in 10.8</td></tr></tbody></table>",F,"8","8/22",CT7,F,F,,,,,
562,Duplicate of 21 Lucky Links Night,Dup - Connecticut-Lucky Links Night,"10:17 PM",US/Eastern,"10:17 PM",,"6/53",,,F,F,,,F,F,Ignore,,F,"6+1","6/53 + XTRA",,F,F,,,,,
563,Pick 2 Midday,Florida-Pick 2 Midday,"1:30 PM",US/Eastern,"01:30 PM",Choose 2 digits from 0 to 9.,"2-Digits+1",$50,,F,F,,,F,F,Active,"<table class=""table table-bordered""><thead><tr class=""result-table-heading""><th><strong>Play Types</strong></th><th><strong>Example</strong></th><th><strong>Odds</strong></th><th colspan=""2"">&nbsp;</th><th><strong>Prize Payouts</strong></th></tr></thead><tbody><tr><td colspan=""3"">STRAIGHT&nbsp;<strong>Match in exact order </strong></td><td>50cent  Play</td><td>$1.00 Play</td></tr><tr><td>&nbsp;</td><td>12</td><td>1:100</td><td>$25</td><td>$50</td></tr><tr><td colspan=""2"">BOX&nbsp;<strong>Match in any order </strong></td><td>&nbsp;</td><td>50cent  Play</td><td>$1.00 Play</td></tr><tr><td>&nbsp;</td><td>12</td><td>1:50</td><td>$12.50</td><td>$25</td></tr><tr><td colspan=""3"">STRAIGHT/BOX&nbsp;<strong>Match in exact order or any order. Costs $1. </strong></td><td>BOX</td><td>STRAIGHT</td></tr><tr><td>&nbsp;</td><td>12</td><td>1:100 &amp; 1:50</td><td>$12.50</td><td>$37.50</td></tr><tr><td colspan=""3"">1-OFF<strong><sup>&reg;</sup></strong><strong>Match in exact order or off by one or all your two digits in exact order </strong></td><td>&nbsp;</td><td>$1.00 Play</td></tr><tr><td>STRAIGHT</td><td>12</td><td>1:100</td><td>&nbsp;</td><td>$25</td></tr><tr><td>1-OFF on one digit</td><td>11</td><td>1:25</td><td>&nbsp;</td><td>$3</td></tr><tr><td>1-OFF on two digits</td><td>21</td><td>1:25</td><td>&nbsp;</td><td>$3</td></tr><tr><td colspan=""3"">FRONT NUMBER/BACK NUMBER&nbsp;<strong>Match exact number. </strong></td><td>50cent  Play</td><td>$1.00 Play</td></tr><tr><td>FRONT NUMBER</td><td>1x</td><td>1:10</td><td>$2.50</td><td>$5</td></tr><tr><td>BACK NUMBER</td><td>x2</td><td>1:10</td><td>$2.50</td><td>$5</td></tr></tbody></table>",F,"2+1","2-Digits + 1(Fire ball)",FLE,F,F,,,"1$",upto 14 consecutive draws,"Mon-Sun, 13 minutes before draw time"
564,Pick 2 Evening,Florida-Pick 2 Evening,"7:57 PM",US/Eastern,"07:57 PM",Choose 2 digits from 0 to 9.,"2-Digits+1",$50,,F,F,,,F,F,Active,"<table class=""table table-bordered""><thead><tr class=""result-table-heading""><th><strong>Play Types</strong></th><th><strong>Example</strong></th><th><strong>Odds</strong></th><th colspan=""2"">&nbsp;</th><th><strong>Prize Payouts</strong></th></tr></thead><tbody><tr><td colspan=""3"">STRAIGHT&nbsp;<strong>Match in exact order </strong></td><td>50cent  Play</td><td>$1.00 Play</td></tr><tr><td>&nbsp;</td><td>12</td><td>1:100</td><td>$25</td><td>$50</td></tr><tr><td colspan=""2"">BOX&nbsp;<strong>Match in any order </strong></td><td>&nbsp;</td><td>50cent  Play</td><td>$1.00 Play</td></tr><tr><td>&nbsp;</td><td>12</td><td>1:50</td><td>$12.50</td><td>$25</td></tr><tr><td colspan=""3"">STRAIGHT/BOX&nbsp;<strong>Match in exact order or any order. Costs $1. </strong></td><td>BOX</td><td>STRAIGHT</td></tr><tr><td>&nbsp;</td><td>12</td><td>1:100 &amp; 1:50</td><td>$12.50</td><td>$37.50</td></tr><tr><td colspan=""3"">1-OFF<strong><sup>&reg;</sup></strong><strong>Match in exact order or off by one or all your two digits in exact order </strong></td><td>&nbsp;</td><td>$1.00 Play</td></tr><tr><td>STRAIGHT</td><td>12</td><td>1:100</td><td>&nbsp;</td><td>$25</td></tr><tr><td>1-OFF on one digit</td><td>11</td><td>1:25</td><td>&nbsp;</td><td>$3</td></tr><tr><td>1-OFF on two digits</td><td>21</td><td>1:25</td><td>&nbsp;</td><td>$3</td></tr><tr><td colspan=""3"">FRONT NUMBER/BACK NUMBER&nbsp;<strong>Match exact number. </strong></td><td>50cent  Play</td><td>$1.00 Play</td></tr><tr><td>FRONT NUMBER</td><td>1x</td><td>1:10</td><td>$2.50</td><td>$5</td></tr><tr><td>BACK NUMBER</td><td>x2</td><td>1:10</td><td>$2.50</td><td>$5</td></tr></tbody></table>",F,"2+1","2-Digits + 1 (Fire ball)",FLF,F,F,,,"1$",upto 14 consecutive draws,"Mon-Sun, 13 minutes before draw time"
565,Pick 5 Midday,Florida-Pick 5 Midday,"1:30 PM",US/Eastern,"01:30 PM",Choose 5 digits from 0 to 9.,"5-Digits+1","$25,000",,F,F,,,F,F,Active,"<table class=""table table-bordered""><thead><tr class=""result-table-heading""><th><p><strong>PICK 5<br /></strong><strong>Odds of Winning and Prize Payouts</strong></p></th><th><p><strong>PICK 5<br /></strong><strong>FIREBALL Game Odds and Prize Payouts</strong></p></th></tr></thead><tbody><tr><td><p><strong>Play Types</strong></p></td><td><p><strong>Odds</strong></p></td><td><p><strong>Prize Payouts</strong></p></td><td><p><strong>Odds</strong></p></td><td><p><strong>Prize Payouts</strong></p></td></tr><tr><td><p><strong>STRAIGHT</strong></p></td><td><p><strong>50&cent; Play</strong></p></td><td><p><strong>$1.00 Play</strong></p></td><td>&nbsp;</td><td><p><strong>50&cent; Play</strong></p></td><td><p><strong>$1.00 Play</strong></p></td></tr><tr><td><p><strong>1:100,000</strong></p></td><td><p><strong>$25,000</strong></p></td><td><p><strong>$50,000</strong></p></td><td><p><strong>1:20,000</strong></p></td><td><p><strong>$6,000</strong></p></td><td><p><strong>$12,000</strong></p></td></tr><tr><td><p><strong>BOX</strong></p></td><td><p><strong>50&cent; Play</strong></p></td><td><p><strong>$1.00 Play</strong></p></td><td>&nbsp;</td><td><p><strong>50&cent; Play</strong></p></td><td><p><strong>$1.00 Play</strong></p></td></tr><tr><td><p><strong>5-WAY</strong></p></td><td><p><strong>1:20,000</strong></p></td><td><p><strong>$5,000</strong></p></td><td><p><strong>$10,000</strong></p></td><td><p><strong>1:4,000</strong></p></td><td><p><strong>$1,200</strong></p></td><td><p><strong>$2,400</strong></p></td></tr><tr><td><p><strong>10-WAY</strong></p></td><td><p><strong>1:10,000</strong></p></td><td><p><strong>$2,500</strong></p></td><td><p><strong>$5,000</strong></p></td><td><p><strong>1:2,000</strong></p></td><td><p><strong>$600</strong></p></td><td><p><strong>$1,200</strong></p></td></tr><tr><td><p><strong>20-WAY</strong></p></td><td><p><strong>1:5,000</strong></p></td><td><p><strong>$1,250</strong></p></td><td><p><strong>$2,500</strong></p></td><td><p><strong>1:1,000</strong></p></td><td><p><strong>$300</strong></p></td><td><p><strong>$600</strong></p></td></tr><tr><td><p><strong>30-WAY</strong></p></td><td><p><strong>1:3,333.33</strong></p></td><td><p><strong>$830</strong></p></td><td><p><strong>$1,660</strong></p></td><td><p><strong>1:667</strong></p></td><td><p><strong>$200</strong></p></td><td><p><strong>$400</strong></p></td></tr><tr><td><p><strong>60-WAY</strong></p></td><td><p><strong>1:1,666.67</strong></p></td><td><p><strong>$415</strong></p></td><td><p><strong>$830</strong></p></td><td><p><strong>1:333</strong></p></td><td><p><strong>$100</strong></p></td><td><p><strong>$200</strong></p></td></tr><tr><td><p><strong>120-WAY</strong></p></td><td><p><strong>1:833.33</strong></p></td><td><p><strong>$208</strong></p></td><td><p><strong>$416</strong></p></td><td><p><strong>1:167</strong></p></td><td><p><strong>$50</strong></p></td><td><p><strong>$100</strong></p></td></tr><tr><td><p><strong>STRAIGHT/BOX Cost $1</strong></p></td><td><p><strong>BOX</strong></p></td><td><p><strong>STRAIGHT</strong></p></td><td>&nbsp;</td><td><p><strong>BOX</strong></p></td><td><p><strong>STRAIGHT</strong></p></td></tr><tr><td><p><strong>5-WAY</strong></p></td><td><p><strong>1:100,000 &amp; 1:20,000</strong></p></td><td><p><strong>$5,000</strong></p></td><td><p><strong>$30,000</strong></p></td><td><p><strong>1:20,000 &amp; 1:4,000</strong></p></td><td><p><strong>$1,200</strong></p></td><td><p><strong>$7,200</strong></p></td></tr><tr><td><p><strong>10-WAY</strong></p></td><td><p><strong>1:100,000 &amp; 1:10,000</strong></p></td><td><p><strong>$2,500</strong></p></td><td><p><strong>$27,500</strong></p></td><td><p><strong>1:20,000 &amp; 1:2,000</strong></p></td><td><p><strong>$600</strong></p></td><td><p><strong>$6,600</strong></p></td></tr><tr><td><p><strong>20-WAY</strong></p></td><td><p><strong>1:100,000 &amp; 1:5,000</strong></p></td><td><p><strong>$1,250</strong></p></td><td><p><strong>$26,250</strong></p></td><td><p><strong>1:20,000 &amp; 1:1,000</strong></p></td><td><p><strong>$300</strong></p></td><td><p><strong>$6,300</strong></p></td></tr><tr><td><p><strong>30-WAY</strong></p></td><td><p><strong>1:100,000 &amp; 1:3,333.33</strong></p></td><td><p><strong>$830</strong></p></td><td><p><strong>$25,830</strong></p></td><td><p><strong>1:20,000 &amp; 1:667</strong></p></td><td><p><strong>$200</strong></p></td><td><p><strong>$6,200</strong></p></td></tr><tr><td><p><strong>60-WAY</strong></p></td><td><p><strong>1:100,000 &amp; 1:1,666.67</strong></p></td><td><p><strong>$415</strong></p></td><td><p><strong>$25,415</strong></p></td><td><p><strong>1:20,000 &amp; 1:333</strong></p></td><td><p><strong>$100</strong></p></td><td><p><strong>$6,100</strong></p></td></tr><tr><td><p><strong>120-WAY</strong></p></td><td><p><strong>1:100,000 &amp; 1:833.33</strong></p></td><td><p><strong>$208</strong></p></td><td><p><strong>$25,208</strong></p></td><td><p><strong>1:20,000 &amp; 1:167</strong></p></td><td><p><strong>$50</strong></p></td><td><p><strong>$6,050</strong></p></td></tr></tbody></table>",F,"5+1","5-Digits + 1 (Fire ball)",FLG,F,F,,,"1$",upto 14 consecutive draws,"Mon-Sun, 12 minutes before draw time"
566,Pick 5 Evening,Florida-Pick 5 Evening,"7:57 PM",US/Eastern,"07:57 PM",Choose 5 digits from 0 to 9.,"5-Digits+1","$25,000",,F,F,,,F,F,Active,"<table class=""table table-bordered""><thead><tr class=""result-table-heading""><th><strong>Play Types</strong></th><th><strong>Example</strong></th><th><strong>Odds</strong></th><th colspan=""2""><strong>Prize Payouts</strong></th></tr></thead><tbody><tr><td colspan=""3""><strong>STRAIGHT&nbsp;</strong><strong>Match in exact order</strong></td><td width=""77""><strong>50cent  Play</strong></td><td width=""83""><strong>$1.00 Play</strong></td></tr><tr><td>&nbsp;</td><td><strong>12345</strong></td><td><strong>1:100,000</strong></td><td><strong>$25,000</strong></td><td><strong>$50,000</strong></td></tr><tr><td colspan=""3""><strong>BOX&nbsp;</strong><strong>Match in any order</strong></td><td><strong>50cent  Play</strong></td><td><strong>$1.00 Play</strong></td></tr><tr><td><strong>5-WAY</strong></td><td><strong>11112</strong></td><td><strong>1:20,000</strong></td><td><strong>$5,000</strong></td><td><strong>$10,000</strong></td></tr><tr><td><strong>10-WAY</strong></td><td><strong>11122</strong></td><td><strong>1:10,000</strong></td><td><strong>$2,500</strong></td><td><strong>$5,000</strong></td></tr><tr><td><strong>20-WAY</strong></td><td><strong>11123</strong></td><td><strong>1:5,000</strong></td><td><strong>$1,250</strong></td><td><strong>$2,500</strong></td></tr><tr><td><strong>30-WAY</strong></td><td><strong>11223</strong></td><td><strong>1:3,333.33</strong></td><td><strong>$830</strong></td><td><strong>$1,660</strong></td></tr><tr><td><strong>60-WAY</strong></td><td><strong>11234</strong></td><td><strong>1:1,666.67</strong></td><td><strong>$415</strong></td><td><strong>$830</strong></td></tr><tr><td><strong>120-WAY</strong></td><td><strong>12345</strong></td><td><strong>1:833.33</strong></td><td><strong>$208</strong></td><td><strong>$416</strong></td></tr><tr><td colspan=""3""><strong>STRAIGHT/BOX&nbsp;</strong><strong>Match in exact order or any order. Costs $1.</strong></td><td><strong>BOX</strong></td><td width=""83""><strong>STRAIGHT</strong></td></tr><tr><td><strong>5-WAY</strong></td><td><strong>11112</strong></td><td><strong>1:100,000 &amp; 1:20,000</strong></td><td><strong>$5,000</strong></td><td><strong>$30,000</strong></td></tr><tr><td><strong>10-WAY</strong></td><td><strong>11122</strong></td><td><strong>1:100,000 &amp; 1:10,000</strong></td><td><strong>$2,500</strong></td><td><strong>$27,500</strong></td></tr><tr><td><strong>20-WAY</strong></td><td><strong>11123</strong></td><td><strong>1:100,000 &amp; 1:5,000</strong></td><td><strong>$1,250</strong></td><td><strong>$26,250</strong></td></tr><tr><td><strong>30-WAY</strong></td><td><strong>11223</strong></td><td><strong>1:100,000 &amp; 1:3,333.33</strong></td><td><strong>$830</strong></td><td><strong>$25,830</strong></td></tr><tr><td><strong>60-WAY</strong></td><td><strong>11234</strong></td><td><strong>1:100,000 &amp; 1:1,666.67</strong></td><td><strong>$415</strong></td><td><strong>$25,415</strong></td></tr><tr><td><strong>120-WAY</strong></td><td><strong>12345</strong></td><td><strong>1:100,000 &amp; 1:833.33</strong></td><td><strong>$208</strong></td><td><strong>$25,208</strong></td></tr><tr><td colspan=""4"" width=""400""><strong>1-OFF</strong><strong><sup>&reg;</sup></strong><strong>&nbsp;Match in exact order or off one or all your five digits in exact order</strong></td><td><strong>$1.00 Play</strong></td></tr><tr><td><strong>STRAIGHT</strong></td><td><strong>12345</strong></td><td><strong>1:100,000</strong></td><td>&nbsp;</td><td><strong>$25,000</strong></td></tr><tr><td><strong>1-OFF on one digit</strong></td><td><strong>02345</strong></td><td><strong>1:10,000</strong></td><td>&nbsp;</td><td><strong>$500</strong></td></tr><tr><td><strong>1-OFF on five digits</strong></td><td><strong>01234</strong></td><td><strong>1:3,125</strong></td><td>&nbsp;</td><td><strong>$150</strong></td></tr><tr><td><strong>1-OFF on two digits</strong></td><td><strong>01345</strong></td><td><strong>1:2,500</strong></td><td>&nbsp;</td><td><strong>$100</strong></td></tr><tr><td><strong>1-OFF on three digits</strong></td><td><strong>01245</strong></td><td><strong>1:1,250</strong></td><td>&nbsp;</td><td><strong>$75</strong></td></tr><tr><td><strong>1-OFF on four digits</strong></td><td><strong>01235</strong></td><td><strong>1:1,250</strong></td><td>&nbsp;</td><td><strong>$75</strong></td></tr></tbody></table>",F,"5+1","5-Digits + 1 (Fire ball)",FLH,F,F,,,"1$",upto 14 consecutive draws,"Mon-Sun, 12 minutes before draw time"
567,Idaho Cash,Idaho-Idaho Cash,"8:00 PM",US/Mountain,"10:00 PM",Choose 5 numbers from 1 to 45.,"5/45",,,F,F,,,F,F,Active,"<table class=""table table-bordered""><thead><tr class=""result-table-heading""><th><strong>Match</strong></th><th><strong>PRIZES</strong></th><th><strong>ODDSES OF WINNING*</strong></th></tr></thead><tbody><tr><td>5 Match</td><td>JACKPOT*</td><td>1:610,880</td></tr><tr><td>4 Match</td><td>$200</td><td>1:3,054</td></tr><tr><td>3 Match</td><td>$5</td><td>1:78</td></tr><tr><td>2 Match</td><td>Free Ticket</td><td>1:6</td></tr></tbody></table>",F,"5","5/45",ID4,T,F,,,"1$",upto 35 consecutive draws,"Mon-Sun, 5 minutes before draw time"
568,Lotto Plus,Indiana-Lotto Plus,"11:00 PM",US/Eastern,"11:00 PM",Choose 6 numbers from 1 to 46.,"6/46","$100,000",,F,F,,,F,F,Active,"<table class=""table table-bordered""><thead><tr class=""result-table-heading""><th><strong>Match</strong></th><th><strong>Hoosier Lotto Prize</strong></th><th><strong>PLUS Prize</strong></th><th><strong>Odds (1 in)</strong></th></tr></thead><tbody><tr><td>6</td><td><strong>Jackpot</strong></td><td><strong>$1 Million**</strong></td><td>9,366,819</td></tr><tr><td>5</td><td>$500*</td><td>$600*</td><td>39,028</td></tr><tr><td>4</td><td>$20*</td><td>$25*</td><td>800</td></tr><tr><td>3</td><td>$2*</td><td>$4*</td><td>47</td></tr><tr><td>2</td><td>FREE Ticket</td><td>FREE Ticket with +PLUS</td><td>6.8</td></tr></tbody></table>",F,"6","6/46",INZ,F,F,,,"1$",upto 10 consecutive draws,"Wed and Sat, 21 minutes before draw time"
569,Pick 3 Evening,Kansas-Pick 3 Evening,"9:10 PM",US/Central,"10:10 PM",Choose 3 digits from 0 to 9.,"3-Digits",$500,,F,F,,,F,F,Active,"<table class=""table table-bordered""><thead><tr class=""result-table-heading""><th><p><strong>Type of Play</strong></p></th><th><p><strong>Example:<br /> You play</strong></p></th><th><p><strong>You win<br /> if we draw</strong></p></th><th><p><strong>Odds</strong></p></th><th><p><strong>$1<br /> wager</strong></p></th></tr></head><tbody><tr><td><p>""Exact order"" (Straight)</p></td><td><p>123</p></td><td><p>123</p></td><td><p>1:1,000</p></td><td><p>$500</p></td></tr><tr><td><p>""Any order"" (6-way box)</p></td><td><p>123</p></td><td><p>123, 132, 231, 213, 321, 312</p></td><td><p>1:166.67</p></td><td><p>$80</p></td></tr><tr><td><p>""Any order"" (3-way box)<br /> (Where two digits are the same)</p></td></tr></tbody></table>",F,"3","3-Digits",KSA,F,F,,,"1$",upto 28 consecutive draws,"Mon-Sun, 11 minutes before draw time"
570,Big Sky Bonus,Montana-Big Sky Bonus,"7:30 PM",US/Mountain,"09:30 PM",Choose 4 numbers from 1 to 31 and bonus number from 1 to 16.,"4/31+1/16",,,F,F,,,F,F,Active,"<table class=""table table-bordered""><thead><tr class=""result-table-heading""><th><strong>Match</strong></th><th><strong>PRIZES</strong></th><th><strong>ODDSES OF WINNING*</strong></th></tr></thead><tbody><tr><td>4 Match</td><td>JACKPOT*</td><td>1:20,475</td></tr><tr><td>3 Match</td><td>$20</td><td>1:213</td></tr><tr><td>2 Match</td><td>$2</td><td>1:12</td></tr><tr><td>1 Match</td><td>Free Ticket</td><td>1:17</td></tr></tbody></table>",F,"4+1","4/31 + 1/16(Bonus)",MT4,T,F,,,"1$",upto 7 consecutive draws,"Mon-Sun, 2 minutes before draw time"
571,"5 Card Cash",New Jersey-5 Card Cash,"7:58 PM",US/Eastern,"07:58 PM",,PlayingCardGame,"$5,000",,F,F,,,F,F,Ignore,"<table class=""table table-bordered""><thead><tr class=""result-table-heading""><th><strong>Match</strong></th><th><strong>Prize</strong></th><th><strong>with ALL IN</strong></th><th><strong>Odds</strong></th></tr></thead><tbody><tr><td>Royal Flush</td><td>$5,000</td><td>$5,000 + 100% of Jackpot</td><td>1 : 649,740</td></tr><tr><td>Straight Flush</td><td>$500</td><td>$500 + 10% of Jackpot</td><td>1 : 72,193</td></tr><tr><td>4 of a Kind</td><td>$125</td><td>$250</td><td>1 : 4,165</td></tr><tr><td>Full House</td><td>$70</td><td>$140</td><td>1 : 694</td></tr><tr><td>Flush</td><td>$50</td><td>$100</td><td>1 : 509</td></tr><tr><td>Straight</td><td>$20</td><td>$20</td><td>1 : 255</td></tr><tr><td>3 of a Kind</td><td>$5</td><td>$5</td><td>1 : 47</td></tr><tr><td>2 Pair</td><td>$3</td><td>$3</td><td>1 : 21</td></tr><tr><td>Pair of Jacks or Better (J,Q,K,A)</td><td>$2</td><td>$2</td><td>1 : 8</td></tr></tbody></table>",T,"5",Playing Card Game,NJ5,F,F,,,"1$",,
572,Poker Pick,Oklahoma-Poker Pick,"9:10 PM",US/Central,"10:10 PM",,PlayingCardGame,,,F,F,,,F,F,Ignore,,T,"5",Playing Card Game,OKP,F,F,,,,,
573,Triple Chance,Texas-Triple Chance,"10:12 PM",US/Central,"11:12 PM",,"7/55",,,F,F,,,F,F,Ignore,,F,"10","7/55",TXT,F,F,,,,,
574,Bank a Million,Virginia-Bank a Million,"11:00 PM",US/Eastern,"11:00 PM",Choose 6 numbers from 1 to 40.,"6/40","$100,000",,F,F,,,F,F,Active,"<table class=""table table-bordered""><thead><tr class=""result-table-heading""><th> <strong>Match</strong> </th> <th> <strong>$2 Wager Prize</strong> </th> <th> <strong>$1 Wager Prize</strong> </th> <th> <strong>Odds: 1 in</strong> </th> </tr> <tr> <td> 6 balls* </td> <td> $1,000,000 </td> <td> $500,000 </td> <td> 3,838,380 </td> </tr> <tr> <td> 5 balls + Bonus Ball </td> <td> $20,000 </td> <td> $10,000 </td> <td> 639,730 </td> </tr> <tr> <td> 5 balls </td> <td> $2,000 </td> <td> $1,000 </td> <td> 19,386 </td> </tr> <tr> <td> 4 balls + Bonus Ball </td> <td> $400 </td> <td> $200 </td> <td> 7,754 </td> </tr> <tr> <td> 4 balls </td> <td> $40 </td> <td> $20 </td> <td> 485 </td> </tr> <tr> <td> 3 balls + Bonus Ball </td> <td> $40 </td> <td> $20 </td> <td> 363 </td> </tr> <tr> <td> 3 balls </td> <td> $4 </td> <td> $2 </td> <td> 35 </td> </tr> <tr> <td> 2 balls + Bonus Ball </td> <td> $8 </td> <td> $4 </td> <td> 47 </td> </tr> </tbody> </table>",F,"6+1","6/40 + 1 (Bonus)",VA3,F,F,,,"2$",Up to 26 consecutive draws,Before 10:45 p.m. on draw night
575,Cowboy Draw,Wyoming-Cowboy Draw,"2:00 PM",US/Mountain,"04:00 PM",Choose 5 numbers from 1 to 45.,"5/45",,,F,F,,,F,F,Active,"<table class=""table table-bordered""><thead><tr class=""result-table-heading""><th><strong>Match</strong></th><th><strong>PRIZES</strong></th></tr></thead><tbody><tr><td>5 Match</td><td>JACKPOT*</td></tr><tr><td>4 Match</td><td>$1000</td></tr><tr><td>3 Match</td><td>$20</td></tr><tr><td>2 Match</td><td>$5</td></tr></tbody></table>",F,"5","5/45",WY1,T,F,,,"2$",Up to 20 consecutive Draws,"15 minutes prior to time of drawing"
576,WPT,Maine-WPT,"9:00 PM",US/Eastern,"09:00 PM",Choose 5 cards from a pack of 52 cards.,PlayingCardGame,"$100,000",,F,F,,,F,F,Ignore,"<table class=""table table-bordered""><thead><tr class=""result-table-heading""><th><strong>Match</strong></th><th><strong>Prize</strong></th><th><strong>Odds</strong></th></tr></thead><tbody><tr><td>Match 5 Cards</td><td>$100,000</td><td>1:2,598,960</td></tr><tr><td>Match 4 Cards</td><td>$500</td><td>1:11,059.40</td></tr><tr><td>Match 3 Cards</td><td>$20</td><td>1:240.42</td></tr></tbody></table>",T,"5",Playing Card Game,MEP,F,F,,,,N/A,N/A
577,Triple Twist,Arizona-Triple Twist,"08:00 PM",US/Arizona,"11:00 PM",Choose 6 numbers from 1 to 42,"6/42","","1 in 5,245,786",F,F,"",,F,F,Active,"<table class=""table table-bordered""><thead><tr class=""result-table-heading""><th>Match</th><th>Prize</th><th>Odds</th></tr></thead><tbody><tr><td>6 Match</td><td>Jackpot</td><td>1 in 5,245,786</td></tr><tr><td>5 Match</td><td>$500</td><td>1 in 24,286</td></tr><tr><td>4 Match</td><td>$10</td><td>1 in 555</td></tr><tr><td>3 Match</td><td>$2</td><td>1 in 36</td></tr></tbody></table>",F,"6","6/42",AZT,T,T,,,"1$",upto 12 consecutive draws,"1 hour prior to draw time"
578,Lotto Plus,Colorado-Lotto Plus,"7:35 PM",US/Mountain,"09:35 PM",Choose 6 numbers from 1 to 40.,"6/40","$250,000","1 in 3,838,380",F,F,https://www.coloradolottery.com/en/games/colorado-lotto-plus/,,F,F,Active,"<table class=""table table-bordered""><thead><tr class=""result-table-heading""><th><strong>Match</strong></th><th><strong>Base*</strong></th><th><strong>2x</strong></th><th><strong>3x</strong></th><th><strong>4x</strong></th><th><strong>5x</strong></th><th><strong>ODDS</strong></th></tr></thead><tbody><tr><td>6</td><td>$250,000**</td><td colspan=""4"">Multipliers do not apply to Match 6 prize</td><td>1 in 3,838,380</td></tr><tr><td>5</td><td>$300</td><td>$600</td><td>$900</td><td>$1,200</td><td>$1,500</td><td>1 in 18,816</td></tr><tr><td>4</td><td>$30</td><td>$60</td><td>$90</td><td>$120</td><td>$150</td><td>1 in 456</td></tr><tr><td>3</td><td>$4</td><td>$8</td><td>$12</td><td>$16</td><td>$20</td><td>1 in 32</td></tr></tbody></table>",F,"6","6/40",CO5,F,F,,,"1$",upto 26 consecutive draws,"Wed and Sat, 5 minutes before draw time"
580,DC-2 Midday,Washington DC-DC-2 Midday,"1:50 PM",US/Eastern,"01:50 PM",Choose 2 digits from 0 to 9.,"2-Digits",$50,"1 in 100",F,F,https://dclottery.com/games/dc2.aspx,,F,F,Closed,"<table class=""table table-bordered""><thead><tr class=""result-table-heading""><th>Match</th><th>Prizes</th><th>Odds</th></tr></thead><tbody><tr><td>Straight</td><td>1 in 100</td><td>$50</td></tr><tr><td>Two-Way Box</td><td>1 in 50</td><td>$25</td></tr><tr><td>Two-Way STR/BOX</td><td>1 in 50</td><td>$37.5/$12.5</td></tr><tr><td>Two-Way Combo</td><td>1 in 50</td><td>$50</td></tr><tr><td>Front Numbers</td><td>1 in 10</td><td>$5</td></tr><tr><td>Back Numbers</td><td>1 in 10</td><td>$5</td></tr></tbody></table>",F,"2","2-Digits",DCG,F,F,,,"1$",Up to seven days draws (including both midday and evening),Before 1:49 p.m. every day
581,DC-2 Evening,Washington DC-DC-2 Evening,"7:50 PM",US/Eastern,"07:50 PM",Choose 2 digits from 0 to 9.,"2-Digits",$50,"1 in 100",F,F,https://dclottery.com/games/dc2.aspx,,F,F,Closed,"<table class=""table table-bordered""><thead><tr class=""result-table-heading""><th>Match</th><th>Prizes</th><th>Odds</th></tr></thead><tbody><tr><td>Straight</td><td>1 in 100</td><td>$50</td></tr><tr><td>Two-Way Box</td><td>1 in 50</td><td>$25</td></tr><tr><td>Two-Way STR/BOX</td><td>1 in 50</td><td>$37.5/$12.5</td></tr><tr><td>Two-Way Combo</td><td>1 in 50</td><td>$50</td></tr><tr><td>Front Numbers</td><td>1 in 10</td><td>$5</td></tr><tr><td>Back Numbers</td><td>1 in 10</td><td>$5</td></tr></tbody></table>",F,"2","2-Digits",DCH,F,F,,,"1$",Up to seven days draws (including both midday and evening),Before 7:49 p.m. every day
582,Jackpot Triple Play,Florida-Jackpot Triple Play,"11:15 PM",US/Eastern,"11:15 PM",Select the first six numbers from 1 through 46 and the second and third set of numbers will automatically be Quick Pick,"6/46","","1 in 3,122,273.33",F,F,https://www.flalottery.com/jackpotTriplePlay-howToPlay,,F,F,Active,"<table class=""table table-bordered""><thead><tr class=""result-table-heading""><th>Match on any one line</th><th>Prize</th><th>Odds</th></tr><tr><td>6</td><td>Jackpot</td><td>1 in 3,122,273.33</td></tr><tr><td>5</td><td>$500</td><td>1 in 13,009.80</td></tr><tr><td>4</td><td>$25</td><td>1 in 267.19</td></tr><tr><td>3</td><td>$1</td><td>1 in 15.24</td></tr><tr><td colspan=""3"" width=""623"">Total Matches on All Lines</td></tr><tr><td>10+</td><td>$10,000</td><td>1 in 323,322.60</td></tr><tr><td>9</td><td>$500</td><td>1 in 26,569.71</td></tr><tr><td>8</td><td>$50</td><td>1 in 2,815.95</td></tr><tr><td>7</td><td>$20</td><td>1 in 405.13</td></tr><tr><td>6</td><td>$10</td><td>1 in 79.17</td></tr><tr><td>5</td><td>$5</td><td>1 in 21.18</td></tr><tr><td>4</td><td>Free Ticket</td><td>1 in 7.88</td></tr></thead></table>",F,"6","6/46",FL6,T,T,,,"1$",upto 30 consecutive draws,"Tue and Fri, 35 minutes before draw time"
583,Quick Bucks,Kentucky-Quick Bucks,"11:00 PM",US/Eastern,"11:00 PM",choose four numbers (1-31) and one Kentucky Ball number (1-5) ,"4/31+1/5","$50,000","1 in 3,775,800",F,F,https://www.kylottery.com/apps/draw_games/quickbucks/index.html,,F,F,Ignore,"<table class=""table table-bordered""><thead><tr class=""result-table-heading""><th><strong>NUMBERS MATCHED</strong></th><th><strong>PRIZES WITHOUT THE KY BALL</strong></th><th><strong>ODDS WITHOUT THE KY BALL</strong></th><th><strong>PRIZES WITH THE KY BALL</strong></th><th><strong>ODDS WITH THE KY BALL</strong></th></tr></thead><tbody><tr><td>4 in exact order</td><td>$1,000</td><td>1:943,950</td><td>$50,000*</td><td>1:3,775,800</td></tr><tr><td>3 in exact order</td><td>$40</td><td>1:8,740</td><td>$80</td><td>1:34,961</td></tr><tr><td>2 in exact order</td><td>$6</td><td>1:224</td><td>$12</td><td>1:896</td></tr><tr><td>4 in any order</td><td>$50</td><td>1:41,041</td><td>$100</td><td>1:164,165</td></tr><tr><td>3 in any order</td><td>$7</td><td>1:380</td><td>$14</td><td>1:1,520</td></tr><tr><td>2 in any order</td><td>$2</td><td>1:20</td><td>$3</td><td>1:81</td></tr><tr><td>Kentucky Ball</td><td>-</td><td>-</td><td>$2</td><td>1:5</td></tr></tbody></table>",F,"4+1","4/31 + 1/5 (KY Ball)",KY5,F,F,,,,,
584,Pick 4 Plus Day,New Mexico-Pick 4 Plus Day,"1:00 PM",US/Mountain,"03:00 PM",Choose 4 digits from 0 to 9.,"4-Digits"," $5,500","1 in 10,000",F,F,https://www.nmlottery.com/pick-4.aspx,,F,F,Active,"<table class=""table table-bordered""><thead><tr class=""result-table-heading""><th><strong>Play Type</strong></th><th><strong>Prize</strong></th><th><strong>Approx. Odds 1 in</strong></th></tr></thead><tbody><tr><td>Straight<br />(exact order)</td><td><p>$5,500</p></td><td><p>10,000</p></td></tr><tr><td>24-Way Box<br />(All different numbers)<br />Any order</td><td><p>$230</p></td><td><p>416.7</p></td></tr><tr><td>12-Way Box<br />(2 like numbers)<br />Any order</td><td><p>$450</p></td><td><p>833.3</p></td></tr><tr><td>6-Way Box<br />(2 + 2 like numbers)<br />Any order</td><td><p>$900</p></td><td><p>1,666.7</p></td></tr><tr><td>4-Way Box<br />(3 like numbers)<br />Any order</td><td><p>$1,400</p></td><td><p>2,500</p></td></tr><tr><td rowspan=""2"">24-Way Straight/Box<br />(All different numbers)<br />Exact or Any order</td><td><p>(STR) $2,865</p></td><td rowspan=""2""><p>416.7</p></td></tr><tr><td><p>(BOX) $115</p></td></tr><tr><td rowspan=""2"">12-Way Straight/Box<br />(2 like numbers)<br />Exact or Any order</td><td><p>(STR) $2,975</p></td><td rowspan=""2""><p>833.3</p></td></tr><tr><td><p>(BOX) $225</p></td></tr><tr><td rowspan=""2"">6-Way Straight/Box<br />(2 + 2 like numbers)<br />Exact or Any order</td><td><p>(STR) $3,200</p></td><td rowspan=""2""><p>1,666.7</p></td></tr><tr><td><p>(BOX) $450</p></td></tr><tr><td rowspan=""2"">4-Way Straight/Box<br />(3 like numbers)<br />Exact or Any order</td><td><p>(STR) $3,450</p></td><td rowspan=""2""><p>2,500</p></td></tr><tr><td><p>(BOX) $700</p></td></tr></tbody></table>",F,"4","4-Digits",NME,F,F,,,"1$",Up to 14 consecutive draws (midday and evening ),Before 01:00 pm on the draw afternoon
585,Pick 4 Plus Evening,New Mexico-Pick 4 Plus Evening,"9:30 PM",US/Mountain,"11:30 PM",Choose 4 digits from 0 to 9.,"4-Digits"," $5,500","1 in 10,000",F,F,https://www.nmlottery.com/pick-4.aspx,,F,F,Active,"<table class=""table table-bordered""><thead><tr class=""result-table-heading""><th><strong>Play Type</strong></th><th><strong>Prize</strong></th><th><strong>Approx. Odds 1 in</strong></th></tr></thead><tbody><tr><td>Straight<br />(exact order)</td><td><p>$5,500</p></td><td><p>10,000</p></td></tr><tr><td>24-Way Box<br />(All different numbers)<br />Any order</td><td><p>$230</p></td><td><p>416.7</p></td></tr><tr><td>12-Way Box<br />(2 like numbers)<br />Any order</td><td><p>$450</p></td><td><p>833.3</p></td></tr><tr><td>6-Way Box<br />(2 + 2 like numbers)<br />Any order</td><td><p>$900</p></td><td><p>1,666.7</p></td></tr><tr><td>4-Way Box<br />(3 like numbers)<br />Any order</td><td><p>$1,400</p></td><td><p>2,500</p></td></tr><tr><td rowspan=""2"">24-Way Straight/Box<br />(All different numbers)<br />Exact or Any order</td><td><p>(STR) $2,865</p></td><td rowspan=""2""><p>416.7</p></td></tr><tr><td><p>(BOX) $115</p></td></tr><tr><td rowspan=""2"">12-Way Straight/Box<br />(2 like numbers)<br />Exact or Any order</td><td><p>(STR) $2,975</p></td><td rowspan=""2""><p>833.3</p></td></tr><tr><td><p>(BOX) $225</p></td></tr><tr><td rowspan=""2"">6-Way Straight/Box<br />(2 + 2 like numbers)<br />Exact or Any order</td><td><p>(STR) $3,200</p></td><td rowspan=""2""><p>1,666.7</p></td></tr><tr><td><p>(BOX) $450</p></td></tr><tr><td rowspan=""2"">4-Way Straight/Box<br />(3 like numbers)<br />Exact or Any order</td><td><p>(STR) $3,450</p></td><td rowspan=""2""><p>2,500</p></td></tr><tr><td><p>(BOX) $700</p></td></tr></tbody></table>",F,"4","4-Digits",NMF,F,F,,,"1$",Up to 14 consecutive draws (midday and evening ),Before 09:30 pm on the draw night
586,All or Nothing Evening,Wisconsin-All or Nothing Evening,"9:00 PM",US/Central,"10:00 PM",Choose eleven different numbers from 1 to 22,"11/22","$100,000","1 in 705,432",F,F,https://wilottery.com/games/all-or-nothing,,F,F,Active,"<table class=""table table-bordered""><thead><tr class=""result-table-heading""><th>MATCH</th><th>WIN</th><th>ODDS</th></tr></thead><tbody><tr><td>11 of 11</td><td>$100,000* (TOP PRIZE)</td><td>1:705,432</td></tr><tr><td>10 of 11</td><td>$500</td><td>1:5,831</td></tr><tr><td>9 of 11</td><td>$40</td><td>1:234</td></tr><tr><td>8 of 11</td><td>$4</td><td>1:26</td></tr><tr><td>3 of 11</td><td>$4</td><td>1:26</td></tr><tr><td>2 of 11</td><td>$40</td><td>1:234</td></tr><tr><td>1 of 11</td><td>$500</td><td>1:5,831</td></tr><tr><td>0 of 11</td><td>$100,000* (TOP PRIZE)</td><td>1:705,432</td></tr></tbody></table>",F,"11","11/22",WI7,F,F,,,"2$", up to 14 draws for BOTH (7 MIDDAY and 7 EVENING),before 9:00 p.m.
587,Pick 3 Midday,Wisconsin-Pick 3 Midday,"1:30 PM",US/Central,"02:30 PM",Choose 3 digits from 0 to 9.,"3-Digits","$5,000","1 in 1000",F,F,https://wilottery.com/games/pick-3,,F,F,Active,"<table class=""table table-bordered""><thead><tr class=""result-table-heading""><th><p>PRIZE TYPE</p></th><th><p>NUMBER</p></th><th><p>AMOUNT</p></th><th><p>TOTAL PAID</p></th></tr></thead><tbody><tr><td><p>Straight</p></td><td><p>54</p></td><td><p>$250</p></td><td><p>$13,500</p></td></tr><tr><td><p>Box 6</p></td><td><p>110</p></td><td><p>$40</p></td><td><p>$4,400</p></td></tr><tr><td><p>Box 3</p></td><td><p>0</p></td><td><p>$80</p></td><td><p>$0</p></td></tr><tr><td><p>STR/Box 6</p></td><td><p>30</p></td><td><p>$290</p></td><td><p>$8,700</p></td></tr><tr><td><p>STR/Box 3</p></td><td><p>0</p></td><td><p>$330</p></td><td><p>$0</p></td></tr></tbody></table>",F,"3","3-Digits",WIB,F,F,,,"1$", up to 14 draws for BOTH (7 MIDDAY and 7 EVENING),before 1:30 p.m.
588,Pick 4 Midday,Wisconsin-Pick 4 Midday,"1:30 PM",US/Central,"02:30 PM",Choose 4 digits from 0 to 9.,"4-Digits","$5,000","1 in 10000",F,F,https://wilottery.com/games/pick-4,,F,F,Active,"<table class=""table table-bordered""><thead><tr class=""result-table-heading""><th><p>PLAY TYPE &amp; DEFINITION</p></th><th><p>BOX TYPE &amp; DEFINITION</p></th><th><p>EXAMPLE OF NUMBERS PLAYED</p></th><th><p>MATCH TYPE</p></th><th><p>WINNING NUMBERS DRAWN</p></th><th><p>PLAY AMOUNT</p></th><th><p>PRIZE</p></th><th><p>ODDS</p></th></tr></thead><tbody><tr><td><p><strong>STRAIGHT</strong><br /> Matching all 4&nbsp;numbers drawn in EXACT order</p></td><td><p>&mdash;</p></td><td><p>4987</p></td><td><p>Exact Order</p></td><td><p>4987</p></td><td><p><strong>$1.00</strong></p></td><td><p><strong>$5,000</strong></p></td><td><p>1:10,000</p></td></tr><tr><td><p><strong>$0.50</strong></p></td><td><p><strong>$2,500</strong></p></td></tr></tbody></table><p><strong>BOX:</strong>&nbsp;Matching 4 numbers drawn in any order.</p><table><thead><tr><td><p>PLAY TYPE &amp; DEFINITION</p></td><td><p>BOX TYPE &amp; DEFINITION</p></td><td><p>EXAMPLE OF NUMBERS PLAYED</p></td><td><p>MATCH TYPE</p></td><td><p>WINNING NUMBERS DRAWN</p></td><td><p>PLAY AMOUNT</p></td><td><p>PRIZE</p></td><td><p>ODDS</p></td></tr></thead><tbody><tr><td><p><strong>BOX</strong><br /> Match all 4 numbers drawn in ANY order</p></td><td><p><strong>BOX 4-WAY</strong><br /> 3 of numbers are the same as each other</p></td><td><p>3533</p></td><td><p>Any Order</p></td><td><p>3335, 3353, 3533,<br /> 5333</p></td><td><p><strong>$1.00</strong></p></td><td><p><strong>$1,200</strong></p></td><td><p>1:2,500</p></td></tr><tr><td><p><strong>$0.50</strong></p></td><td><p><strong>$600</strong></p></td></tr><tr><td><p><strong>BOX 6-WAY</strong><br /> 2 sets of 2 numbers are the same as each other</p></td><td><p>7667</p></td><td><p>Any Order</p></td><td><p>6677, 6767 6776,<br /> 7667, 7676, 7766</p></td><td><p><strong>$1.00</strong></p></td><td><p><strong>$800</strong></p></td><td><p>1:1,667</p></td></tr><tr><td><p><strong>$0.50</strong></p></td><td><p><strong>$400</strong></p></td></tr><tr><td><p><strong>BOX 12-WAY</strong><br /> 2 of the numbers are the same as each other</p></td><td><p>1552</p></td><td><p>Any Order</p></td><td><p>1255, 1525, 1552,<br /> 2155, 2515, 2551,<br /> 5125, 5152, 5215,<br /> 5251, 5512, 5521</p></td><td><p><strong>$1.00</strong></p></td><td><p><strong>$400</strong></p></td><td><p>1:834</p></td></tr><tr><td><p><strong>$0.50</strong></p></td><td><p><strong>$200</strong></p></td></tr><tr><td><p><strong>BOX 24-WAY</strong><br /> All 4 numbers are different from each other</p></td><td><p>3024</p></td><td><p>Any Order</p></td><td><p>0234, 0243, 0324,<br /> 0342, 0423, 0432,<br /> 2034, 2043, 2304,<br /> 2340, 2403, 2430,<br /> 3024, 3042, 3204,<br /> 3240, 3402, 3420,<br /> 4023, 4032, 4203,<br /> 4230, 4302, 4320</p></td><td><p><strong>$1.00</strong></p></td><td><p><strong>$200</strong></p></td><td><p>1:417</p></td></tr><tr><td><p><strong>$0.50</strong></p></td><td><p><strong>$100</strong></p></td></tr></tbody></table>",F,"4","4-Digits",WID,F,F,,,"1$",up to 14 draws for BOTH (7 MIDDAY and 7 EVENING),before 1:30 p.m.
589,All or Nothing Midday,Wisconsin-All or Nothing Midday,"1:30 PM",US/Central,"02:30 PM",Choose eleven different numbers from 1 to 22,"11/22",$500,"1 in 705,432",F,F,https://wilottery.com/games/all-or-nothing,,F,F,Active,"<table class=""table table-bordered""><thead><tr class=""result-table-heading""><th><p>MATCH</p></th><th><p>WIN</p></th><th><p>ODDS</p></th></tr></thead><tbody><tr><td><p>11 of 11</p></td><td><p>$100,000* (TOP PRIZE)</p></td><td><p>1:705,432</p></td></tr><tr><td><p>10 of 11</p></td><td><p>$500</p></td><td><p>1:5,831</p></td></tr><tr><td><p>9 of 11</p></td><td><p>$40</p></td><td><p>1:234</p></td></tr><tr><td><p>8 of 11</p></td><td><p>$4</p></td><td><p>1:26</p></td></tr><tr><td><p>3 of 11</p></td><td><p>$4</p></td><td><p>1:26</p></td></tr><tr><td><p>2 of 11</p></td><td><p>$40</p></td><td><p>1:234</p></td></tr><tr><td><p>1 of 11</p></td><td><p>$500</p></td><td><p>1:5,831</p></td></tr><tr><td><p>0 of 11</p></td><td><p>$100,000* (TOP PRIZE)</p></td><td><p>1:705,432</p></td></tr></tbody></table>",F,"11","11/22",WI8,F,F,,,"2$",up to 14 draws for BOTH (7 MIDDAY and 7 EVENING),before 1:30 p.m.
590,Pick 4 Day,Idaho-Pick 4 Day,"1:59 PM",US/Mountain,"03:59 PM",Choose 4 digits from 0 to 9.,"4-Digits","$5,000","1 in 10,000",F,F,https://www.idaholottery.com/games/draw/pick-4,,F,F,Active,"<table class=""table table-bordered""><thead><tr class=""result-table-heading""><th><p><strong>Match</strong></p></th><th><p><strong>Prize Amount</strong></p></th><th><p><strong>Odds</strong></p></th><th>&nbsp;</td></tr></thead><tbody><tr><td><p>Exact Order</p></td><td><p>$5000</p></td><td><p>1:10000</p></td></tr><tr><td><p>Any Order 4 Way</p></td><td><p>$1200</p></td><td><p>1:2500</p></td></tr><tr><td><p>Any Order 6 Way</p></td><td><p>$800</p></td><td><p>1:1667</p></td></tr><tr><td><p>Any Order 12 Way</p></td><td><p>$400</p></td><td><p>1:833</p></td></tr><tr><td><p>Any Order 24 Way</p></td><td><p>$200</p></td><td><p>1:417</p></td></tr><tr><td><p>Exact/Any - Exact 4 Way</p></td><td><p>$3100</p></td><td><p>1:10000</p></td></tr><tr><td><p>Exact/Any - Any 4 Way</p></td><td><p>$600</p></td><td><p>1:2500</p></td></tr><tr><td><p>Exact/Any - Exact 6 Way</p></td><td><p>$2900</p></td><td><p>1:10000</p></td></tr><tr><td><p>Exact/Any - Any 6 Way</p></td><td><p>$400</p></td><td><p>1:1667</p></td></tr><tr><td><p>Exact/Any - Exact 12 Way</p></td><td><p>$2700</p></td><td><p>1:10000</p></td></tr><tr><td><p>Exact/Any - Any 12 Way</p></td><td><p>$200</p></td><td><p>1:833</p></td></tr><tr><td><p>Exact/Any - Exact 24 Way</p></td><td><p>$2600</p></td><td><p>1:10000</p></td></tr><tr><td><p>Exact/Any - Any 24 Way</p></td><td><p>$100</p></td><td><p>1:417</p></td></tr><tr><td><p>Front Pair</p></td><td><p>$50</p></td><td><p>1:100</p></td></tr><tr><td><p>Mid Pair</p></td><td><p>$50</p></td><td><p>1:100</p></td></tr><tr><td><p>Back Pair</p></td><td><p>$50</p></td><td><p>1:100</p></td></tr></tbody></table><p>&nbsp;</p>",F,"4","4-Digits",IDC,F,F,,,"1$",upto 70 consecutive draws,"Mon-Sun, 5 minutes before draw time"
591,Pick 4 Night,Idaho-Pick 4 Night,"7:59 PM",US/Mountain,"09:59 PM",Choose 4 digits from 0 to 9.,"4-Digits","$5,000","1 in 10,000",F,F,https://www.idaholottery.com/games/draw/pick-4,,F,F,Active,"<table class=""table table-bordered""><thead><tr class=""result-table-heading""><th><p><strong>Match</strong></p></th><th><p><strong>Prize Amount</strong></p></th><th><p><strong>Odds</strong></p></th><th>&nbsp;</td></tr></thead><tbody><tr><td><p>Exact Order</p></td><td><p>$5000</p></td><td><p>1:10000</p></td></tr><tr><td><p>Any Order 4 Way</p></td><td><p>$1200</p></td><td><p>1:2500</p></td></tr><tr><td><p>Any Order 6 Way</p></td><td><p>$800</p></td><td><p>1:1667</p></td></tr><tr><td><p>Any Order 12 Way</p></td><td><p>$400</p></td><td><p>1:833</p></td></tr><tr><td><p>Any Order 24 Way</p></td><td><p>$200</p></td><td><p>1:417</p></td></tr><tr><td><p>Exact/Any - Exact 4 Way</p></td><td><p>$3100</p></td><td><p>1:10000</p></td></tr><tr><td><p>Exact/Any - Any 4 Way</p></td><td><p>$600</p></td><td><p>1:2500</p></td></tr><tr><td><p>Exact/Any - Exact 6 Way</p></td><td><p>$2900</p></td><td><p>1:10000</p></td></tr><tr><td><p>Exact/Any - Any 6 Way</p></td><td><p>$400</p></td><td><p>1:1667</p></td></tr><tr><td><p>Exact/Any - Exact 12 Way</p></td><td><p>$2700</p></td><td><p>1:10000</p></td></tr><tr><td><p>Exact/Any - Any 12 Way</p></td><td><p>$200</p></td><td><p>1:833</p></td></tr><tr><td><p>Exact/Any - Exact 24 Way</p></td><td><p>$2600</p></td><td><p>1:10000</p></td></tr><tr><td><p>Exact/Any - Any 24 Way</p></td><td><p>$100</p></td><td><p>1:417</p></td></tr><tr><td><p>Front Pair</p></td><td><p>$50</p></td><td><p>1:100</p></td></tr><tr><td><p>Mid Pair</p></td><td><p>$50</p></td><td><p>1:100</p></td></tr><tr><td><p>Back Pair</p></td><td><p>$50</p></td><td><p>1:100</p></td></tr></tbody></table><p>&nbsp;</p>",F,"4","4-Digits",IDD,F,F,,,"1$",upto 70 consecutive draws,"Mon-Sun, 5 minutes before draw time"
593,"5 Star Draw",Idaho-5 Star Draw,"8:00 PM",US/Mountain,"10:00 PM","For each play, pick any five numbers from 1 to 45 twice. You get two separate lines for each play.","5/45","","1 in 610,880",F,F,https://www.idaholottery.com/games/draw/5-star-draw,,F,F,Closed,"<table class=""table table-bordered""><thead><thead><tr class=""result-table-heading""><th><p><strong>Match</strong></p></th><th><p><strong>Prize Amount</strong></p></th><th><p><strong>Odds</strong></p></th></tr></thead><tbody><tr><td><p>5</p></td><td><p>Jackpot*</p></td><td><p>1:610,880</p></td></tr><tr><td><p>4</p></td><td><p>$1,000</p></td><td><p>1:3,054</p></td></tr><tr><td><p>3</p></td><td><p>$20</p></td><td><p>1:78</p></td></tr><tr><td><p><strong>2&nbsp;</strong></p></td><td><p>$5</p></td><td><p>1:6</p></td></tr></tbody></table>",F,"5","5/45",ID5,T,T,,,"1$",upto 10 consecutive draws,"Tue and Fri, 5 minutes before draw time"
594,Cash 3 Evening,Mississippi-Cash 3 Evening,"8:00 PM",US/Central,"09:00 PM",Choose 3 digits from 0 to 9.,"3-Digits+1",$ 500,"1 in 1000",F,F,https://www.mslotteryhome.com/games/cash-3/,,F,F,Active,"<table class=""table table-bordered""><thead><tr class=""result-table-heading""><td><p><strong>Play Type</strong></p></td><td><p><strong>ODDS 1 in:</strong></p></td></tr><tr><td><p>Exact Order</p></td><td><p>1,000</p></td></tr><tr><td><p>Combo: 6-Way</p><p>Combo: 3-Way</p></td><td><p>167</p><p>333</p></td></tr><tr><td><p>Exact/Any: 6-Way</p><p>Exact/Any: 3-Way</p></td><td><p>1,000 (Exact) / 167 (Any)</p><p>1,000 (Exact) / 333 (Any)</p></td></tr><tr><td><p>Any: 6-Way</p><p>Any: 3-Way</p></td><td><p>167</p><p>333</p></td></tr><tr><td><p>1-Off Exact</p><p>1-Off</p></td><td><p>1,000</p><p>167</p></td></tr></tbody></table>",F,"3","3-Digits+1",MSA,F,F,,,"1$",upto 7 consecutive draws,N/A
595,Super Lotto,US Virgin Islands-Super Lotto,"9:00 PM",US/Eastern,"09:00 PM",Pick 5 numbers from  1 to 35 and Super Ball from 1 to 10,"5/35+1/10","","1 in 324632",T,F,https://www.thecaribbeanlottery.com/games/super-lotto,,F,F,Active,"<p><strong>EC Islands</strong></p><table class=""table table-bordered""> <thead><thead><tr class=""result-table-heading""><th><p>Match</p></th><th><p>Super Ball</p></th><th><p>Prize</p></th></tr></thead><tbody><tr><td><p>5</p></td><td><p>Yes</p></td><td><p>Jackpot</p></td></tr><tr><td><p>5</p></td><td>&nbsp;_</td><td><p>$20,000</p></td></tr><tr><td><p>4</p></td><td><p>Yes</p></td><td><p>$1,500</p></td></tr><tr><td><p>4</p></td><td>_&nbsp;</td><td><p>$300</p></td></tr><tr><td><p>3</p></td><td><p>Yes</p></td><td><p>$100</p></td></tr><tr><td><p>3</p></td><td>_&nbsp;</td><td><p>$20</p></td></tr><tr><td><p>2</p></td><td><p>Yes</p></td><td><p>$20</p></td></tr><tr><td><p>1</p></td><td><p>Yes</p></td><td><p>$10</p></td></tr></tbody></table> <p><strong>USVI &amp; St. Maarten</strong></p><table class=""table table-bordered""><thead><thead><tr class=""result-table-heading""><th><p>Match</p></th><th><p>Super Ball</p></th><th><p>Prize</p></th></tr></thead><tbody><tr><td><p>5</p></td><td><p>Yes</p></td><td><p>Jackpot</p></td></tr><tr><td><p>5</p></td><td>&nbsp;_</td><td><p>$5,000</p></td></tr><tr><td><p>4</p></td><td><p>Yes</p></td><td><p>$500</p></td></tr><tr><td><p>4</p></td><td>_&nbsp;</td><td><p>$100</p></td></tr><tr><td><p>3</p></td><td><p>Yes</p></td><td><p>$20</p></td></tr><tr><td><p>3</p></td><td>_&nbsp;</td><td><p>$3</p></td></tr><tr><td><p>2</p></td><td><p>Yes</p></td><td><p>$3</p></td></tr><tr><td><p>1</p></td><td><p>Yes</p></td><td><p>$2</p></td></tr></tbody></table>",F,"5+1","5/35 + 1 (Super Ball)","",T,F,,,"2$",Up to 20 consecutive draws,"10 minutes prior to time of draw"
596,Pick 3 Morning,US Virgin Islands-Pick 3 Morning,"10:00 AM",US/Eastern,"10:00 AM",Choose 3 digits from 0 to 9.,"3-Digits",$400,"1 in 1000",F,F,https://www.thecaribbeanlottery.com/games/pick-3,,F,F,Active,"<table class=""table table-bordered""><thead><tr class=""result-table-heading""><th><p>Number Wagered (Sample)</p></th><th><p>Description</p></th><th><p>Total Wager Ammount</p></th><th><p>First prize</p></th><th><p>Second prize</p></th><th><p>Third prize</p></th></tr></thead><tbody><tr><td><p>Straight</p></td><td><p>123</p></td><td><p>In exact order</p></td><td><p>$1</p></td><td><p>$400</p></td><td><p>$75</p></td><td><p>$50</p></td></tr><tr><td><p>3-way Box</p></td><td><p>113,131,311</p></td><td><p>Any order, two numbers are the same</p></td><td><p>$1</p></td><td><p>$135</p></td><td><p>$25</p></td><td><p>$17</p></td></tr><tr><td><p>6-way Box</p></td><td><p>123,132,213,231,312,321</p></td><td><p>Any order, all numbers are different</p></td><td><p>$1</p></td><td><p>$65</p></td><td><p>$12</p></td><td><p>$9</p></td></tr><tr><td><p>Front Pair</p></td><td><p>12X</p></td><td><p>First two numbers in exact order</p></td><td><p>$1</p></td><td><p>$40</p></td><td><p>$8</p></td><td><p>$5</p></td></tr><tr><td><p>Back Pair</p></td><td><p>X12</p></td><td><p>Last two numbers in exact order</p></td><td><p>$1</p></td><td><p>$40</p></td><td><p>$8</p></td><td><p>$5</p></td></tr><tr><td><p>Split Pair</p></td><td><p>1X2</p></td><td><p>First and last numbers</p></td><td><p>$1</p></td><td><p>$40</p></td><td><p>$8</p></td><td><p>$5</p></td></tr><tr><td><p>Straight/3-way Box</p></td><td><p>113</p></td><td><p>Exact order or any order, two numbers are the same</p></td><td><p>$2</p></td><td><p>$535<br /> ($400 str+$135 3-way Bx)</p></td><td><p>$100<br /> ($75 str+$25 3-box)</p></td><td><p>$67<br /> ($50 str+$17 3-box)</p></td></tr><tr><td><p>Straight/6-way Box</p></td><td><p>123</p></td><td><p>Exact order or any order, all numbers are different</p></td><td><p>$2</p></td><td><p>$465<br /> ($400 str+$65 6-way Bx)</p></td><td><p>$87<br /> ($75 str+$12 3-box)</p></td><td><p>$59<br /> ($50 str+$9 6-box)</p></td></tr></tbody></table>",F,"3+3+3","3-Digits","",F,F,,,"1$","Up to consecutive 7days draws(1-week (morning,midday,sunset,eveing draws included))","5 minutes prior to time of drawing"
597,Pick 3 Midday,US Virgin Islands-Pick 3 Midday,"01:00 PM",US/Eastern,"01:00 PM",Choose 3 digits from 0 to 9.,"3-Digits",$400,"1 in 1000",F,F,https://www.thecaribbeanlottery.com/games/pick-3,,F,F,Active,"<table class=""table table-bordered""><thead><tr class=""result-table-heading""><th><p>Number Wagered (Sample)</p></th><th><p>Description</p></th><th><p>Total Wager Ammount</p></th><th><p>First prize</p></th><th><p>Second prize</p></th><th><p>Third prize</p></th></tr></thead><tbody><tr><td><p>Straight</p></td><td><p>123</p></td><td><p>In exact order</p></td><td><p>$1</p></td><td><p>$400</p></td><td><p>$75</p></td><td><p>$50</p></td></tr><tr><td><p>3-way Box</p></td><td><p>113,131,311</p></td><td><p>Any order, two numbers are the same</p></td><td><p>$1</p></td><td><p>$135</p></td><td><p>$25</p></td><td><p>$17</p></td></tr><tr><td><p>6-way Box</p></td><td><p>123,132,213,231,312,321</p></td><td><p>Any order, all numbers are different</p></td><td><p>$1</p></td><td><p>$65</p></td><td><p>$12</p></td><td><p>$9</p></td></tr><tr><td><p>Front Pair</p></td><td><p>12X</p></td><td><p>First two numbers in exact order</p></td><td><p>$1</p></td><td><p>$40</p></td><td><p>$8</p></td><td><p>$5</p></td></tr><tr><td><p>Back Pair</p></td><td><p>X12</p></td><td><p>Last two numbers in exact order</p></td><td><p>$1</p></td><td><p>$40</p></td><td><p>$8</p></td><td><p>$5</p></td></tr><tr><td><p>Split Pair</p></td><td><p>1X2</p></td><td><p>First and last numbers</p></td><td><p>$1</p></td><td><p>$40</p></td><td><p>$8</p></td><td><p>$5</p></td></tr><tr><td><p>Straight/3-way Box</p></td><td><p>113</p></td><td><p>Exact order or any order, two numbers are the same</p></td><td><p>$2</p></td><td><p>$535<br /> ($400 str+$135 3-way Bx)</p></td><td><p>$100<br /> ($75 str+$25 3-box)</p></td><td><p>$67<br /> ($50 str+$17 3-box)</p></td></tr><tr><td><p>Straight/6-way Box</p></td><td><p>123</p></td><td><p>Exact order or any order, all numbers are different</p></td><td><p>$2</p></td><td><p>$465<br /> ($400 str+$65 6-way Bx)</p></td><td><p>$87<br /> ($75 str+$12 3-box)</p></td><td><p>$59<br /> ($50 str+$9 6-box)</p></td></tr></tbody></table>",F,"3+3+3","3-Digits","",F,F,,,"1$","Up to consecutive 7days draws(1-week (morning,midday,sunset,eveing draws included))","5 minutes prior to time of drawing"
598,Pick 3 Sunset,US Virgin Islands-Pick 3 Sunset,"06:00 PM",US/Eastern,"06:00 PM",Choose 3 digits from 0 to 9.,"3-Digits",$400,"1 in 1000",F,F,https://www.thecaribbeanlottery.com/games/pick-3,,F,F,Active,"<table class=""table table-bordered""><thead><tr class=""result-table-heading""><th><p>Number Wagered (Sample)</p></th><th><p>Description</p></th><th><p>Total Wager Ammount</p></th><th><p>First prize</p></th><th><p>Second prize</p></th><th><p>Third prize</p></th></tr></thead><tbody><tr><td><p>Straight</p></td><td><p>123</p></td><td><p>In exact order</p></td><td><p>$1</p></td><td><p>$400</p></td><td><p>$75</p></td><td><p>$50</p></td></tr><tr><td><p>3-way Box</p></td><td><p>113,131,311</p></td><td><p>Any order, two numbers are the same</p></td><td><p>$1</p></td><td><p>$135</p></td><td><p>$25</p></td><td><p>$17</p></td></tr><tr><td><p>6-way Box</p></td><td><p>123,132,213,231,312,321</p></td><td><p>Any order, all numbers are different</p></td><td><p>$1</p></td><td><p>$65</p></td><td><p>$12</p></td><td><p>$9</p></td></tr><tr><td><p>Front Pair</p></td><td><p>12X</p></td><td><p>First two numbers in exact order</p></td><td><p>$1</p></td><td><p>$40</p></td><td><p>$8</p></td><td><p>$5</p></td></tr><tr><td><p>Back Pair</p></td><td><p>X12</p></td><td><p>Last two numbers in exact order</p></td><td><p>$1</p></td><td><p>$40</p></td><td><p>$8</p></td><td><p>$5</p></td></tr><tr><td><p>Split Pair</p></td><td><p>1X2</p></td><td><p>First and last numbers</p></td><td><p>$1</p></td><td><p>$40</p></td><td><p>$8</p></td><td><p>$5</p></td></tr><tr><td><p>Straight/3-way Box</p></td><td><p>113</p></td><td><p>Exact order or any order, two numbers are the same</p></td><td><p>$2</p></td><td><p>$535<br /> ($400 str+$135 3-way Bx)</p></td><td><p>$100<br /> ($75 str+$25 3-box)</p></td><td><p>$67<br /> ($50 str+$17 3-box)</p></td></tr><tr><td><p>Straight/6-way Box</p></td><td><p>123</p></td><td><p>Exact order or any order, all numbers are different</p></td><td><p>$2</p></td><td><p>$465<br /> ($400 str+$65 6-way Bx)</p></td><td><p>$87<br /> ($75 str+$12 3-box)</p></td><td><p>$59<br /> ($50 str+$9 6-box)</p></td></tr></tbody></table>",F,"3+3+3","3-Digits","",F,F,,,"1$","Up to consecutive 7days draws(1-week (morning,midday,sunset,eveing draws included))","5 minutes prior to time of drawing"
599,Pick 3 Evening,US Virgin Islands-Pick 3 Evening,"09:00 PM",US/Eastern,"09:00 PM",Choose 3 digits from 0 to 9.,"3-Digits",$400,"1 in 1000",F,F,https://www.thecaribbeanlottery.com/games/pick-3,,F,F,Active,"<table class=""table table-bordered""><thead><tr class=""result-table-heading""><th><p>Number Wagered (Sample)</p></th><th><p>Description</p></th><th><p>Total Wager Ammount</p></th><th><p>First prize</p></th><th><p>Second prize</p></th><th><p>Third prize</p></th></tr></thead><tbody><tr><td><p>Straight</p></td><td><p>123</p></td><td><p>In exact order</p></td><td><p>$1</p></td><td><p>$400</p></td><td><p>$75</p></td><td><p>$50</p></td></tr><tr><td><p>3-way Box</p></td><td><p>113,131,311</p></td><td><p>Any order, two numbers are the same</p></td><td><p>$1</p></td><td><p>$135</p></td><td><p>$25</p></td><td><p>$17</p></td></tr><tr><td><p>6-way Box</p></td><td><p>123,132,213,231,312,321</p></td><td><p>Any order, all numbers are different</p></td><td><p>$1</p></td><td><p>$65</p></td><td><p>$12</p></td><td><p>$9</p></td></tr><tr><td><p>Front Pair</p></td><td><p>12X</p></td><td><p>First two numbers in exact order</p></td><td><p>$1</p></td><td><p>$40</p></td><td><p>$8</p></td><td><p>$5</p></td></tr><tr><td><p>Back Pair</p></td><td><p>X12</p></td><td><p>Last two numbers in exact order</p></td><td><p>$1</p></td><td><p>$40</p></td><td><p>$8</p></td><td><p>$5</p></td></tr><tr><td><p>Split Pair</p></td><td><p>1X2</p></td><td><p>First and last numbers</p></td><td><p>$1</p></td><td><p>$40</p></td><td><p>$8</p></td><td><p>$5</p></td></tr><tr><td><p>Straight/3-way Box</p></td><td><p>113</p></td><td><p>Exact order or any order, two numbers are the same</p></td><td><p>$2</p></td><td><p>$535<br /> ($400 str+$135 3-way Bx)</p></td><td><p>$100<br /> ($75 str+$25 3-box)</p></td><td><p>$67<br /> ($50 str+$17 3-box)</p></td></tr><tr><td><p>Straight/6-way Box</p></td><td><p>123</p></td><td><p>Exact order or any order, all numbers are different</p></td><td><p>$2</p></td><td><p>$465<br /> ($400 str+$65 6-way Bx)</p></td><td><p>$87<br /> ($75 str+$12 3-box)</p></td><td><p>$59<br /> ($50 str+$9 6-box)</p></td></tr></tbody></table>",F,"3+3+3","3-Digits","",F,F,,,"1$","Up to consecutive 7days draws(1-week (morning,midday,sunset,eveing draws included))","5 minutes prior to time of drawing"
600,Pick 4 Morning,US Virgin Islands-Pick 4 Morning,"10:00 AM",US/Eastern,"10:00 AM",Choose 4 digits from 0 to 9.,"4-Digits","$4,000","1 in 10000",F,F,https://www.thecaribbeanlottery.com/games/pick-4,,F,F,Active,"<table class=""table table-bordered""><thead><tr class=""result-table-heading""><th><p>Bet type</p></th><th><p>Number Wagered (Sample)</p></th><th><p>Description</p></th><th><p>Total Wager Amount</p></th><th><p>First prize</p></th><th><p>Second prize</p></th><th><p>Third prize</p></th></tr></thead><tbody><tr><td><p>Straight</p></td><td><p>1234</p></td><td><p>In Order</p></td><td><p>$1</p></td><td><p>$4000</p></td><td><p>$1000</p></td><td><p>$250</p></td></tr><tr><td><p>Box (24 Way)</p></td><td><p>1234</p></td><td><p>All Different</p></td><td><p>$1</p></td><td><p>$166</p></td><td><p>$41</p></td><td><p>$10</p></td></tr><tr><td><p>Box (12 Way)</p></td><td><p>1123</p></td><td><p>Two Alike</p></td><td><p>$1</p></td><td><p>$333</p></td><td><p>$83</p></td><td><p>$20</p></td></tr><tr><td><p>Box (6 Way)</p></td><td><p>1122</p></td><td><p>Two Sets</p></td><td><p>$1</p></td><td><p>$666</p></td><td><p>$166</p></td><td><p>$41</p></td></tr><tr><td><p>Box (4 Way)</p></td><td><p>1122</p></td><td><p>Three Sets</p></td><td><p>$1</p></td><td><p>$1000</p></td><td><p>$250</p></td><td><p>$62</p></td></tr><tr><td><p>Str/Box (24 Way)</p></td><td><p>1234</p></td><td><p>All DIfferent</p></td><td><p>$2</p></td><td><p>$4,166<br /> ($4000 str + $166 Box)</p></td><td><p>$1,041<br /> ($1000 str + $41 box)</p></td><td><p>$260<br /> ($250 str + $10 box)</p></td></tr><tr><td><p>Str/Box (12 Way)</p></td><td><p>1123</p></td><td><p>Two Alike</p></td><td><p>$2</p></td><td><p>$4,333<br /> ($4000 str + $333 box)</p></td><td><p>$1083<br /> ($1000 str + $83 box)</p></td><td><p>$270<br /> ($250 str + $20 box)</p></td></tr><tr><td><p>Str/Box (6 Way)</p></td><td><p>1122</p></td><td><p>Two Sets</p></td><td><p>$2</p></td><td><p>$4666<br /> ($4000 str + $666 box)</p></td><td><p>$1166<br /> ($1000 str + $166 Box)</p></td><td><p>$291<br /> ($250 str + $41 box)</p></td></tr><tr><td><p>Str/Box (4 Way)</p></td><td><p>1112</p></td><td><p>Three Alike</p></td><td><p>$2</p></td><td><p>$5000<br /> (4000 str + 1000 box)</p></td><td><p>$1250<br /> ($1000 str + $250 box)</p></td><td><p>$312<br /> ($250 str + $62 box)</p></td></tr><tr><td><p>Front3/Back3 Straight</p></td><td><p>123</p></td><td><p>All Different</p></td><td><p>$1</p></td><td><p>$400</p></td><td><p>$75</p></td><td><p>$50</p></td></tr><tr><td><p>Front3/Back3 Box (6 Way)</p></td><td><p>123</p></td><td><p>All Different</p></td><td><p>$1</p></td><td><p>$65</p></td><td><p>$12</p></td><td><p>$9</p></td></tr><tr><td><p>Front3/Back3 Box (3 Way)</p></td><td><p>112</p></td><td><p>Two Alike</p></td><td><p>$1</p></td><td><p>$135</p></td><td><p>$25</p></td><td><p>$17</p></td></tr><tr><td><p>Front3/Back3 Str/Box (6 Way)</p></td><td><p>123</p></td><td><p>All Different</p></td><td><p>$2</p></td><td><p>$466</p></td><td><p>$44</p></td><td><p>$30</p></td></tr><tr><td><p>Front3/Back3 Str/Box (3 Way)</p></td><td><p>112</p></td><td><p>Two Alike</p></td><td><p>$2</p></td><td><p>$535</p></td><td><p>$50</p></td><td><p>$34</p></td></tr></tbody></table>",F,"4+4+4","4-Digits","",F,F,,,"1$","Up to consecutive 7days draws(1-week (morning,midday,sunset,eveing draws included))","5 minutes prior to time of drawing"
601,Pick 4 Midday,US Virgin Islands-Pick 4 Midday,"01:00 PM",US/Eastern,"01:00 PM",Choose 4 digits from 0 to 9.,"4-Digits","$4,000","1 in 10000",F,F,https://www.thecaribbeanlottery.com/games/pick-4,,F,F,Active,"<table class=""table table-bordered""><thead><tr class=""result-table-heading""><th><p>Bet type</p></th><th><p>Number Wagered (Sample)</p></th><th><p>Description</p></th><th><p>Total Wager Amount</p></th><th><p>First prize</p></th><th><p>Second prize</p></th><th><p>Third prize</p></th></tr></thead><tbody><tr><td><p>Straight</p></td><td><p>1234</p></td><td><p>In Order</p></td><td><p>$1</p></td><td><p>$4000</p></td><td><p>$1000</p></td><td><p>$250</p></td></tr><tr><td><p>Box (24 Way)</p></td><td><p>1234</p></td><td><p>All Different</p></td><td><p>$1</p></td><td><p>$166</p></td><td><p>$41</p></td><td><p>$10</p></td></tr><tr><td><p>Box (12 Way)</p></td><td><p>1123</p></td><td><p>Two Alike</p></td><td><p>$1</p></td><td><p>$333</p></td><td><p>$83</p></td><td><p>$20</p></td></tr><tr><td><p>Box (6 Way)</p></td><td><p>1122</p></td><td><p>Two Sets</p></td><td><p>$1</p></td><td><p>$666</p></td><td><p>$166</p></td><td><p>$41</p></td></tr><tr><td><p>Box (4 Way)</p></td><td><p>1122</p></td><td><p>Three Sets</p></td><td><p>$1</p></td><td><p>$1000</p></td><td><p>$250</p></td><td><p>$62</p></td></tr><tr><td><p>Str/Box (24 Way)</p></td><td><p>1234</p></td><td><p>All DIfferent</p></td><td><p>$2</p></td><td><p>$4,166<br /> ($4000 str + $166 Box)</p></td><td><p>$1,041<br /> ($1000 str + $41 box)</p></td><td><p>$260<br /> ($250 str + $10 box)</p></td></tr><tr><td><p>Str/Box (12 Way)</p></td><td><p>1123</p></td><td><p>Two Alike</p></td><td><p>$2</p></td><td><p>$4,333<br /> ($4000 str + $333 box)</p></td><td><p>$1083<br /> ($1000 str + $83 box)</p></td><td><p>$270<br /> ($250 str + $20 box)</p></td></tr><tr><td><p>Str/Box (6 Way)</p></td><td><p>1122</p></td><td><p>Two Sets</p></td><td><p>$2</p></td><td><p>$4666<br /> ($4000 str + $666 box)</p></td><td><p>$1166<br /> ($1000 str + $166 Box)</p></td><td><p>$291<br /> ($250 str + $41 box)</p></td></tr><tr><td><p>Str/Box (4 Way)</p></td><td><p>1112</p></td><td><p>Three Alike</p></td><td><p>$2</p></td><td><p>$5000<br /> (4000 str + 1000 box)</p></td><td><p>$1250<br /> ($1000 str + $250 box)</p></td><td><p>$312<br /> ($250 str + $62 box)</p></td></tr><tr><td><p>Front3/Back3 Straight</p></td><td><p>123</p></td><td><p>All Different</p></td><td><p>$1</p></td><td><p>$400</p></td><td><p>$75</p></td><td><p>$50</p></td></tr><tr><td><p>Front3/Back3 Box (6 Way)</p></td><td><p>123</p></td><td><p>All Different</p></td><td><p>$1</p></td><td><p>$65</p></td><td><p>$12</p></td><td><p>$9</p></td></tr><tr><td><p>Front3/Back3 Box (3 Way)</p></td><td><p>112</p></td><td><p>Two Alike</p></td><td><p>$1</p></td><td><p>$135</p></td><td><p>$25</p></td><td><p>$17</p></td></tr><tr><td><p>Front3/Back3 Str/Box (6 Way)</p></td><td><p>123</p></td><td><p>All Different</p></td><td><p>$2</p></td><td><p>$466</p></td><td><p>$44</p></td><td><p>$30</p></td></tr><tr><td><p>Front3/Back3 Str/Box (3 Way)</p></td><td><p>112</p></td><td><p>Two Alike</p></td><td><p>$2</p></td><td><p>$535</p></td><td><p>$50</p></td><td><p>$34</p></td></tr></tbody></table>",F,"4+4+4","4-Digits","",F,F,,,"1$","Up to consecutive 7days draws(1-week (morning,midday,sunset,eveing draws included))","5 minutes prior to time of drawing"
602,Pick 4 Sunset,US Virgin Islands-Pick 4 Sunset,"06:00 PM",US/Eastern,"06:00 PM",Choose 4 digits from 0 to 9.,"4-Digits","$4,000","1 in 10000",F,F,https://www.thecaribbeanlottery.com/games/pick-4,,F,F,Active,"<table class=""table table-bordered""><thead><tr class=""result-table-heading""><th><p>Bet type</p></th><th><p>Number Wagered (Sample)</p></th><th><p>Description</p></th><th><p>Total Wager Amount</p></th><th><p>First prize</p></th><th><p>Second prize</p></th><th><p>Third prize</p></th></tr></thead><tbody><tr><td><p>Straight</p></td><td><p>1234</p></td><td><p>In Order</p></td><td><p>$1</p></td><td><p>$4000</p></td><td><p>$1000</p></td><td><p>$250</p></td></tr><tr><td><p>Box (24 Way)</p></td><td><p>1234</p></td><td><p>All Different</p></td><td><p>$1</p></td><td><p>$166</p></td><td><p>$41</p></td><td><p>$10</p></td></tr><tr><td><p>Box (12 Way)</p></td><td><p>1123</p></td><td><p>Two Alike</p></td><td><p>$1</p></td><td><p>$333</p></td><td><p>$83</p></td><td><p>$20</p></td></tr><tr><td><p>Box (6 Way)</p></td><td><p>1122</p></td><td><p>Two Sets</p></td><td><p>$1</p></td><td><p>$666</p></td><td><p>$166</p></td><td><p>$41</p></td></tr><tr><td><p>Box (4 Way)</p></td><td><p>1122</p></td><td><p>Three Sets</p></td><td><p>$1</p></td><td><p>$1000</p></td><td><p>$250</p></td><td><p>$62</p></td></tr><tr><td><p>Str/Box (24 Way)</p></td><td><p>1234</p></td><td><p>All DIfferent</p></td><td><p>$2</p></td><td><p>$4,166<br /> ($4000 str + $166 Box)</p></td><td><p>$1,041<br /> ($1000 str + $41 box)</p></td><td><p>$260<br /> ($250 str + $10 box)</p></td></tr><tr><td><p>Str/Box (12 Way)</p></td><td><p>1123</p></td><td><p>Two Alike</p></td><td><p>$2</p></td><td><p>$4,333<br /> ($4000 str + $333 box)</p></td><td><p>$1083<br /> ($1000 str + $83 box)</p></td><td><p>$270<br /> ($250 str + $20 box)</p></td></tr><tr><td><p>Str/Box (6 Way)</p></td><td><p>1122</p></td><td><p>Two Sets</p></td><td><p>$2</p></td><td><p>$4666<br /> ($4000 str + $666 box)</p></td><td><p>$1166<br /> ($1000 str + $166 Box)</p></td><td><p>$291<br /> ($250 str + $41 box)</p></td></tr><tr><td><p>Str/Box (4 Way)</p></td><td><p>1112</p></td><td><p>Three Alike</p></td><td><p>$2</p></td><td><p>$5000<br /> (4000 str + 1000 box)</p></td><td><p>$1250<br /> ($1000 str + $250 box)</p></td><td><p>$312<br /> ($250 str + $62 box)</p></td></tr><tr><td><p>Front3/Back3 Straight</p></td><td><p>123</p></td><td><p>All Different</p></td><td><p>$1</p></td><td><p>$400</p></td><td><p>$75</p></td><td><p>$50</p></td></tr><tr><td><p>Front3/Back3 Box (6 Way)</p></td><td><p>123</p></td><td><p>All Different</p></td><td><p>$1</p></td><td><p>$65</p></td><td><p>$12</p></td><td><p>$9</p></td></tr><tr><td><p>Front3/Back3 Box (3 Way)</p></td><td><p>112</p></td><td><p>Two Alike</p></td><td><p>$1</p></td><td><p>$135</p></td><td><p>$25</p></td><td><p>$17</p></td></tr><tr><td><p>Front3/Back3 Str/Box (6 Way)</p></td><td><p>123</p></td><td><p>All Different</p></td><td><p>$2</p></td><td><p>$466</p></td><td><p>$44</p></td><td><p>$30</p></td></tr><tr><td><p>Front3/Back3 Str/Box (3 Way)</p></td><td><p>112</p></td><td><p>Two Alike</p></td><td><p>$2</p></td><td><p>$535</p></td><td><p>$50</p></td><td><p>$34</p></td></tr></tbody></table>",F,"4+4+4","4-Digits","",F,F,,,"1$","Up to consecutive 7days draws(1-week (morning,midday,sunset,eveing draws included))","5 minutes prior to time of drawing"
603,Pick 4 Evening,US Virgin Islands-Pick 4 Evening,"09:00 PM",US/Eastern,"09:00 PM",Choose 4 digits from 0 to 9.,"4-Digits","$4,000","1 in 10000",F,F,https://www.thecaribbeanlottery.com/games/pick-4,,F,F,Active,"<table class=""table table-bordered""><thead><tr class=""result-table-heading""><th><p>Bet type</p></th><th><p>Number Wagered (Sample)</p></th><th><p>Description</p></th><th><p>Total Wager Amount</p></th><th><p>First prize</p></th><th><p>Second prize</p></th><th><p>Third prize</p></th></tr></thead><tbody><tr><td><p>Straight</p></td><td><p>1234</p></td><td><p>In Order</p></td><td><p>$1</p></td><td><p>$4000</p></td><td><p>$1000</p></td><td><p>$250</p></td></tr><tr><td><p>Box (24 Way)</p></td><td><p>1234</p></td><td><p>All Different</p></td><td><p>$1</p></td><td><p>$166</p></td><td><p>$41</p></td><td><p>$10</p></td></tr><tr><td><p>Box (12 Way)</p></td><td><p>1123</p></td><td><p>Two Alike</p></td><td><p>$1</p></td><td><p>$333</p></td><td><p>$83</p></td><td><p>$20</p></td></tr><tr><td><p>Box (6 Way)</p></td><td><p>1122</p></td><td><p>Two Sets</p></td><td><p>$1</p></td><td><p>$666</p></td><td><p>$166</p></td><td><p>$41</p></td></tr><tr><td><p>Box (4 Way)</p></td><td><p>1122</p></td><td><p>Three Sets</p></td><td><p>$1</p></td><td><p>$1000</p></td><td><p>$250</p></td><td><p>$62</p></td></tr><tr><td><p>Str/Box (24 Way)</p></td><td><p>1234</p></td><td><p>All DIfferent</p></td><td><p>$2</p></td><td><p>$4,166<br /> ($4000 str + $166 Box)</p></td><td><p>$1,041<br /> ($1000 str + $41 box)</p></td><td><p>$260<br /> ($250 str + $10 box)</p></td></tr><tr><td><p>Str/Box (12 Way)</p></td><td><p>1123</p></td><td><p>Two Alike</p></td><td><p>$2</p></td><td><p>$4,333<br /> ($4000 str + $333 box)</p></td><td><p>$1083<br /> ($1000 str + $83 box)</p></td><td><p>$270<br /> ($250 str + $20 box)</p></td></tr><tr><td><p>Str/Box (6 Way)</p></td><td><p>1122</p></td><td><p>Two Sets</p></td><td><p>$2</p></td><td><p>$4666<br /> ($4000 str + $666 box)</p></td><td><p>$1166<br /> ($1000 str + $166 Box)</p></td><td><p>$291<br /> ($250 str + $41 box)</p></td></tr><tr><td><p>Str/Box (4 Way)</p></td><td><p>1112</p></td><td><p>Three Alike</p></td><td><p>$2</p></td><td><p>$5000<br /> (4000 str + 1000 box)</p></td><td><p>$1250<br /> ($1000 str + $250 box)</p></td><td><p>$312<br /> ($250 str + $62 box)</p></td></tr><tr><td><p>Front3/Back3 Straight</p></td><td><p>123</p></td><td><p>All Different</p></td><td><p>$1</p></td><td><p>$400</p></td><td><p>$75</p></td><td><p>$50</p></td></tr><tr><td><p>Front3/Back3 Box (6 Way)</p></td><td><p>123</p></td><td><p>All Different</p></td><td><p>$1</p></td><td><p>$65</p></td><td><p>$12</p></td><td><p>$9</p></td></tr><tr><td><p>Front3/Back3 Box (3 Way)</p></td><td><p>112</p></td><td><p>Two Alike</p></td><td><p>$1</p></td><td><p>$135</p></td><td><p>$25</p></td><td><p>$17</p></td></tr><tr><td><p>Front3/Back3 Str/Box (6 Way)</p></td><td><p>123</p></td><td><p>All Different</p></td><td><p>$2</p></td><td><p>$466</p></td><td><p>$44</p></td><td><p>$30</p></td></tr><tr><td><p>Front3/Back3 Str/Box (3 Way)</p></td><td><p>112</p></td><td><p>Two Alike</p></td><td><p>$2</p></td><td><p>$535</p></td><td><p>$50</p></td><td><p>$34</p></td></tr></tbody></table>",F,"4+4+4","4-Digits","",F,F,,,"1$","Up to consecutive 7days draws(1-week (morning,midday,sunset,eveing draws included))","5 minutes prior to time of drawing"
604,Lucky Pick,US Virgin Islands-Lucky Pick,"8:00 PM",US/Eastern,"08:00 PM",pick 5 numbers from 1 to 28 and multilplier is part of base game.,"5/28+1/5","",i in 11793600,T,T,https://www.thecaribbeanlottery.com/games/lucky-pick,,F,F,Active,"<h4>&nbsp;Anguilla / Antigua / St. Kitts &amp; Nevis Payout Table</h4><<table class=""table table-bordered""> <thead><thead><tr class=""result-table-heading""><th><p>Match</p></th><th><p>Prize Division</p></th><th><p>Multiplier x2</p></th><th><p>Multiplier x3</p></th><th><p>Multiplier x4</p></th><th><p>Multiplier x5</p></th></tr></thead><tbody><tr><td><p>5</p></td><td><p>Jackpot</p></td><td>&nbsp;_</td><td>&nbsp;_</td><td>&nbsp;_</td><td>&nbsp;_</td></tr><tr><td><p>4</p></td><td>&nbsp;_</td><td><p>$300</p></td><td><p>$450</p></td><td><p>$600</p></td><td><p>$750</p></td></tr><tr><td><p>3</p></td><td>&nbsp;_</td><td><p>$12</p></td><td><p>$18</p></td><td><p>$24</p></td><td><p>$30</p></td></tr></tbody></table><p><strong>St. Maarten / US Virgin Islands / Bermuda Payout Table</strong></p><table class=""table table-bordered""> <thead><thead><tr class=""result-table-heading""><th><p>Match</p></th><th><p>Prize Division</p></th><th><p>Multiplier x2</p></th><th><p>Multiplier x3</p></th><th><p>Multiplier x4</p></th><th><p>Multiplier x5</p></th></tr></thead><tbody><tr><td><p>5</p></td><td><p>Jackpot</p></td><td>&nbsp;_</td><td>&nbsp;_</td><td>&nbsp;_</td><td>_</td></tr><tr><td><p>4</p></td><td>&nbsp;_</td><td><p>$100</p></td><td><p>$150</p></td><td><p>$200</p></td><td><p>$250</p></td></tr><tr><td><p>3</p></td><td>&nbsp;_</td><td><p>$4</p></td><td><p>$6</p></td><td><p>$8</p></td><td><p>$10</p></td></tr></tbody></table>",F,"5+1","5/28+1/5 (Multiplier)","",T,F,,,"1$",Up to 20 consecutive draws,"5 minutes prior to time of draw"
605,Match 5,Mississippi-Match 5,"10:00 PM",US/Central,"11:00 PM",select 5 numbers from 1 to 35.,"5/35","","1 in 8250",T,F,https://www.mslotteryhome.com/games/mm5/,,F,F,Active,"<table class=""table table-bordered""><thead><tr class=""result-table-heading""><th><p><strong>MATCH</strong></p></th><th><p><strong>PRIZE</strong></p></th><th><p><strong>PRIZE WITH MULTIPLIER</strong></p></th><th><p><strong>ODDS</strong></p></th></tr></thead><tbody><tr><td><p>5/5&nbsp;</p></td><td><p>Jackpot</p></td><td><p>-</p></td><td><p>1 in 324,632</p></td></tr><tr><td><p>4/5&nbsp;</p></td><td><p>$200</p></td><td><p>$400 - $1,000</p></td><td><p>1 in 2,164</p></td></tr><tr><td><p>3/5&nbsp;</p></td><td><p>$10</p></td><td><p>$20 - $50</p></td><td><p>1 in 75</p></td></tr><tr><td><p>2/5</p></td><td><p>Free Ticket</p></td><td><p>2 to 5 Free Tickets</p></td><td><p>1 in 8</p></td></tr></tbody></table><p><em>Overall odds of winning a prize are approximately 1 in 7.2.</em></p>",F,"5","5/35",MS5,T,T,,,"1$",upto 24 consecutive draws,N/A
606,Cash Pop Early Bird,Georgia-Cash Pop Early Bird,"8:00 AM",US/Eastern,"08:00 AM",pick 1 numbers from 1 to 15.,"1/15",$250,"1 in 8250",F,F,https://www.galottery.com/en-us/games/draw-games/cash-pop.html#tab-howToPlay,,F,F,Active," <table class=""table table-bordered""><thead><tr class=""result-table-heading""><td><h4>$1 PLAY</h4></td></tr></thead><tbody><tr><td><p>PRIZE</p></td><td><p>ODDS 1 IN:</p></td></tr><tr><td><p>$5</p></td><td><p>32</p></td></tr><tr><td><p>$7</p></td><td><p>75</p></td></tr><tr><td><p>$10</p></td><td><p>105</p></td></tr><tr><td><p>$15</p></td><td><p>165</p></td></tr><tr><td><p>$20</p></td><td><p>225</p></td></tr><tr><td><p>$25</p></td><td><p>825</p></td></tr><tr><td><p>$50</p></td><td><p>2,250</p></td></tr><tr><td><p>$100</p></td><td><p>4,500</p></td></tr><tr><td><p>$250</p></td><td><p>8,250</p></td></tr></tbody><table class=""table table-bordered""><thead><tr class=""result-table-heading""><th><h4>$2 PLAY</h4></th></tr></thead><tbody><tr><td><p>PRIZE</p></td><td><p>ODDS 1 IN:</p></td></tr><tr><td><p>$10</p></td><td><p>31</p></td></tr><tr><td><p>$14</p></td><td><p>90</p></td></tr><tr><td><p>$20</p></td><td><p>105</p></td></tr><tr><td><p>$30</p></td><td><p>150</p></td></tr><tr><td><p>$40</p></td><td><p>210</p></td></tr><tr><td><p>$50</p></td><td><p>525</p></td></tr><tr><td><p>$100</p></td><td><p>2,250</p></td></tr><tr><td><p>$200</p></td><td><p>4,500</p></td></tr><tr><td><p>$500</p></td><td><p>8,250</p></td></tr></tbody></table><table class=""table table-bordered""><thead><tr class=""result-table-heading""><th><h4>$5 PLAY</h4></th></tr></thead><tbody><tr><td><p>PRIZE</p></td><td><p>ODDS 1 IN:</p></td></tr><tr><td><p>$25</p></td><td><p>31</p></td></tr><tr><td><p>$35</p></td><td><p>105</p></td></tr><tr><td><p>$50</p></td><td><p>120</p></td></tr><tr><td><p>$75</p></td><td><p>150</p></td></tr><tr><td><p>$100</p></td><td><p>165</p></td></tr><tr><td><p>$125</p></td><td><p>360</p></td></tr><tr><td><p>$250</p></td><td><p>2,055</p></td></tr><tr><td><p>$500</p></td><td><p>4,500</p></td></tr><tr><td><p>$1,250</p></td><td><p>8,250</p></td></tr></tbody></table><h5>Overall Odds are 1 in 15 per Play.</h5>",F,"1","1/15","",F,F,,,"1$",upto 5 consecutive draws,"Mon-Sun, 35 minutes before draw time"
607,Cash Pop Matinee,Georgia-Cash Pop Matinee,"1:00 PM",US/Eastern,"01:00 PM",pick 1 numbers from 1 to 15.,"1/15",$250,"1 in 8250",F,F,https://www.galottery.com/en-us/games/draw-games/cash-pop.html#tab-howToPlay,,F,F,Active,"<table class=""table table-bordered""><thead><tr class=""result-table-heading""><td><h4>$1 PLAY</h4></td></tr></thead><tbody><tr><td><p>PRIZE</p></td><td><p>ODDS 1 IN:</p></td></tr><tr><td><p>$5</p></td><td><p>32</p></td></tr><tr><td><p>$7</p></td><td><p>75</p></td></tr><tr><td><p>$10</p></td><td><p>105</p></td></tr><tr><td><p>$15</p></td><td><p>165</p></td></tr><tr><td><p>$20</p></td><td><p>225</p></td></tr><tr><td><p>$25</p></td><td><p>825</p></td></tr><tr><td><p>$50</p></td><td><p>2,250</p></td></tr><tr><td><p>$100</p></td><td><p>4,500</p></td></tr><tr><td><p>$250</p></td><td><p>8,250</p></td></tr></tbody><table class=""table table-bordered""><thead><tr class=""result-table-heading""><th><h4>$2 PLAY</h4></th></tr></thead><tbody><tr><td><p>PRIZE</p></td><td><p>ODDS 1 IN:</p></td></tr><tr><td><p>$10</p></td><td><p>31</p></td></tr><tr><td><p>$14</p></td><td><p>90</p></td></tr><tr><td><p>$20</p></td><td><p>105</p></td></tr><tr><td><p>$30</p></td><td><p>150</p></td></tr><tr><td><p>$40</p></td><td><p>210</p></td></tr><tr><td><p>$50</p></td><td><p>525</p></td></tr><tr><td><p>$100</p></td><td><p>2,250</p></td></tr><tr><td><p>$200</p></td><td><p>4,500</p></td></tr><tr><td><p>$500</p></td><td><p>8,250</p></td></tr></tbody></table><table class=""table table-bordered""><thead><tr class=""result-table-heading""><th><h4>$5 PLAY</h4></th></tr></thead><tbody><tr><td><p>PRIZE</p></td><td><p>ODDS 1 IN:</p></td></tr><tr><td><p>$25</p></td><td><p>31</p></td></tr><tr><td><p>$35</p></td><td><p>105</p></td></tr><tr><td><p>$50</p></td><td><p>120</p></td></tr><tr><td><p>$75</p></td><td><p>150</p></td></tr><tr><td><p>$100</p></td><td><p>165</p></td></tr><tr><td><p>$125</p></td><td><p>360</p></td></tr><tr><td><p>$250</p></td><td><p>2,055</p></td></tr><tr><td><p>$500</p></td><td><p>4,500</p></td></tr><tr><td><p>$1,250</p></td><td><p>8,250</p></td></tr></tbody></table><h5>Overall Odds are 1 in 15 per Play.</h5>",F,"1","1/15","",F,F,,,"1$",upto 5 consecutive draws,"Mon-Sun, 1 minute before draw time"
608,Cash Pop Drive Time,Georgia-Cash Pop Drive Time,"5:00 PM",US/Eastern,"05:00 PM",pick 1 numbers from 1 to 15.,"1/15",$250,"1 in 8250",F,F,https://www.galottery.com/en-us/games/draw-games/cash-pop.html#tab-howToPlay,,F,F,Active,"<table class=""table table-bordered""><thead><tr class=""result-table-heading""><td><h4>$1 PLAY</h4></td></tr></thead><tbody><tr><td><p>PRIZE</p></td><td><p>ODDS 1 IN:</p></td></tr><tr><td><p>$5</p></td><td><p>32</p></td></tr><tr><td><p>$7</p></td><td><p>75</p></td></tr><tr><td><p>$10</p></td><td><p>105</p></td></tr><tr><td><p>$15</p></td><td><p>165</p></td></tr><tr><td><p>$20</p></td><td><p>225</p></td></tr><tr><td><p>$25</p></td><td><p>825</p></td></tr><tr><td><p>$50</p></td><td><p>2,250</p></td></tr><tr><td><p>$100</p></td><td><p>4,500</p></td></tr><tr><td><p>$250</p></td><td><p>8,250</p></td></tr></tbody><table class=""table table-bordered""><thead><tr class=""result-table-heading""><th><h4>$2 PLAY</h4></th></tr></thead><tbody><tr><td><p>PRIZE</p></td><td><p>ODDS 1 IN:</p></td></tr><tr><td><p>$10</p></td><td><p>31</p></td></tr><tr><td><p>$14</p></td><td><p>90</p></td></tr><tr><td><p>$20</p></td><td><p>105</p></td></tr><tr><td><p>$30</p></td><td><p>150</p></td></tr><tr><td><p>$40</p></td><td><p>210</p></td></tr><tr><td><p>$50</p></td><td><p>525</p></td></tr><tr><td><p>$100</p></td><td><p>2,250</p></td></tr><tr><td><p>$200</p></td><td><p>4,500</p></td></tr><tr><td><p>$500</p></td><td><p>8,250</p></td></tr></tbody></table><table class=""table table-bordered""><thead><tr class=""result-table-heading""><th><h4>$5 PLAY</h4></th></tr></thead><tbody><tr><td><p>PRIZE</p></td><td><p>ODDS 1 IN:</p></td></tr><tr><td><p>$25</p></td><td><p>31</p></td></tr><tr><td><p>$35</p></td><td><p>105</p></td></tr><tr><td><p>$50</p></td><td><p>120</p></td></tr><tr><td><p>$75</p></td><td><p>150</p></td></tr><tr><td><p>$100</p></td><td><p>165</p></td></tr><tr><td><p>$125</p></td><td><p>360</p></td></tr><tr><td><p>$250</p></td><td><p>2,055</p></td></tr><tr><td><p>$500</p></td><td><p>4,500</p></td></tr><tr><td><p>$1,250</p></td><td><p>8,250</p></td></tr></tbody></table><h5>Overall Odds are 1 in 15 per Play.</h5>",F,"1","1/15","",F,F,,,"1$",upto 5 consecutive draws,"Mon-Sun, 1 minute before draw time"
609,Cash Pop Prime Time,Georgia-Cash Pop Prime Time,"8:00 PM",US/Eastern,"08:00 PM",pick 1 numbers from 1 to 15.,"1/15",$250,"1 in 8250",F,F,https://www.galottery.com/en-us/games/draw-games/cash-pop.html#tab-howToPlay,,F,F,Active,"<table class=""table table-bordered""><thead><tr class=""result-table-heading""><td><h4>$1 PLAY</h4></td></tr></thead><tbody><tr><td><p>PRIZE</p></td><td><p>ODDS 1 IN:</p></td></tr><tr><td><p>$5</p></td><td><p>32</p></td></tr><tr><td><p>$7</p></td><td><p>75</p></td></tr><tr><td><p>$10</p></td><td><p>105</p></td></tr><tr><td><p>$15</p></td><td><p>165</p></td></tr><tr><td><p>$20</p></td><td><p>225</p></td></tr><tr><td><p>$25</p></td><td><p>825</p></td></tr><tr><td><p>$50</p></td><td><p>2,250</p></td></tr><tr><td><p>$100</p></td><td><p>4,500</p></td></tr><tr><td><p>$250</p></td><td><p>8,250</p></td></tr></tbody><table class=""table table-bordered""><thead><tr class=""result-table-heading""><th><h4>$2 PLAY</h4></th></tr></thead><tbody><tr><td><p>PRIZE</p></td><td><p>ODDS 1 IN:</p></td></tr><tr><td><p>$10</p></td><td><p>31</p></td></tr><tr><td><p>$14</p></td><td><p>90</p></td></tr><tr><td><p>$20</p></td><td><p>105</p></td></tr><tr><td><p>$30</p></td><td><p>150</p></td></tr><tr><td><p>$40</p></td><td><p>210</p></td></tr><tr><td><p>$50</p></td><td><p>525</p></td></tr><tr><td><p>$100</p></td><td><p>2,250</p></td></tr><tr><td><p>$200</p></td><td><p>4,500</p></td></tr><tr><td><p>$500</p></td><td><p>8,250</p></td></tr></tbody></table><table class=""table table-bordered""><thead><tr class=""result-table-heading""><th><h4>$5 PLAY</h4></th></tr></thead><tbody><tr><td><p>PRIZE</p></td><td><p>ODDS 1 IN:</p></td></tr><tr><td><p>$25</p></td><td><p>31</p></td></tr><tr><td><p>$35</p></td><td><p>105</p></td></tr><tr><td><p>$50</p></td><td><p>120</p></td></tr><tr><td><p>$75</p></td><td><p>150</p></td></tr><tr><td><p>$100</p></td><td><p>165</p></td></tr><tr><td><p>$125</p></td><td><p>360</p></td></tr><tr><td><p>$250</p></td><td><p>2,055</p></td></tr><tr><td><p>$500</p></td><td><p>4,500</p></td></tr><tr><td><p>$1,250</p></td><td><p>8,250</p></td></tr></tbody></table><h5>Overall Odds are 1 in 15 per Play.</h5>",F,"1","1/15","",F,F,,,"1$",upto 5 consecutive draws,"Mon-Sun, 1 minute before draw time"
610,Cash Pop Night Owl,Georgia-Cash Pop Night Owl,"11:59 PM",US/Eastern,"11:59 PM",pick 1 numbers from 1 to 15.,"1/15",$250,"1 in 8250",F,F,https://www.galottery.com/en-us/games/draw-games/cash-pop.html#tab-howToPlay,,F,F,Active,"<table class=""table table-bordered""><thead><tr class=""result-table-heading""><td><h4>$1 PLAY</h4></td></tr></thead><tbody><tr><td><p>PRIZE</p></td><td><p>ODDS 1 IN:</p></td></tr><tr><td><p>$5</p></td><td><p>32</p></td></tr><tr><td><p>$7</p></td><td><p>75</p></td></tr><tr><td><p>$10</p></td><td><p>105</p></td></tr><tr><td><p>$15</p></td><td><p>165</p></td></tr><tr><td><p>$20</p></td><td><p>225</p></td></tr><tr><td><p>$25</p></td><td><p>825</p></td></tr><tr><td><p>$50</p></td><td><p>2,250</p></td></tr><tr><td><p>$100</p></td><td><p>4,500</p></td></tr><tr><td><p>$250</p></td><td><p>8,250</p></td></tr></tbody><table class=""table table-bordered""><thead><tr class=""result-table-heading""><th><h4>$2 PLAY</h4></th></tr></thead><tbody><tr><td><p>PRIZE</p></td><td><p>ODDS 1 IN:</p></td></tr><tr><td><p>$10</p></td><td><p>31</p></td></tr><tr><td><p>$14</p></td><td><p>90</p></td></tr><tr><td><p>$20</p></td><td><p>105</p></td></tr><tr><td><p>$30</p></td><td><p>150</p></td></tr><tr><td><p>$40</p></td><td><p>210</p></td></tr><tr><td><p>$50</p></td><td><p>525</p></td></tr><tr><td><p>$100</p></td><td><p>2,250</p></td></tr><tr><td><p>$200</p></td><td><p>4,500</p></td></tr><tr><td><p>$500</p></td><td><p>8,250</p></td></tr></tbody></table><table class=""table table-bordered""><thead><tr class=""result-table-heading""><th><h4>$5 PLAY</h4></th></tr></thead><tbody><tr><td><p>PRIZE</p></td><td><p>ODDS 1 IN:</p></td></tr><tr><td><p>$25</p></td><td><p>31</p></td></tr><tr><td><p>$35</p></td><td><p>105</p></td></tr><tr><td><p>$50</p></td><td><p>120</p></td></tr><tr><td><p>$75</p></td><td><p>150</p></td></tr><tr><td><p>$100</p></td><td><p>165</p></td></tr><tr><td><p>$125</p></td><td><p>360</p></td></tr><tr><td><p>$250</p></td><td><p>2,055</p></td></tr><tr><td><p>$500</p></td><td><p>4,500</p></td></tr><tr><td><p>$1,250</p></td><td><p>8,250</p></td></tr></tbody></table><h5>Overall Odds are 1 in 15 per Play.</h5>",F,"1","1/15","",F,F,,,"1$",upto 5 consecutive draws,"Mon-Sun, 1 minute before draw time"
611,Take 5 Midday,New York-Take 5 Midday,"02:30 PM",US/Eastern,"02:30 PM",select 5 numbers from 1 to 39.,"5/39","","1 in 575,757",T,T,https://nylottery.ny.gov/draw-game?game=take5,,F,F,Active,"<table class=""table table-bordered""><thead><tr class=""result-table-heading""><th colspan=""4""><p><strong>Take 5 Evening prizes for Monday April 18th</strong></p></th></tr><tr><th><p><strong>Category</strong></p></th><th><p><strong>Winners</strong></p></th><th><p><strong>Prize Per Winner</strong></p></th><th><p><strong>Prize Fund Total</strong></p></th></tr></thead><tbody><tr><td><p><strong>Match 5</strong></p></td><td><p>0</p></td><td><p>$0.00</p></td><td><p>$0.00</p></td></tr><tr><td><p><strong>Match 4</strong></p></td><td><p>121</p></td><td><p>$777.50</p></td><td><p>$94,077.50</p></td></tr><tr><td><p><strong>Match 3</strong></p></td><td><p>4,226</p></td><td><p>$22.00</p></td><td><p>$92,972.00</p></td></tr><tr><td><p><strong>Match 2</strong></p></td><td><p>42,886</p></td><td><p>$1.00</p></td><td><p>$42,886.00</p></td></tr><tr><td><p><strong>Totals</strong></p></td><td><p>47,233</p></td><td><p>-</p></td><td><p>$229,935.50</p></td></tr></tbody></table><p>&nbsp;</p>",F,"5","5/39",NY5,T,F,,,"1$",Up to 7 consecutive drawings(both midday and eve),Before 15 minutes of time of draw
612,Pick 5,Louisiana-Pick 5,"09:59 PM",US/Central,"10:59 PM",Choose 5 digits from 0 to 9.,"5-Digits","$50,000","1 in  100,000",F,F,https://louisianalottery.com/pick-5,,F,F,Active,"<table class=""table table-bordered""><thead><tr class=""result-table-heading""><th><p><strong>PLAY TYPES</strong></p></th><th><p><strong>EXAMPLES</strong></p></th><th><p><strong>WINNING COMBINATIONS</strong></p></th><th><p><strong>50&cent; PLAY</strong></p></th><th><p><strong>$1.00 PLAY</strong></p></th></tr></thead><tbody><tr><td><p><strong>Straight<br /> (Exact Order)</strong></p></td></tr><tr><td><p><strong>12345</strong></p></td><td><p><strong>12345</strong></p></td><td><p><strong>$25,000</strong></p></td><td><p><strong>$50,000</strong></p></td></tr><tr><td><p><strong>5 digits in exact order. 1 Way to win. Odds - 1 in 100,000</strong></p></td></tr><tr><td><p><strong>Box<br /> (Any Order)</strong></p></td></tr><tr><td><p><strong>5-Way Box</strong></p></td><td><p><strong>11112</strong></p></td><td><p><strong>11112, 11121, 11211, 12111, 21111</strong></p></td><td><p><strong>$5,000</strong></p></td><td><p><strong>$10,000</strong></p></td></tr><tr><td><p><strong>4 identical digits in any order. Odds - 1 in 20,000</strong></p></td></tr><tr><td><p><strong>10-Way Box</strong></p></td><td><p><strong>11122</strong></p></td><td><p><strong>11122, 11212, 12112, 21112, 11221, 12121, 21121, 12211, 21211, 22111</strong></p></td><td><p><strong>$2,500</strong></p></td><td><p><strong>$5,000</strong></p></td></tr><tr><td><p><strong>3 identical digits plus 1 pair of identical digits in any order. Odds - 1 in 10,000</strong></p></td></tr><tr><td><p><strong>20-Way Box</strong></p></td><td><p><strong>11123</strong></p></td><td><p><strong>11123, 11213, 12113, 21113, 11132, 11312, 13112, 31112, 11231, 12131, 21131, 11321, 13121, 31121, 12311, 21311, 13211, 31211, 23111, 32111</strong></p></td><td><p><strong>$1,250</strong></p></td><td><p><strong>$2,500</strong></p></td></tr><tr><td><p><strong>3 identical digits in any order. Odds - 1 in 5,000</strong></p></td></tr><tr><td><p><strong>30-Way Box</strong></p></td><td><p><strong>11223</strong></p></td><td><p><strong>11223, 12123, 21123, 12213, 21213, 22113, 11232, 12132, 21132, 11322, 13122, 31122, 12312, 21312, 13212, 31212, 23112, 32112, 12231, 21231, 22131, 12321, 21321, 13221, 31221, 23121, 32121, 22311, 23211, 32211</strong></p></td><td><p><strong>$800</strong></p></td><td><p><strong>$1,600</strong></p></td></tr><tr><td><p><strong>2 pairs of identical digits in any order. Odds - 1 in 3,333</strong></p></td></tr><tr><td><p><strong>60-Way Box</strong></p></td><td><p><strong>11234</strong></p></td><td><p><strong>11234, 12134, 21134, 11324, 13124, 31124, 12314, 21314, 13214, 31214, 23114, 32114, 11243, 12143, 21143, 11423, 14123, 41123, 12413, 21413, 14213, 41213, 24113, 42113, 11342, 13142, 31142, 11432, 14132, 41132, 13412, 31412, 14312, 41312, 34112, 43112, 12341, 21341, 13241, 31241, 23141, 32141, 12431, 21431, 14231, 41231, 24131, 42131, 13421, 31421, 14321, 41321, 34121, 43121, 23411, 32411, 24311, 42311, 34211, 43211</strong></p></td><td><p><strong>$400</strong></p></td><td><p><strong>$800</strong></p></td></tr><tr><td><p><strong>2 identical digits in any order. Odds - 1 in 1,667</strong></p></td></tr><tr><td><p><strong>120-Way Box</strong></p></td><td><p><strong>12345</strong></p></td><td><p><strong>12345, 21345, 13245, 31245, 23145, 32145, 12435, 21435, 14235, 41235, 24135, 42135, 13425, 31425, 14325, 41325, 34125, 43125, 23415, 32415, 24315, 42315, 34215, 43215, 12354, 21354, 13254, 31254, 23154, 32154, 12534, 21534, 15234, 51234, 25134, 52134, 13524, 31524, 15324, 51324, 35124, 53124, 23514, 32514, 25314, 52314, 35214, 53214, 12453, 21453, 14253, 41253, 24153, 42153, 12543, 21543, 15243, 51243, 25143, 52143, 14523, 41523, 15423, 51423, 45123, 54123, 24513, 42513, 25413, 52413, 45213, 54213, 13452, 31452, 14352, 41352, 34152, 43152, 13542, 31542, 15342, 51342, 35142, 53142, 14532, 41532, 15432, 51432, 45132, 54132, 34512, 43512, 35412, 53412, 45312, 54312, 23451, 32451, 24351, 42351, 34251, 43251, 23541, 32541, 25341, 52341, 35241, 53241, 24531, 42531, 25431, 52431, 45231, 54231, 34521, 43521, 35421, 53421, 45321, 54321</strong></p></td><td><p><strong>$200</strong></p></td><td><p><strong>$400</strong></p></td></tr><tr><td><p><strong>5 unique digits in any order. Odds - 1 in 833</strong></p></td></tr><tr><td><p><strong>Straight/Box</strong></p></td></tr><tr><td><p><strong>5-Way Straight/Box</strong></p></td><td><p><strong>11112</strong></p></td><td><p><strong>11112 (Exact Order)</strong></p></td><td><p><strong>$30,000</strong></p></td></tr><tr><td><p><strong>11121, 11211, 12111, 21111<br /> (Any Order)</strong></p></td><td><p><strong>OR</strong></p><p><strong>$5,000</strong></p></td></tr><tr><td><p><strong>Straight and Box with 4 identical digits. Odds - 1 in 100,000 / 1 in 20,000</strong></p></td></tr><tr><td><p><strong>10-Way Straight/Box</strong></p></td><td><p><strong>11122</strong></p></td><td><p><strong>11122 (Exact Order)</strong></p></td><td><p><strong>$27,500</strong></p></td></tr><tr><td><p><strong>11212, 12112, 21112, 11221, 12121, 21121, 12211, 21211, 22111<br /> (Any Order)</strong></p></td><td><p><strong>OR</strong></p><p><strong>$2,500</strong></p></td></tr><tr><td><p><strong>Straight and Box with 3 identical digits plus 1 pair of identical digits. Odds - 1 in 100,000 / 1 in 10,000</strong></p></td></tr><tr><td><p><strong>20-Way Straight/Box</strong></p></td><td><p><strong>11123</strong></p></td><td><p><strong>11123 (Exact Order)</strong></p></td><td><p><strong>$26,250</strong></p></td></tr><tr><td><p><strong>11213, 12113, 21113, 11132, 11312, 13112, 31112, 11231, 12131, 21131, 11321, 13121, 31121, 12311, 21311, 13211, 31211, 23111, 32111<br /> (Any Order)</strong></p></td><td><p><strong>OR</strong></p><p><strong>$1,250</strong></p></td></tr><tr><td><p><strong>Straight and Box with 3 identical digits. Odds - 1 in 100,000 / 1 in 5,000</strong></p></td></tr><tr><td><p><strong>30-Way Straight/Box</strong></p></td><td><p><strong>11223</strong></p></td><td><p><strong>11223 (Exact Order)</strong></p></td><td><p><strong>$25,800</strong></p></td></tr><tr><td><p><strong>12123, 21123, 12213, 21213, 22113, 11232, 12132, 21132, 11322, 13122, 31122, 12312, 21312, 13212, 31212, 23112, 32112, 12231, 21231, 22131, 12321, 21321, 13221, 31221, 23121, 32121, 22311, 23211, 32211<br /> (Any Order)</strong></p></td><td><p><strong>OR</strong></p><p><strong>$800</strong></p></td></tr><tr><td><p><strong>Straight and Box with 2 pairs of identical digits. Odds - 1 in 100,000 / 1 in 3,333</strong></p></td></tr><tr><td><p><strong>60-Way Straight/Box</strong></p></td><td><p><strong>11234</strong></p></td><td><p><strong>11234 (Exact Order)</strong></p></td><td><p><strong>$25,400</strong></p></td></tr><tr><td><p><strong>12134, 21134, 11324, 13124, 31124, 12314, 21314, 13214, 31214, 23114, 32114, 11243, 12143, 21143, 11423, 14123, 41123, 12413, 21413, 14213, 41213, 24113, 42113, 11342, 13142, 31142, 11432, 14132, 41132, 13412, 31412, 14312, 41312, 34112, 43112, 12341, 21341, 13241, 31241, 23141, 32141, 12431, 21431, 14231, 41231, 24131, 42131, 13421, 31421, 14321, 41321, 34121, 43121, 23411, 32411, 24311, 42311, 34211, 43211<br /> (Any Order)</strong></p></td><td><p><strong>OR</strong></p><p><strong>$400</strong></p></td></tr><tr><td><p><strong>Straight and Box with 2 identical digits. Odds - 1 in 100,000 / 1 in 1,667</strong></p></td></tr><tr><td><p><strong>120-Way Straight/Box</strong></p></td><td><p><strong>12345</strong></p></td><td><p><strong>12345 (Exact Order)</strong></p></td><td><p><strong>$25,200</strong></p></td></tr><tr><td><p><strong>21345, 13245, 31245, 23145, 32145, 12435, 21435, 14235, 41235, 24135, 42135, 13425, 31425, 14325, 41325, 34125, 43125, 23415, 32415, 24315, 42315, 34215, 43215, 12354, 21354, 13254, 31254, 23154, 32154, 12534, 21534, 15234, 51234, 25134, 52134, 13524, 31524, 15324, 51324, 35124, 53124, 23514, 32514, 25314, 52314, 35214, 53214, 12453, 21453, 14253, 41253, 24153, 42153, 12543, 21543, 15243, 51243, 25143, 52143, 14523, 41523, 15423, 51423, 45123, 54123, 24513, 42513, 25413, 52413, 45213, 54213, 13452, 31452, 14352, 41352, 34152, 43152, 13542, 31542, 15342, 51342, 35142, 53142, 14532, 41532, 15432, 51432, 45132, 54132, 34512, 43512, 35412, 53412, 45312, 54312, 23451, 32451, 24351, 42351, 34251, 43251, 23541, 32541, 25341, 52341, 35241, 53241, 24531, 42531, 25431, 52431, 45231, 54231, 34521, 43521, 35421, 53421, 45321, 54321<br /> (Any Order)</strong></p></td><td><p><strong>OR</strong></p><p><strong>$200</strong></p></td></tr><tr><td><p><strong>Straight and Box with 5 unique digits. Odds - 1 in 100,000 / 1 in 833</strong></p></td></tr><tr><td><p><strong>Front/Back</strong></p></td></tr><tr><td><p><strong>Front 4</strong></p></td><td><p><strong>Wager 1234*<br /> Draw 12349</strong></p></td><td><p><strong>1234*</strong></p></td><td><p><strong>$2,500</strong></p></td><td><p><strong>$5,000</strong></p></td></tr><tr><td><p><strong>First four numbers in exact order. Odds - 1 in 10,000</strong></p></td></tr><tr><td><p><strong>Back 4</strong></p></td><td><p><strong>Wager 2345<br /> Draw 62345</strong></p></td><td><p><strong>*2345</strong></p></td><td><p><strong>$2,500</strong></p></td><td><p><strong>$5,000</strong></p></td></tr><tr><td><p><strong>Last four numbers in exact order. Odds - 1 in 10,000</strong></p></td></tr><tr><td><p><strong>Front 3</strong></p></td><td><p><strong>Wager 123*<br /> Draw 12379</strong></p></td><td><p><strong>123**</strong></p></td><td><p><strong>$250</strong></p></td><td><p><strong>$500</strong></p></td></tr><tr><td><p><strong>First three numbers in exact order. Odds - 1 in 1,000</strong></p></td></tr><tr><td><p><strong>Back 3</strong></p></td><td><p><strong>Wager 345<br /> Draw 60345</strong></p></td><td><p><strong>**345</strong></p></td><td><p><strong>$250</strong></p></td><td><p><strong>$500</strong></p></td></tr><tr><td><p><strong>Last three numbers in exact order. Odds - 1 in 1,000</strong></p></td></tr><tr><td><p><strong>Front Pair</strong></p></td><td><p><strong>Wager 12*<br /> Draw 12779</strong></p></td><td><p><strong>12***</strong></p></td><td><p><strong>$25</strong></p></td><td><p><strong>$50</strong></p></td></tr><tr><td><p><strong>First two numbers in exact order. Odds - 1 in 100</strong></p></td></tr><tr><td><p><strong>Back Pair</strong></p></td><td><p><strong>Wager ***45<br /> Draw 60845</strong></p></td><td><p><strong>***45</strong></p></td><td><p><strong>$25</strong></p></td><td><p><strong>$50</strong></p></td></tr><tr><td><p><strong>Last two numbers in exact order. Odds - 1 in 100</strong></p></td></tr></tbody></table>",F,"5","5-Digits",LAC,F,F,,,"1$",upto 14 consecutive draws,"Mon-Sun, 29 minutes before draw time"
613,Cash 4 Evening,Mississippi-Cash 4 Evening,"10:00 PM",US/Central,"11:00 PM",Choose 4 digits from 0 to 9.,"4-Digits+1","$5,000","1 in 10000",F,F,https://www.mslotteryhome.com/games/cash-4/,,F,F,Active,"<table class=""table table-bordered""><thead><tr class=""result-table-heading""><th><p><strong>Play Type</strong></p></th><th><p><strong>ODDS 1 in:</strong></p></th></tr></thead><tbody><tr><td><p><strong>Exact Order</strong></p></td><td><p>10,000</p></td></tr><tr><td><p><strong>Combo: 4-Way&nbsp;</strong><em>(Ticket cost $4)</em></p><p><strong>Combo: 6-Way&nbsp;</strong>(Ticket cost $6)</p><p><strong>Combo: 12-Way&nbsp;</strong>(Ticket cost $12)</p><p><strong>Combo: 24-Way&nbsp;</strong>(Ticket cost $24)</p></td><td><p>2,500</p><p>1,667</p><p>833</p><p>417</p></td></tr><tr><td><p><strong>Exact/Any: 4-Way</strong></p><p><strong>Exact/Any: 6-Way</strong></p><p><strong>Exact/Any: 12-Way</strong></p><p><strong>Exact/Any: 24-Way</strong></p></td><td><p>10,000 (Exact) / 2,500 (Any)</p><p>10,000 (Exact) / 1,667 (Any)</p><p>10,000 (Exact) / 833 (Any)</p><p>10,000 (Exact) / 417 (Any)</p></td></tr><tr><td><p><strong>Any: 4-Way</strong></p><p><strong>Any: 6-Way</strong></p><p><strong>Any: 12-Way</strong></p><p><strong>Any: 24-Way</strong></p></td><td><p>2,500</p><p>1,667</p><p>833</p><p>417</p></td></tr></tbody></table>",F,"4","4-Digits+1",MSC,F,F,,,"1$",upto 7 consecutive draws,N/A
614,Cash Pop Morning,Florida-Cash Pop Morning,"08:45 AM",US/Eastern,"08:45 AM",pick 1 numbers from 1 to 15.,"1/15",$250,"1 in 15,000",F,F,https://www.flalottery.com/site/cashPop,,F,F,Active," <table class=""table table-bordered""><thead><tr class=""result-table-heading""><th><p><strong>CASH POP &trade; Odds and Prizes</strong></p></th></tr><tr><th><p><strong>$1 CASH POP</strong></p></th><th><p><strong>$2 CASH POP</strong></p></th><th><p><strong>$5 CASH POP</strong></p></th></tr></thead><tbody><tr><td><p><strong>Prize</strong></p></td><td><p><strong>Odds (1 in)</strong></p></td><td><p><strong>Prize</strong></p></td><td><p><strong>Odds (1 in)</strong></p></td><td><p><strong>Prize</strong></p></td><td><p><strong>Odds (1 in)</strong></p></td></tr><tr><td><p>$5</p></td><td><p>31</p></td><td><p>$10</p></td><td><p>31</p></td><td><p>$25</p></td><td><p>30</p></td></tr><tr><td><p>$7</p></td><td><p>75</p></td><td><p>$14</p></td><td><p>90</p></td><td><p>$35</p></td><td><p>105</p></td></tr><tr><td><p>$10</p></td><td><p>105</p></td><td><p>$20</p></td><td><p>105</p></td><td><p>$50</p></td><td><p>120</p></td></tr><tr><td><p>$15</p></td><td><p>180</p></td><td><p>$30</p></td><td><p>150</p></td><td><p>$75</p></td><td><p>150</p></td></tr><tr><td><p>$20</p></td><td><p>270</p></td><td><p>$40</p></td><td><p>225</p></td><td><p>$100</p></td><td><p>180</p></td></tr><tr><td><p>$25</p></td><td><p>675</p></td><td><p>$50</p></td><td><p>525</p></td><td><p>$125</p></td><td><p>360</p></td></tr><tr><td><p>$50</p></td><td><p>2,625</p></td><td><p>$100</p></td><td><p>2,250</p></td><td><p>$250</p></td><td><p>2,100</p></td></tr><tr><td><p>$100</p></td><td><p>5,250</p></td><td><p>$200</p></td><td><p>4,500</p></td><td><p>$500</p></td><td><p>4,125</p></td></tr><tr><td><p>$250</p></td><td><p>15,000</p></td><td><p>$500</p></td><td><p>15,000</p></td><td><p>$1,250</p></td><td><p>15,000</p></td></tr><tr><td><p>Odds shown reflect odds of winning that prize.</p></td></tr></tbody></table>",F,"1","1/15","",F,F,,,"1$",upto 10 consecutive draws,"Mon-Sun, 1 minute before draw time"
615,Cash Pop Matinee,Florida-Cash Pop Matinee,"11:45 AM",US/Eastern,"02:45 PM",pick 1 numbers from 1 to 15.,"1/15",$250,"1 in 15,000",F,F,https://www.flalottery.com/site/cashPop,,F,F,Active," <table class=""table table-bordered""><thead><tr class=""result-table-heading""><th><p><strong>CASH POP &trade; Odds and Prizes</strong></p></th></tr><tr><th><p><strong>$1 CASH POP</strong></p></th><th><p><strong>$2 CASH POP</strong></p></th><th><p><strong>$5 CASH POP</strong></p></th></tr></thead><tbody><tr><td><p><strong>Prize</strong></p></td><td><p><strong>Odds (1 in)</strong></p></td><td><p><strong>Prize</strong></p></td><td><p><strong>Odds (1 in)</strong></p></td><td><p><strong>Prize</strong></p></td><td><p><strong>Odds (1 in)</strong></p></td></tr><tr><td><p>$5</p></td><td><p>31</p></td><td><p>$10</p></td><td><p>31</p></td><td><p>$25</p></td><td><p>30</p></td></tr><tr><td><p>$7</p></td><td><p>75</p></td><td><p>$14</p></td><td><p>90</p></td><td><p>$35</p></td><td><p>105</p></td></tr><tr><td><p>$10</p></td><td><p>105</p></td><td><p>$20</p></td><td><p>105</p></td><td><p>$50</p></td><td><p>120</p></td></tr><tr><td><p>$15</p></td><td><p>180</p></td><td><p>$30</p></td><td><p>150</p></td><td><p>$75</p></td><td><p>150</p></td></tr><tr><td><p>$20</p></td><td><p>270</p></td><td><p>$40</p></td><td><p>225</p></td><td><p>$100</p></td><td><p>180</p></td></tr><tr><td><p>$25</p></td><td><p>675</p></td><td><p>$50</p></td><td><p>525</p></td><td><p>$125</p></td><td><p>360</p></td></tr><tr><td><p>$50</p></td><td><p>2,625</p></td><td><p>$100</p></td><td><p>2,250</p></td><td><p>$250</p></td><td><p>2,100</p></td></tr><tr><td><p>$100</p></td><td><p>5,250</p></td><td><p>$200</p></td><td><p>4,500</p></td><td><p>$500</p></td><td><p>4,125</p></td></tr><tr><td><p>$250</p></td><td><p>15,000</p></td><td><p>$500</p></td><td><p>15,000</p></td><td><p>$1,250</p></td><td><p>15,000</p></td></tr><tr><td><p>Odds shown reflect odds of winning that prize.</p></td></tr></tbody></table>",F,"1","1/15","",F,F,,,"1$",upto 10 consecutive draws,"Mon-Sun, 1 minute before draw time"
616,Cash Pop Afternoon,Florida-Cash Pop Afternoon,"2:45 PM",US/Eastern,"06:45 PM",pick 1 numbers from 1 to 15.,"1/15",$250,"1 in 15,000",F,F,https://www.flalottery.com/site/cashPop,,F,F,Active," <table class=""table table-bordered""><thead><tr class=""result-table-heading""><th><p><strong>CASH POP &trade; Odds and Prizes</strong></p></th></tr><tr><th><p><strong>$1 CASH POP</strong></p></th><th><p><strong>$2 CASH POP</strong></p></th><th><p><strong>$5 CASH POP</strong></p></th></tr></thead><tbody><tr><td><p><strong>Prize</strong></p></td><td><p><strong>Odds (1 in)</strong></p></td><td><p><strong>Prize</strong></p></td><td><p><strong>Odds (1 in)</strong></p></td><td><p><strong>Prize</strong></p></td><td><p><strong>Odds (1 in)</strong></p></td></tr><tr><td><p>$5</p></td><td><p>31</p></td><td><p>$10</p></td><td><p>31</p></td><td><p>$25</p></td><td><p>30</p></td></tr><tr><td><p>$7</p></td><td><p>75</p></td><td><p>$14</p></td><td><p>90</p></td><td><p>$35</p></td><td><p>105</p></td></tr><tr><td><p>$10</p></td><td><p>105</p></td><td><p>$20</p></td><td><p>105</p></td><td><p>$50</p></td><td><p>120</p></td></tr><tr><td><p>$15</p></td><td><p>180</p></td><td><p>$30</p></td><td><p>150</p></td><td><p>$75</p></td><td><p>150</p></td></tr><tr><td><p>$20</p></td><td><p>270</p></td><td><p>$40</p></td><td><p>225</p></td><td><p>$100</p></td><td><p>180</p></td></tr><tr><td><p>$25</p></td><td><p>675</p></td><td><p>$50</p></td><td><p>525</p></td><td><p>$125</p></td><td><p>360</p></td></tr><tr><td><p>$50</p></td><td><p>2,625</p></td><td><p>$100</p></td><td><p>2,250</p></td><td><p>$250</p></td><td><p>2,100</p></td></tr><tr><td><p>$100</p></td><td><p>5,250</p></td><td><p>$200</p></td><td><p>4,500</p></td><td><p>$500</p></td><td><p>4,125</p></td></tr><tr><td><p>$250</p></td><td><p>15,000</p></td><td><p>$500</p></td><td><p>15,000</p></td><td><p>$1,250</p></td><td><p>15,000</p></td></tr><tr><td><p>Odds shown reflect odds of winning that prize.</p></td></tr></tbody></table>",F,"1","1/15","",F,F,,,"1$",upto 10 consecutive draws,"Mon-Sun, 1 minute before draw time"
617,Cash Pop Evening,Florida-Cash Pop Evening,"6:45 PM",US/Eastern,"06:45 PM",pick 1 numbers from 1 to 15.,"1/15",$250,"1 in 15,000",F,F,https://www.flalottery.com/site/cashPop,,F,F,Active," <table class=""table table-bordered""><thead><tr class=""result-table-heading""><th><p><strong>CASH POP &trade; Odds and Prizes</strong></p></th></tr><tr><th><p><strong>$1 CASH POP</strong></p></th><th><p><strong>$2 CASH POP</strong></p></th><th><p><strong>$5 CASH POP</strong></p></th></tr></thead><tbody><tr><td><p><strong>Prize</strong></p></td><td><p><strong>Odds (1 in)</strong></p></td><td><p><strong>Prize</strong></p></td><td><p><strong>Odds (1 in)</strong></p></td><td><p><strong>Prize</strong></p></td><td><p><strong>Odds (1 in)</strong></p></td></tr><tr><td><p>$5</p></td><td><p>31</p></td><td><p>$10</p></td><td><p>31</p></td><td><p>$25</p></td><td><p>30</p></td></tr><tr><td><p>$7</p></td><td><p>75</p></td><td><p>$14</p></td><td><p>90</p></td><td><p>$35</p></td><td><p>105</p></td></tr><tr><td><p>$10</p></td><td><p>105</p></td><td><p>$20</p></td><td><p>105</p></td><td><p>$50</p></td><td><p>120</p></td></tr><tr><td><p>$15</p></td><td><p>180</p></td><td><p>$30</p></td><td><p>150</p></td><td><p>$75</p></td><td><p>150</p></td></tr><tr><td><p>$20</p></td><td><p>270</p></td><td><p>$40</p></td><td><p>225</p></td><td><p>$100</p></td><td><p>180</p></td></tr><tr><td><p>$25</p></td><td><p>675</p></td><td><p>$50</p></td><td><p>525</p></td><td><p>$125</p></td><td><p>360</p></td></tr><tr><td><p>$50</p></td><td><p>2,625</p></td><td><p>$100</p></td><td><p>2,250</p></td><td><p>$250</p></td><td><p>2,100</p></td></tr><tr><td><p>$100</p></td><td><p>5,250</p></td><td><p>$200</p></td><td><p>4,500</p></td><td><p>$500</p></td><td><p>4,125</p></td></tr><tr><td><p>$250</p></td><td><p>15,000</p></td><td><p>$500</p></td><td><p>15,000</p></td><td><p>$1,250</p></td><td><p>15,000</p></td></tr><tr><td><p>Odds shown reflect odds of winning that prize.</p></td></tr></tbody></table>",F,"1","1/15","",F,F,,,"1$",upto 10 consecutive draws,"Mon-Sun, 1 minute before draw time"
618,Cash Pop Late Night,Florida-Cash Pop Late Night,"11:45 PM",US/Eastern,"11:45 PM",pick 1 numbers from 1 to 15.,"1/15",$250,"1 in 15,000",F,F,https://www.flalottery.com/site/cashPop,,F,F,Active," <table class=""table table-bordered""><thead><tr class=""result-table-heading""><th><p><strong>CASH POP &trade; Odds and Prizes</strong></p></th></tr><tr><th><p><strong>$1 CASH POP</strong></p></th><th><p><strong>$2 CASH POP</strong></p></th><th><p><strong>$5 CASH POP</strong></p></th></tr></thead><tbody><tr><td><p><strong>Prize</strong></p></td><td><p><strong>Odds (1 in)</strong></p></td><td><p><strong>Prize</strong></p></td><td><p><strong>Odds (1 in)</strong></p></td><td><p><strong>Prize</strong></p></td><td><p><strong>Odds (1 in)</strong></p></td></tr><tr><td><p>$5</p></td><td><p>31</p></td><td><p>$10</p></td><td><p>31</p></td><td><p>$25</p></td><td><p>30</p></td></tr><tr><td><p>$7</p></td><td><p>75</p></td><td><p>$14</p></td><td><p>90</p></td><td><p>$35</p></td><td><p>105</p></td></tr><tr><td><p>$10</p></td><td><p>105</p></td><td><p>$20</p></td><td><p>105</p></td><td><p>$50</p></td><td><p>120</p></td></tr><tr><td><p>$15</p></td><td><p>180</p></td><td><p>$30</p></td><td><p>150</p></td><td><p>$75</p></td><td><p>150</p></td></tr><tr><td><p>$20</p></td><td><p>270</p></td><td><p>$40</p></td><td><p>225</p></td><td><p>$100</p></td><td><p>180</p></td></tr><tr><td><p>$25</p></td><td><p>675</p></td><td><p>$50</p></td><td><p>525</p></td><td><p>$125</p></td><td><p>360</p></td></tr><tr><td><p>$50</p></td><td><p>2,625</p></td><td><p>$100</p></td><td><p>2,250</p></td><td><p>$250</p></td><td><p>2,100</p></td></tr><tr><td><p>$100</p></td><td><p>5,250</p></td><td><p>$200</p></td><td><p>4,500</p></td><td><p>$500</p></td><td><p>4,125</p></td></tr><tr><td><p>$250</p></td><td><p>15,000</p></td><td><p>$500</p></td><td><p>15,000</p></td><td><p>$1,250</p></td><td><p>15,000</p></td></tr><tr><td><p>Odds shown reflect odds of winning that prize.</p></td></tr></tbody></table>",F,"1","1/15","",F,F,,,"1$",upto 10 consecutive draws,"Mon-Sun, 1 minute before draw time"
619,Cash Pop EarlyBird,Missouri-Cash Pop EarlyBird,"08:00 AM",US/Central,"09:00 AM",Pick 1 numbers from 0-15 ,"1/15",$250,"1 in 15,000",F,F,https://molottery.com/CashPop/cashpop.jsp,,F,F,Active,"<table class=""table table-bordered""><thead><tr class=""result-table-heading""><th colspan=""3"">$1 PLAY</th></tr><tr><th>PRIZE</th><th >CHANCE OF RECEIVING PRIZE ON TICKET</th><th >CHANCES TO WIN</th></tr></thead><tbody><tr><td>$5</td><td>1 in 2.07</td><td>1 in 31.05</td></tr><tr><td>$7</td><td>1 in 5.00</td><td>1 in 75.00</td></tr><tr><td>$10</td><td>1 in 7.00</td><td>1 in 105.00</td></tr><tr><td>$15</td><td>1 in 12.00</td><td>1 in 180.00</td></tr><tr><td>$20</td><td>1 in 18.00</td><td>1 in 270.00</td></tr><tr><td>$25</td><td>1 in 42.00</td><td>1 in 630.00</td></tr><tr><td>$50</td><td>1 in 150.00</td><td>1 in 2,250.00</td></tr><tr><td>$100</td><td>1 in 275.00</td><td>1 in 4,125.00</td></tr><tr><td>$250</td><td>1 in 1,000.00</td><td>1 in 15,000.00</td></tr></tbody></table><table class=""table table-bordered""><thead><tr class=""result-table-heading""><th colspan=""3"">$2 PLAY</th></tr><tr><th>PRIZE</th><th >CHANCE OF RECEIVING PRIZE ON TICKET</th><th >CHANCES TO WIN</th></tr></thead><tbody><tr><td><strong>$10</strong></td><td>1 in 2.09</td><td>1 in 31.30</td></tr><tr><td><strong>$14</strong></td><td>1 in 6.00</td><td>1 in 90.00</td></tr><tr><td><strong>$20</strong></td><td>1 in 7.00</td><td>1 in 105.00</td></tr><tr><td><strong>$30</strong></td><td>1 in 10.00</td><td>1 in 150.00</td></tr><tr><td><strong>$40</strong></td><td>1 in 15.00</td><td>1 in 225.00</td></tr><tr><td><strong>$50</strong></td><td>1 in 30.00</td><td>1 in 450.00</td></tr><tr><td><strong>$100</strong></td><td>1 in 150.00</td><td>1 in 2,250.00</td></tr><tr><td><strong>$200</strong></td><td>1 in 275.00</td><td>1 in 4,125.00</td></tr><tr><td><strong>$500</strong></td><td>1 in 1,000.00</td><td>1 in 15,000.00</td></tr></tbody></table><table class=""table table-bordered""><thead><tr class=""result-table-heading""><th colspan=""3"">$5 PLAY</th></tr><tr><th>PRIZE</th><th >CHANCE OF RECEIVING PRIZE ON TICKET</th><th >CHANCES TO WIN</th></tr></thead><tbody><tr><td>$25</td><td>1 in 2.05</td><td>1 in 30.82</td></tr><tr><td>$35</td><td>1 in 7.00</td><td>1 in 105.00</td></tr><tr><td>$50</td><td>1 in 8.00</td><td>1 in 120.00</td></tr><tr><td>$75</td><td>1 in 10.00</td><td>1 in 150.00</td></tr><tr><td>$100</td><td>1 in 12.00</td><td>1 in 180.00</td></tr><tr><td>$125</td><td>1 in 20.00</td><td>1 in 300.00</td></tr><tr><td>$250</td><td>1 in 135.00</td><td>1 in 2,025.00</td></tr><tr><td>$500</td><td>1 in 275.00</td><td>1 in 4,125.00</td></tr><tr><td>$1250</td><td>1 in 1,000.00</td><td>1 in 15,000.00</td></tr></tbody></table><table class=""table table-bordered""><thead><tr class=""result-table-heading""><th colspan=""3"">$10 PLAY</th></tr><tr><th>PRIZE</th><th >CHANCE OF RECEIVING PRIZE ON TICKET</th><th >CHANCES TO WIN</th></tr></thead><tbody><tr><td><strong>$50</strong></td><td>1 in 2.13</td><td>1 in&nbsp;31.88</td></tr><tr><td><strong>$70</strong></td><td>1 in 7.00</td><td>1 in 105.00</td></tr><tr><td><strong>$100</strong></td><td>1 in 8.00</td><td>1 in 120.00</td></tr><tr><td><strong>$150</strong></td><td>1 in 10.00</td><td>1 in 150.00</td></tr><tr><td><strong>$200</strong></td><td>1 in 12.00</td><td>1 in 180.00</td></tr><tr><td><strong>$250</strong></td><td>1 in 16.00</td><td>1 in 240.00</td></tr><tr><td><strong>$500</strong></td><td>1 in 90.00</td><td>1 in 1,350.00</td></tr><tr><td><strong>$1,000</strong></td><td>1 in 275.00</td><td>1 in 4,125.00</td></tr><tr><td><strong>$2,500</strong></td><td>1 in 1,000.00</td><td>1 in 15,000.00</td></tr></tbody></table><p>&nbsp;</p><p class=""text-align-center"">Prizes are printed on Cash Pop tickets below each selected Pop. Prize amounts are variable and based on the dollar amount played per Pop.<br>Prize amounts are at least 5X the amount played per Pop.</p>",F,"1","1/15","",F,F,,,"1$",upto 15 consecutive draws,"Mon-Sun, 2:00-5:00 AM"
620,Cash Pop Late Morning,Missouri-Cash Pop Late Morning,"11:00 AM",US/Central,"12:00 PM",Pick 1 numbers from 0-15 ,"1/15",$250,"1 in 15,000",F,F,https://molottery.com/CashPop/cashpop.jsp,,F,F,Active,"<table class=""table table-bordered""><thead><tr class=""result-table-heading""><th colspan=""3"">$1 PLAY</th></tr><tr><th>PRIZE</th><th >CHANCE OF RECEIVING PRIZE ON TICKET</th><th >CHANCES TO WIN</th></tr></thead><tbody><tr><td>$5</td><td>1 in 2.07</td><td>1 in 31.05</td></tr><tr><td>$7</td><td>1 in 5.00</td><td>1 in 75.00</td></tr><tr><td>$10</td><td>1 in 7.00</td><td>1 in 105.00</td></tr><tr><td>$15</td><td>1 in 12.00</td><td>1 in 180.00</td></tr><tr><td>$20</td><td>1 in 18.00</td><td>1 in 270.00</td></tr><tr><td>$25</td><td>1 in 42.00</td><td>1 in 630.00</td></tr><tr><td>$50</td><td>1 in 150.00</td><td>1 in 2,250.00</td></tr><tr><td>$100</td><td>1 in 275.00</td><td>1 in 4,125.00</td></tr><tr><td>$250</td><td>1 in 1,000.00</td><td>1 in 15,000.00</td></tr></tbody></table><table class=""table table-bordered""><thead><tr class=""result-table-heading""><th colspan=""3"">$2 PLAY</th></tr><tr><th>PRIZE</th><th >CHANCE OF RECEIVING PRIZE ON TICKET</th><th >CHANCES TO WIN</th></tr></thead><tbody><tr><td><strong>$10</strong></td><td>1 in 2.09</td><td>1 in 31.30</td></tr><tr><td><strong>$14</strong></td><td>1 in 6.00</td><td>1 in 90.00</td></tr><tr><td><strong>$20</strong></td><td>1 in 7.00</td><td>1 in 105.00</td></tr><tr><td><strong>$30</strong></td><td>1 in 10.00</td><td>1 in 150.00</td></tr><tr><td><strong>$40</strong></td><td>1 in 15.00</td><td>1 in 225.00</td></tr><tr><td><strong>$50</strong></td><td>1 in 30.00</td><td>1 in 450.00</td></tr><tr><td><strong>$100</strong></td><td>1 in 150.00</td><td>1 in 2,250.00</td></tr><tr><td><strong>$200</strong></td><td>1 in 275.00</td><td>1 in 4,125.00</td></tr><tr><td><strong>$500</strong></td><td>1 in 1,000.00</td><td>1 in 15,000.00</td></tr></tbody></table><table class=""table table-bordered""><thead><tr class=""result-table-heading""><th colspan=""3"">$5 PLAY</th></tr><tr><th>PRIZE</th><th >CHANCE OF RECEIVING PRIZE ON TICKET</th><th >CHANCES TO WIN</th></tr></thead><tbody><tr><td>$25</td><td>1 in 2.05</td><td>1 in 30.82</td></tr><tr><td>$35</td><td>1 in 7.00</td><td>1 in 105.00</td></tr><tr><td>$50</td><td>1 in 8.00</td><td>1 in 120.00</td></tr><tr><td>$75</td><td>1 in 10.00</td><td>1 in 150.00</td></tr><tr><td>$100</td><td>1 in 12.00</td><td>1 in 180.00</td></tr><tr><td>$125</td><td>1 in 20.00</td><td>1 in 300.00</td></tr><tr><td>$250</td><td>1 in 135.00</td><td>1 in 2,025.00</td></tr><tr><td>$500</td><td>1 in 275.00</td><td>1 in 4,125.00</td></tr><tr><td>$1250</td><td>1 in 1,000.00</td><td>1 in 15,000.00</td></tr></tbody></table><table class=""table table-bordered""><thead><tr class=""result-table-heading""><th colspan=""3"">$10 PLAY</th></tr><tr><th>PRIZE</th><th >CHANCE OF RECEIVING PRIZE ON TICKET</th><th >CHANCES TO WIN</th></tr></thead><tbody><tr><td><strong>$50</strong></td><td>1 in 2.13</td><td>1 in&nbsp;31.88</td></tr><tr><td><strong>$70</strong></td><td>1 in 7.00</td><td>1 in 105.00</td></tr><tr><td><strong>$100</strong></td><td>1 in 8.00</td><td>1 in 120.00</td></tr><tr><td><strong>$150</strong></td><td>1 in 10.00</td><td>1 in 150.00</td></tr><tr><td><strong>$200</strong></td><td>1 in 12.00</td><td>1 in 180.00</td></tr><tr><td><strong>$250</strong></td><td>1 in 16.00</td><td>1 in 240.00</td></tr><tr><td><strong>$500</strong></td><td>1 in 90.00</td><td>1 in 1,350.00</td></tr><tr><td><strong>$1,000</strong></td><td>1 in 275.00</td><td>1 in 4,125.00</td></tr><tr><td><strong>$2,500</strong></td><td>1 in 1,000.00</td><td>1 in 15,000.00</td></tr></tbody></table><p>&nbsp;</p><p class=""text-align-center"">Prizes are printed on Cash Pop tickets below each selected Pop. Prize amounts are variable and based on the dollar amount played per Pop.<br>Prize amounts are at least 5X the amount played per Pop.</p>",F,"1","1/15","",F,F,,,"1$",upto 15 consecutive draws,"Mon-Sun, 2:00-5:00 AM"
621,Cash Pop Matinee,Missouri-Cash Pop Matinee,"11:00 PM",US/Central,"12:00 AM",Pick 1 numbers from 0-15 ,"1/15",$250,"1 in 15,000",F,F,https://molottery.com/CashPop/cashpop.jsp,,F,F,Active,"<table class=""table table-bordered""><thead><tr class=""result-table-heading""><th colspan=""3"">$1 PLAY</th></tr><tr><th>PRIZE</th><th >CHANCE OF RECEIVING PRIZE ON TICKET</th><th >CHANCES TO WIN</th></tr></thead><tbody><tr><td>$5</td><td>1 in 2.07</td><td>1 in 31.05</td></tr><tr><td>$7</td><td>1 in 5.00</td><td>1 in 75.00</td></tr><tr><td>$10</td><td>1 in 7.00</td><td>1 in 105.00</td></tr><tr><td>$15</td><td>1 in 12.00</td><td>1 in 180.00</td></tr><tr><td>$20</td><td>1 in 18.00</td><td>1 in 270.00</td></tr><tr><td>$25</td><td>1 in 42.00</td><td>1 in 630.00</td></tr><tr><td>$50</td><td>1 in 150.00</td><td>1 in 2,250.00</td></tr><tr><td>$100</td><td>1 in 275.00</td><td>1 in 4,125.00</td></tr><tr><td>$250</td><td>1 in 1,000.00</td><td>1 in 15,000.00</td></tr></tbody></table><table class=""table table-bordered""><thead><tr class=""result-table-heading""><th colspan=""3"">$2 PLAY</th></tr><tr><th>PRIZE</th><th >CHANCE OF RECEIVING PRIZE ON TICKET</th><th >CHANCES TO WIN</th></tr></thead><tbody><tr><td><strong>$10</strong></td><td>1 in 2.09</td><td>1 in 31.30</td></tr><tr><td><strong>$14</strong></td><td>1 in 6.00</td><td>1 in 90.00</td></tr><tr><td><strong>$20</strong></td><td>1 in 7.00</td><td>1 in 105.00</td></tr><tr><td><strong>$30</strong></td><td>1 in 10.00</td><td>1 in 150.00</td></tr><tr><td><strong>$40</strong></td><td>1 in 15.00</td><td>1 in 225.00</td></tr><tr><td><strong>$50</strong></td><td>1 in 30.00</td><td>1 in 450.00</td></tr><tr><td><strong>$100</strong></td><td>1 in 150.00</td><td>1 in 2,250.00</td></tr><tr><td><strong>$200</strong></td><td>1 in 275.00</td><td>1 in 4,125.00</td></tr><tr><td><strong>$500</strong></td><td>1 in 1,000.00</td><td>1 in 15,000.00</td></tr></tbody></table><table class=""table table-bordered""><thead><tr class=""result-table-heading""><th colspan=""3"">$5 PLAY</th></tr><tr><th>PRIZE</th><th >CHANCE OF RECEIVING PRIZE ON TICKET</th><th >CHANCES TO WIN</th></tr></thead><tbody><tr><td>$25</td><td>1 in 2.05</td><td>1 in 30.82</td></tr><tr><td>$35</td><td>1 in 7.00</td><td>1 in 105.00</td></tr><tr><td>$50</td><td>1 in 8.00</td><td>1 in 120.00</td></tr><tr><td>$75</td><td>1 in 10.00</td><td>1 in 150.00</td></tr><tr><td>$100</td><td>1 in 12.00</td><td>1 in 180.00</td></tr><tr><td>$125</td><td>1 in 20.00</td><td>1 in 300.00</td></tr><tr><td>$250</td><td>1 in 135.00</td><td>1 in 2,025.00</td></tr><tr><td>$500</td><td>1 in 275.00</td><td>1 in 4,125.00</td></tr><tr><td>$1250</td><td>1 in 1,000.00</td><td>1 in 15,000.00</td></tr></tbody></table><table class=""table table-bordered""><thead><tr class=""result-table-heading""><th colspan=""3"">$10 PLAY</th></tr><tr><th>PRIZE</th><th >CHANCE OF RECEIVING PRIZE ON TICKET</th><th >CHANCES TO WIN</th></tr></thead><tbody><tr><td><strong>$50</strong></td><td>1 in 2.13</td><td>1 in&nbsp;31.88</td></tr><tr><td><strong>$70</strong></td><td>1 in 7.00</td><td>1 in 105.00</td></tr><tr><td><strong>$100</strong></td><td>1 in 8.00</td><td>1 in 120.00</td></tr><tr><td><strong>$150</strong></td><td>1 in 10.00</td><td>1 in 150.00</td></tr><tr><td><strong>$200</strong></td><td>1 in 12.00</td><td>1 in 180.00</td></tr><tr><td><strong>$250</strong></td><td>1 in 16.00</td><td>1 in 240.00</td></tr><tr><td><strong>$500</strong></td><td>1 in 90.00</td><td>1 in 1,350.00</td></tr><tr><td><strong>$1,000</strong></td><td>1 in 275.00</td><td>1 in 4,125.00</td></tr><tr><td><strong>$2,500</strong></td><td>1 in 1,000.00</td><td>1 in 15,000.00</td></tr></tbody></table><p>&nbsp;</p><p class=""text-align-center"">Prizes are printed on Cash Pop tickets below each selected Pop. Prize amounts are variable and based on the dollar amount played per Pop.<br>Prize amounts are at least 5X the amount played per Pop.</p>",F,"1","1/15","",F,F,,,"1$",upto 15 consecutive draws,"Mon-Sun, 2:00-5:00 AM"
622,Cash Pop PrimeTime,Missouri-Cash Pop PrimeTime,"03:00 PM",US/Central,"04:00 PM",Pick 1 numbers from 0-15 ,"1/15",$250,"1 in 15,000",F,F,https://molottery.com/CashPop/cashpop.jsp,,F,F,Active,"<table class=""table table-bordered""><thead><tr class=""result-table-heading""><th colspan=""3"">$1 PLAY</th></tr><tr><th>PRIZE</th><th >CHANCE OF RECEIVING PRIZE ON TICKET</th><th >CHANCES TO WIN</th></tr></thead><tbody><tr><td>$5</td><td>1 in 2.07</td><td>1 in 31.05</td></tr><tr><td>$7</td><td>1 in 5.00</td><td>1 in 75.00</td></tr><tr><td>$10</td><td>1 in 7.00</td><td>1 in 105.00</td></tr><tr><td>$15</td><td>1 in 12.00</td><td>1 in 180.00</td></tr><tr><td>$20</td><td>1 in 18.00</td><td>1 in 270.00</td></tr><tr><td>$25</td><td>1 in 42.00</td><td>1 in 630.00</td></tr><tr><td>$50</td><td>1 in 150.00</td><td>1 in 2,250.00</td></tr><tr><td>$100</td><td>1 in 275.00</td><td>1 in 4,125.00</td></tr><tr><td>$250</td><td>1 in 1,000.00</td><td>1 in 15,000.00</td></tr></tbody></table><table class=""table table-bordered""><thead><tr class=""result-table-heading""><th colspan=""3"">$2 PLAY</th></tr><tr><th>PRIZE</th><th >CHANCE OF RECEIVING PRIZE ON TICKET</th><th >CHANCES TO WIN</th></tr></thead><tbody><tr><td><strong>$10</strong></td><td>1 in 2.09</td><td>1 in 31.30</td></tr><tr><td><strong>$14</strong></td><td>1 in 6.00</td><td>1 in 90.00</td></tr><tr><td><strong>$20</strong></td><td>1 in 7.00</td><td>1 in 105.00</td></tr><tr><td><strong>$30</strong></td><td>1 in 10.00</td><td>1 in 150.00</td></tr><tr><td><strong>$40</strong></td><td>1 in 15.00</td><td>1 in 225.00</td></tr><tr><td><strong>$50</strong></td><td>1 in 30.00</td><td>1 in 450.00</td></tr><tr><td><strong>$100</strong></td><td>1 in 150.00</td><td>1 in 2,250.00</td></tr><tr><td><strong>$200</strong></td><td>1 in 275.00</td><td>1 in 4,125.00</td></tr><tr><td><strong>$500</strong></td><td>1 in 1,000.00</td><td>1 in 15,000.00</td></tr></tbody></table><table class=""table table-bordered""><thead><tr class=""result-table-heading""><th colspan=""3"">$5 PLAY</th></tr><tr><th>PRIZE</th><th >CHANCE OF RECEIVING PRIZE ON TICKET</th><th >CHANCES TO WIN</th></tr></thead><tbody><tr><td>$25</td><td>1 in 2.05</td><td>1 in 30.82</td></tr><tr><td>$35</td><td>1 in 7.00</td><td>1 in 105.00</td></tr><tr><td>$50</td><td>1 in 8.00</td><td>1 in 120.00</td></tr><tr><td>$75</td><td>1 in 10.00</td><td>1 in 150.00</td></tr><tr><td>$100</td><td>1 in 12.00</td><td>1 in 180.00</td></tr><tr><td>$125</td><td>1 in 20.00</td><td>1 in 300.00</td></tr><tr><td>$250</td><td>1 in 135.00</td><td>1 in 2,025.00</td></tr><tr><td>$500</td><td>1 in 275.00</td><td>1 in 4,125.00</td></tr><tr><td>$1250</td><td>1 in 1,000.00</td><td>1 in 15,000.00</td></tr></tbody></table><table class=""table table-bordered""><thead><tr class=""result-table-heading""><th colspan=""3"">$10 PLAY</th></tr><tr><th>PRIZE</th><th >CHANCE OF RECEIVING PRIZE ON TICKET</th><th >CHANCES TO WIN</th></tr></thead><tbody><tr><td><strong>$50</strong></td><td>1 in 2.13</td><td>1 in&nbsp;31.88</td></tr><tr><td><strong>$70</strong></td><td>1 in 7.00</td><td>1 in 105.00</td></tr><tr><td><strong>$100</strong></td><td>1 in 8.00</td><td>1 in 120.00</td></tr><tr><td><strong>$150</strong></td><td>1 in 10.00</td><td>1 in 150.00</td></tr><tr><td><strong>$200</strong></td><td>1 in 12.00</td><td>1 in 180.00</td></tr><tr><td><strong>$250</strong></td><td>1 in 16.00</td><td>1 in 240.00</td></tr><tr><td><strong>$500</strong></td><td>1 in 90.00</td><td>1 in 1,350.00</td></tr><tr><td><strong>$1,000</strong></td><td>1 in 275.00</td><td>1 in 4,125.00</td></tr><tr><td><strong>$2,500</strong></td><td>1 in 1,000.00</td><td>1 in 15,000.00</td></tr></tbody></table><p>&nbsp;</p><p class=""text-align-center"">Prizes are printed on Cash Pop tickets below each selected Pop. Prize amounts are variable and based on the dollar amount played per Pop.<br>Prize amounts are at least 5X the amount played per Pop.</p>",F,"1","1/15","",F,F,,,"1$",upto 15 consecutive draws,"Mon-Sun, 2:00-5:00 AM"
623,Cash Pop Night Owl,Missouri-Cash Pop Night Owl,"07:00 PM",US/Central,"08:00 PM",Pick 1 numbers from 0-15 ,"1/15",$250,"1 in 15,000",F,F,https://molottery.com/CashPop/cashpop.jsp,,F,F,Active,"<table class=""table table-bordered""><thead><tr class=""result-table-heading""><th colspan=""3"">$1 PLAY</th></tr><tr><th>PRIZE</th><th >CHANCE OF RECEIVING PRIZE ON TICKET</th><th >CHANCES TO WIN</th></tr></thead><tbody><tr><td>$5</td><td>1 in 2.07</td><td>1 in 31.05</td></tr><tr><td>$7</td><td>1 in 5.00</td><td>1 in 75.00</td></tr><tr><td>$10</td><td>1 in 7.00</td><td>1 in 105.00</td></tr><tr><td>$15</td><td>1 in 12.00</td><td>1 in 180.00</td></tr><tr><td>$20</td><td>1 in 18.00</td><td>1 in 270.00</td></tr><tr><td>$25</td><td>1 in 42.00</td><td>1 in 630.00</td></tr><tr><td>$50</td><td>1 in 150.00</td><td>1 in 2,250.00</td></tr><tr><td>$100</td><td>1 in 275.00</td><td>1 in 4,125.00</td></tr><tr><td>$250</td><td>1 in 1,000.00</td><td>1 in 15,000.00</td></tr></tbody></table><table class=""table table-bordered""><thead><tr class=""result-table-heading""><th colspan=""3"">$2 PLAY</th></tr><tr><th>PRIZE</th><th >CHANCE OF RECEIVING PRIZE ON TICKET</th><th >CHANCES TO WIN</th></tr></thead><tbody><tr><td><strong>$10</strong></td><td>1 in 2.09</td><td>1 in 31.30</td></tr><tr><td><strong>$14</strong></td><td>1 in 6.00</td><td>1 in 90.00</td></tr><tr><td><strong>$20</strong></td><td>1 in 7.00</td><td>1 in 105.00</td></tr><tr><td><strong>$30</strong></td><td>1 in 10.00</td><td>1 in 150.00</td></tr><tr><td><strong>$40</strong></td><td>1 in 15.00</td><td>1 in 225.00</td></tr><tr><td><strong>$50</strong></td><td>1 in 30.00</td><td>1 in 450.00</td></tr><tr><td><strong>$100</strong></td><td>1 in 150.00</td><td>1 in 2,250.00</td></tr><tr><td><strong>$200</strong></td><td>1 in 275.00</td><td>1 in 4,125.00</td></tr><tr><td><strong>$500</strong></td><td>1 in 1,000.00</td><td>1 in 15,000.00</td></tr></tbody></table><table class=""table table-bordered""><thead><tr class=""result-table-heading""><th colspan=""3"">$5 PLAY</th></tr><tr><th>PRIZE</th><th >CHANCE OF RECEIVING PRIZE ON TICKET</th><th >CHANCES TO WIN</th></tr></thead><tbody><tr><td>$25</td><td>1 in 2.05</td><td>1 in 30.82</td></tr><tr><td>$35</td><td>1 in 7.00</td><td>1 in 105.00</td></tr><tr><td>$50</td><td>1 in 8.00</td><td>1 in 120.00</td></tr><tr><td>$75</td><td>1 in 10.00</td><td>1 in 150.00</td></tr><tr><td>$100</td><td>1 in 12.00</td><td>1 in 180.00</td></tr><tr><td>$125</td><td>1 in 20.00</td><td>1 in 300.00</td></tr><tr><td>$250</td><td>1 in 135.00</td><td>1 in 2,025.00</td></tr><tr><td>$500</td><td>1 in 275.00</td><td>1 in 4,125.00</td></tr><tr><td>$1250</td><td>1 in 1,000.00</td><td>1 in 15,000.00</td></tr></tbody></table><table class=""table table-bordered""><thead><tr class=""result-table-heading""><th colspan=""3"">$10 PLAY</th></tr><tr><th>PRIZE</th><th >CHANCE OF RECEIVING PRIZE ON TICKET</th><th >CHANCES TO WIN</th></tr></thead><tbody><tr><td><strong>$50</strong></td><td>1 in 2.13</td><td>1 in&nbsp;31.88</td></tr><tr><td><strong>$70</strong></td><td>1 in 7.00</td><td>1 in 105.00</td></tr><tr><td><strong>$100</strong></td><td>1 in 8.00</td><td>1 in 120.00</td></tr><tr><td><strong>$150</strong></td><td>1 in 10.00</td><td>1 in 150.00</td></tr><tr><td><strong>$200</strong></td><td>1 in 12.00</td><td>1 in 180.00</td></tr><tr><td><strong>$250</strong></td><td>1 in 16.00</td><td>1 in 240.00</td></tr><tr><td><strong>$500</strong></td><td>1 in 90.00</td><td>1 in 1,350.00</td></tr><tr><td><strong>$1,000</strong></td><td>1 in 275.00</td><td>1 in 4,125.00</td></tr><tr><td><strong>$2,500</strong></td><td>1 in 1,000.00</td><td>1 in 15,000.00</td></tr></tbody></table><p>&nbsp;</p><p class=""text-align-center"">Prizes are printed on Cash Pop tickets below each selected Pop. Prize amounts are variable and based on the dollar amount played per Pop.<br>Prize amounts are at least 5X the amount played per Pop.</p>",F,"1","1/15","",F,F,,,"1$",upto 15 consecutive draws,"Mon-Sun, 2:00-5:00 AM"
624,Cash Pop Midday,South Carolina-Cash Pop Midday,"12:59 PM",US/Eastern,"12:59 PM",Pick 1 pop (number) between 1 to 15,"1/15",$250,"1 in 15",F,F,https://www.sceducationlottery.com/Games/CashPOP,,F,F,Active,"<table class=""table table-bordered""><thead><tr class=""result-table-heading""><th colspan=""8""><p><strong>CASH POP &trade; Odds and Prizes</strong></p></th></tr><tr><th colspan=""2""><p><strong>$1 CASH POP</strong></p></th><th colspan=""2""><p><strong>$2 CASH POP</strong></p></th><th colspan=""2""><p><strong>$5 CASH POP</strong></p></th><th colspan=""2""><p><strong>$10 CASH POP</strong></p></th></tr></thead><tbody><tr><td><p><strong>Prize</strong></p></td><td><p><strong>Odds (1 in)</strong></p></td><td><p><strong>Prize</strong></p></td><td><p><strong>Odds (1 in)</strong></p></td><td><p><strong>Prize</strong></p></td><td><p><strong>Odds (1 in)</strong></p></td><td><p><strong>Prize</strong></p></td><td><p><strong>Odds (1 in)</strong></p></td></tr><tr><td><p>$5</p></td><td><p>31</p></td><td><p>$10</p></td><td><p>31</p></td><td><p>$25</p></td><td><p>31</p></td><td><p>$50</p></td><td><p>32</p></td></tr><tr><td><p>$7</p></td><td><p>75</p></td><td><p>$14</p></td><td><p>90</p></td><td><p>$35</p></td><td><p>105</p></td><td><p>$70</p></td><td><p>105</p></td></tr><tr><td><p>$10</p></td><td><p>105</p></td><td><p>$20</p></td><td><p>105</p></td><td><p>$50</p></td><td><p>120</p></td><td><p>$100</p></td><td><p>120</p></td></tr><tr><td><p>$15</p></td><td><p>180</p></td><td><p>$30</p></td><td><p>150</p></td><td><p>$75</p></td><td><p>150</p></td><td><p>$150</p></td><td><p>150</p></td></tr><tr><td><p>$20</p></td><td><p>270</p></td><td><p>$40</p></td><td><p>225</p></td><td><p>$100</p></td><td><p>180</p></td><td><p>$200</p></td><td><p>180</p></td></tr><tr><td><p>$25</p></td><td><p>630</p></td><td><p>$50</p></td><td><p>450</p></td><td><p>$125</p></td><td><p>300</p></td><td><p>$250</p></td><td><p>240</p></td></tr><tr><td><p>$50</p></td><td><p>2,250</p></td><td><p>$100</p></td><td><p>2,250</p></td><td><p>$250</p></td><td><p>2,025</p></td><td><p>$500</p></td><td><p>1,350</p></td></tr><tr><td><p>$100</p></td><td><p>4,125</p></td><td><p>$200</p></td><td><p>4,125</p></td><td><p>$500</p></td><td><p>4,125</p></td><td><p>$1,000</p></td><td><p>4,125</p></td></tr><tr><td><p>$250</p></td><td><p>15,000</p></td><td><p>$500</p></td><td><p>15,000</p></td><td><p>$1,250</p></td><td><p>15,000</p></td><td><p>$2,500</p></td><td><p>15,000</p></td></tr><tr><td colspan=""8""><p>The overall odds of winning any Cash Pop prize are 1 in 15.</p></td></tr></tbody></table>",F,"1","1/15","",F,F,,,"1$",Up to 6 consecutive drawings(both day and eve),Before 14 minutes of time of draw
625,Cash Pop Evening,South Carolina-Cash Pop Evening,"06:59 PM",US/Eastern,"06:59 PM",Pick 1 pop (number) between 1 to 15,"1/15",$250,"1 in 15",F,F,https://www.sceducationlottery.com/Games/CashPOP,,F,F,Active,"<table class=""table table-bordered""><thead><tr class=""result-table-heading""><th colspan=""8""><p><strong>CASH POP &trade; Odds and Prizes</strong></p></th></tr><tr><th colspan=""2""><p><strong>$1 CASH POP</strong></p></th><th colspan=""2""><p><strong>$2 CASH POP</strong></p></th><th colspan=""2""><p><strong>$5 CASH POP</strong></p></th><th colspan=""2""><p><strong>$10 CASH POP</strong></p></th></tr></thead><tbody><tr><td><p><strong>Prize</strong></p></td><td><p><strong>Odds (1 in)</strong></p></td><td><p><strong>Prize</strong></p></td><td><p><strong>Odds (1 in)</strong></p></td><td><p><strong>Prize</strong></p></td><td><p><strong>Odds (1 in)</strong></p></td><td><p><strong>Prize</strong></p></td><td><p><strong>Odds (1 in)</strong></p></td></tr><tr><td><p>$5</p></td><td><p>31</p></td><td><p>$10</p></td><td><p>31</p></td><td><p>$25</p></td><td><p>31</p></td><td><p>$50</p></td><td><p>32</p></td></tr><tr><td><p>$7</p></td><td><p>75</p></td><td><p>$14</p></td><td><p>90</p></td><td><p>$35</p></td><td><p>105</p></td><td><p>$70</p></td><td><p>105</p></td></tr><tr><td><p>$10</p></td><td><p>105</p></td><td><p>$20</p></td><td><p>105</p></td><td><p>$50</p></td><td><p>120</p></td><td><p>$100</p></td><td><p>120</p></td></tr><tr><td><p>$15</p></td><td><p>180</p></td><td><p>$30</p></td><td><p>150</p></td><td><p>$75</p></td><td><p>150</p></td><td><p>$150</p></td><td><p>150</p></td></tr><tr><td><p>$20</p></td><td><p>270</p></td><td><p>$40</p></td><td><p>225</p></td><td><p>$100</p></td><td><p>180</p></td><td><p>$200</p></td><td><p>180</p></td></tr><tr><td><p>$25</p></td><td><p>630</p></td><td><p>$50</p></td><td><p>450</p></td><td><p>$125</p></td><td><p>300</p></td><td><p>$250</p></td><td><p>240</p></td></tr><tr><td><p>$50</p></td><td><p>2,250</p></td><td><p>$100</p></td><td><p>2,250</p></td><td><p>$250</p></td><td><p>2,025</p></td><td><p>$500</p></td><td><p>1,350</p></td></tr><tr><td><p>$100</p></td><td><p>4,125</p></td><td><p>$200</p></td><td><p>4,125</p></td><td><p>$500</p></td><td><p>4,125</p></td><td><p>$1,000</p></td><td><p>4,125</p></td></tr><tr><td><p>$250</p></td><td><p>15,000</p></td><td><p>$500</p></td><td><p>15,000</p></td><td><p>$1,250</p></td><td><p>15,000</p></td><td><p>$2,500</p></td><td><p>15,000</p></td></tr><tr><td colspan=""8""><p>The overall odds of winning any Cash Pop prize are 1 in 15.</p></td></tr></tbody></table>",F,"1","1/15","",F,F,,,"1$",Up to 6 consecutive drawings(both day and eve),Before 14 minutes of time of draw
626,Cash 3 Midday,Mississippi-Cash 3 Midday,"03:00 PM",US/Central,"04:00 PM",Choose 3 digits from 0 to 9.,"3-Digits+1",$500,"1 in 1000",F,F,https://www.mslotteryhome.com/games/cash-3/,,F,F,Active,"<table class=""table table-bordered""><thead><tr class=""result-table-heading""><th><strong>Play Types</strong></th><th><strong>Example</strong></th><th><strong>Odds</strong></th><th colspan=""2"">Prize Payouts</th></tr></thead><tbody><tr><td colspan=""3""><p><strong>Exact Order</strong></p></td><td><p><strong>50 Cent Play</strong></p></td><td><p><strong>$1.00 Play</strong></p></td></tr><tr><td>Plays 3 digits in exact order(1 way to win)</td><td><p><strong>123</strong></p></td><td><p><strong>1 in 1,000</strong></p></td><td><p><strong>$250</strong></p></td><td><p><strong>$500</strong></p></td></tr><tr><td colspan=""3""><p><strong>3-Way Any Order</strong></p></td><td><p><strong>50 Cent Play</strong></p></td><td><p><strong>$1.00 Play</strong></p></td></tr><tr><td>Plays 3 digits, 2 of which are identical, in any order(3 ways to win)</td><td><p><strong>122, 212, 221</strong></p></td><td><p><strong>1 in 333</strong></p></td><td><p><strong>$80</strong></p></td><td><p><strong>$160</strong></p></td></tr><tr><td colspan=""3""><p><strong>6-Way Any Order</strong></p></td><td><p><strong>50 Cent Play</strong></p></td><td><p><strong>$1.00 Play</strong></p></td></tr><tr><td>Play 3 unique digits in any order(6 ways to win)</td><td><p><strong>123, 132, 213, 231, 312, 321</strong></p></td><td><p><strong>1 in 167</strong></p></td><td><p><strong>$40</strong></p></td><td><p><strong>$80</strong></p></td></tr><tr><td colspan=""3""><p><strong>Exact Order / 3-Way Any Order</strong></p></td><td><p><strong>Exact Order for $1.00 Play</strong></p></td><td><p><strong>Any Order for $1.00 Play</strong></p></td></tr><tr><td>Play exact and any order with 3 digits, 2 of which are identical(3 ways to win)</td><td><p><strong>Exact: 122 / Any Order: 212, 221</strong></p></td><td><p><strong>1 in 1,000 (Exact) / 1 in 333 (Any)</strong></p></td><td><p><strong>$330</strong></p></td><td><p><strong>$80</strong></p></td></tr><tr><td colspan=""3""><p><strong>Exact Order / 6-Way Any Order</strong></p></td><td><p><strong>Exact Order for $1.00 Play</strong></p></td><td><p><strong>Any Order for $1.00 Play</strong></p></td></tr><tr><td>Play exact and any order with 3 unique digits(6 ways to win)</td><td><p><strong>Exact: 123 / Any Order: 132, 213, 231, 312, 321</strong></p></td><td><p><strong>1 in 1,000 (Exact) / 1 in 167 (Any)</strong></p></td><td><p><strong>$290</strong></p></td><td><p><strong>$40</strong></p></td></tr><tr><td colspan=""3""><p><strong>3-Way Combo</strong></p></td><td colspan=""2""><p><strong>$3.00 Play</strong></p></td></tr><tr><td>3 straight plays with 3 digits, 2 which are identical(3 ways to win)</td><td><p><strong>122, 212, 221</strong></p></td><td><p><strong>1 in 333</strong></p></td><td colspan=""2""><p><strong>$500</strong></p></td></tr><tr><td colspan=""3""><p><strong>6-Way Combo</strong></p></td><td colspan=""2""><p><strong>$6.00 Play</strong></p></td></tr><tr><td>6 straight plays with 3 unique digits (6 ways to win)</td><td><p><strong>123, 132, 213, 231, 312, 321</strong></p></td><td><p><strong>1 in 167</strong></p></td><td colspan=""2""><p><strong>$500</strong></p></td></tr></tbody></table>",F,"3+1","3-Digits+1","",F,F,,,"1$",upto 7 consecutive draws,N/A
627,Cash 4 Midday,Mississippi-Cash 4 Midday,"03:00 PM",US/Central,"04:00 PM",Choose 4 digits from 0 to 9.,"4-Digits+1","$5,000","1 in 10000",F,F,https://www.mslotteryhome.com/games/cash-4/,,F,F,Active,"<table class=""table table-bordered""><thead<tr class=""result-table-heading""><th><strong>Play Types</strong></th><th><strong>Odds</strong></th><th colspan=""2"">Prize Payouts</th></tr></thead><tbody><tr><td><p><strong>Exact Order</strong></p></td><td><p><strong>1 in 10,000</strong></p></td><td><p><strong>50 Cent Play</strong></p></td><td><p><strong>$1.00 Play</strong></p></td></tr><tr><td colspan=""2""></td><td><p><strong>$2,500</strong></p></td><td><p><strong>$5,000</strong></p></td></tr><tr><td><p><strong>4-Way Combo</strong></p></td><td><p><strong>1 in 2,500</strong></p></td><td><p><strong>$4 Play</strong></p></td><td><p><strong>$5,000</strong></p></td></tr><tr><td><p><strong>6-Way Combo</strong></p></td><td><p><strong>1 in 1,667</strong></p></td><td><p><strong>$6 Play</strong></p></td><td><p><strong>$5,000</strong></p></td></tr><tr><td><p><strong>12-Way Combo</strong></p></td><td><p><strong>1 in 833</strong></p></td><td><p><strong>$12 Play</strong></p></td><td><p><strong>$5,000</strong></p></td></tr><tr><td><p><strong>24-Way Combo</strong></p></td><td><p><strong>1 in 417</strong></p></td><td><p><strong>$24 Play</strong></p></td><td><p><strong>$5,000</strong></p></td></tr><tr><td><p><strong>Exact/Any: 4-Way</strong></p></td><td><p><strong>1 in 10,000 (Exact) / 2,500 (Any)</strong></p></td><td><p><strong>$1 Play(Exact Order)</strong></p></td><td><p><strong>$1 Play(Any Order)</strong></p></td></tr><tr><td colspan=""2""></td><td><p><strong>$3,100</strong></p></td><td><p><strong>$600</strong></p></td></tr><tr><td><p><strong>Exact/Any: 6-Way</strong></p></td><td><p><strong>1 in 10,000 (Exact) / 1,667 (Any)</strong></p></td><td><p><strong>$1 Play(Exact Order)</strong></p></td><td><p><strong>$1 Play(Any Order)</strong></p></td></tr><tr><td colspan=""2""></td><td><p><strong>$2,900</strong></p></td><td><p><strong>$400</strong></p></td></tr><tr><td><p><strong>Exact/Any: 12-Way</strong></p></td><td><p><strong>1 in 10,000 (Exact) / 833 (Any)</strong></p></td><td><p><strong>$1 Play(Exact Order)</strong></p></td><td><p><strong>$1 Play(Any Order)</strong></p></td></tr><tr><td colspan=""2""></td><td><p><strong>$2,700</strong></p></td><td><p><strong>$200</strong></p></td></tr><tr><td><p><strong>Exact/Any: 24-Way</strong></p></td><td><p><strong>1 in 10,000 (Exact) / 417 (Any)</strong></p></td><td><p><strong>$1 Play(Exact Order)</strong></p></td><td><p><strong>$1 Play(Any Order)</strong></p></td></tr><tr><td colspan=""2""></td><td><p><strong>$2,600</strong></p></td><td><p><strong>$100</strong></p></td></tr><tr><td><p><strong>4-Way Any Order</strong></p></td><td><p><strong>1 in 2,500</strong></p></td><td><p><strong>50 Cent Play</strong></p></td><td><p><strong>$1.00 Play</strong></p></td></tr><tr><td colspan=""2""></td><td><p><strong>$600</strong></p></td><td><p><strong>$1,200</strong></p></td></tr><tr><td><p><strong>6-Way Any Order</strong></p></td><td><p><strong>1 in 1,667</strong></p></td><td><p><strong>50 Cent Play</strong></p></td><td><p><strong>$1.00 Play</strong></p></td></tr><tr><td colspan=""2""></td><td><p><strong>$400</strong></p></td><td><p><strong>$800</strong></p></td></tr><tr><td><p><strong>12-Way Any Order</strong></p></td><td><p><strong>1 in 833</strong></p></td><td><p><strong>50 Cent Play</strong></p></td><td><p><strong>$1.00 Play</strong></p></td></tr><tr><td colspan=""2""></td><td><p><strong>$200</strong></p></td><td><p><strong>$400</strong></p></td></tr><tr><td><p><strong>24-Way Any Order</strong></p></td><td><p><strong>1 in 417</strong></p></td><td><p><strong>50 Cent Play</strong></p></td><td><p><strong>$1.00 Play</strong></p></td></tr><tr><td colspan=""2""></td><td><p><strong>$100</strong></p></td><td><p><strong>$200</strong></p></td></tr></tbody></table>",F,"4+1","4-Digits+1","",F,F,,,"1$",upto 7 consecutive draws,N/A
628,Lotto,Arkansas-Lotto,"09:00 PM",US/Central,"10:00 PM",Pick 6 numbers from 1 to 40,"6/40+1/40",,"1 in 3,838,380",T,F,https://www.myarkansaslottery.com/games/lotto,,F,F,Active,"<table class=""table table-bordered""><thead><tr class=""result-table-heading""><th>Match</th><th>Prize</th><th>Odds</th></tr></thead><tbody><tr><td>Match 6</td><td>Jackpot **</td><td>1 in 3,838,380</td></tr><tr><td>Match 5 + Bonus</td><td>$25,000</td><td>1 in 639,730</td></tr><tr><td>Match 5 </td><td>$1,500</td><td>1 in 19,036</td></tr><tr><td>Match 4 + Bonus </td><td>$500</td><td>1 in 7,754</td></tr><tr><td>Match 4  </td><td>$25</td><td>1 in 485</td></tr><tr><td>Match 3 + Bonus  </td><td>$10</td><td>1 in 364</td></tr><tr><td>Match 3  </td><td>$2</td><td>1 in 35</td></tr><tr><td>Match 2 + Bonus</td><td>$3</td><td>1 in 47</td></tr></tbody></table>",F,"6+1","6/40+1(Bonus)","",T,T,,,"2$",upto 20 consecutive draws,"Wed and Sat, 1 minutes before draw time"
629,Pick 5 Midday,Maryland-Pick 5 Midday,"12:28 PM",US/Eastern,"12:28 PM",Choose 5 digits from 0 to 9.,"5-Digits","$50,000","1 in 100,000",F,F,https://www.mdlottery.com/games/pick-3-pick-4-pick-5/,,F,F,Active,"<p class=""text text-success"">All prize amounts based on wager of $1 ticket price.</p><table class=""table table-bordered""><thead><tr class=""result-table-heading""><th scope=""col"">Match</th><th scope=""col"">Prize&nbsp;Amount</th><th scope=""col"">Odds</th></tr></thead><tbody><tr><td>Straight</td><td>$50,000</td><td>1 in 100,000</td></tr><tr><td>Box (60-way)</td><td>$800</td><td>1 in 1,666.67</td></tr><tr><td>Front 4 in exact order</td><td>$5,000</td><td>1 in 10,000</td></tr><tr><td>Back 4 in exact order</td><td>$5,000</td><td>1 in 10,000</td></tr><tr><td>Front 3 in exact order</td><td>$500</td><td>1 in 1,000</td></tr><tr><td>Back 3 in exact order</td><td>$500</td><td>1 in 1,000</td></tr><tr><td>Front 2 in exact order</td><td>$50</td><td>1 in 100</td></tr><tr><td>Back 2 in exact order</td><td>$50</td><td>1 in 100</td></tr></tbody></table>",F,"5","5-digits","",F,F,,,"1$",upto 7 consecutive draws,"Mon-Sun, 14 minutes before draw time"
630,Pick 5 Evening,Maryland-Pick 5 Evening,"07:56 PM",US/Eastern,"07:56 PM",Choose 5 digits from 0 to 9.,"5-Digits","$50,000","1 in 100,000",F,F,https://www.mdlottery.com/games/pick-3-pick-4-pick-5/,,F,F,Active,"<p class=""text text-success"">All prize amounts based on wager of $1 ticket price.</p><table class=""table table-bordered""><thead><tr class=""result-table-heading""><th scope=""col"">Match</th><th scope=""col"">Prize&nbsp;Amount</th><th scope=""col"">Odds</th></tr></thead><tbody><tr><td>Straight</td><td>$50,000</td><td>1 in 100,000</td></tr><tr><td>Box (60-way)</td><td>$800</td><td>1 in 1,666.67</td></tr><tr><td>Front 4 in exact order</td><td>$5,000</td><td>1 in 10,000</td></tr><tr><td>Back 4 in exact order</td><td>$5,000</td><td>1 in 10,000</td></tr><tr><td>Front 3 in exact order</td><td>$500</td><td>1 in 1,000</td></tr><tr><td>Back 3 in exact order</td><td>$500</td><td>1 in 1,000</td></tr><tr><td>Front 2 in exact order</td><td>$50</td><td>1 in 100</td></tr><tr><td>Back 2 in exact order</td><td>$50</td><td>1 in 100</td></tr></tbody></table>",F,"5","5-digits","",F,F,,,"1$",upto 7 consecutive draws,"Mon-Sun, 15 minutes before draw time"
631,Cash Pop Coffee Break,Virginia-Cash Pop Coffee Break,"09:00 AM",US/Eastern,"09:00 AM",pick 1 pop(number) from 1 to 15.,"1/15","$2,500","1 in 31.05",F,F,valottery.com/data/draw-games/cashpop,,F,F,Active,"<table class=""table table-bordered""><thead><tr class=""result-table-heading""><th >Match</th><th >Prize&nbsp;Amount</th><th >Odds</th></tr></thead><tbody><tr><td>Prize level 1</td><td>$250 <span class=""text text-success"">$1&nbsp;ticket&nbsp;cost</span></td><td>1 in 15,000</td></tr><tr><td>Prize level 2</td><td>$100 <span class=""text text-success"">$1&nbsp;ticket&nbsp;cost</span></td><td>1 in 4,125</td></tr><tr><td>Prize level 3</td><td>$50 <span class=""text text-success"">$1&nbsp;ticket&nbsp;cost</span></td><td>1 in 2,250</td></tr><tr><td>Prize level 4</td><td>$25 <span class=""text text-success"">$1&nbsp;ticket&nbsp;cost</span></td><td>1 in 630</td></tr><tr><td>Prize level 5</td><td>$20 <span class=""text text-success"">$1&nbsp;ticket&nbsp;cost</span></td><td>1 in 270</td></tr><tr><td>Prize level 6</td><td>$15 <span class=""text text-success"">$1&nbsp;ticket&nbsp;cost</span></td><td>1 in 180</td></tr><tr><td>Prize level 7</td><td>$10 <span class=""text text-success"">$1&nbsp;ticket&nbsp;cost</span></td><td>1 in 105</td></tr><tr><td>Prize level 8</td><td>$7 <span class=""text text-success"">$1&nbsp;ticket&nbsp;cost</span></td><td>1 in 75</td></tr><tr><td>Prize level 9</td><td>$5 <span class=""text text-success"">$1&nbsp;ticket&nbsp;cost</span></td><td>1 in 31</td></tr><tr><td>Prize level 1</td><td>$500 <span class=""text text-success"">$2&nbsp;ticket&nbsp;cost</span></td><td>1 in 15,000</td></tr><tr><td>Prize level 2</td><td>$200 <span class=""text text-success"">$2&nbsp;ticket&nbsp;cost</span></td><td>1 in 4,125</td></tr><tr><td>Prize level 3</td><td>$100 <span class=""text text-success"">$2&nbsp;ticket&nbsp;cost</span></td><td>1 in 2,250</td></tr><tr><td>Prize level 4</td><td>$50 <span class=""text text-success"">$2&nbsp;ticket&nbsp;cost</span></td><td>1 in 450</td></tr><tr><td>Prize level 5</td><td>$40 <span class=""text text-success"">$2&nbsp;ticket&nbsp;cost</span></td><td>1 in 225</td></tr><tr><td>Prize level 6</td><td>$30 <span class=""text text-success"">$2&nbsp;ticket&nbsp;cost</span></td><td>1 in 150</td></tr><tr><td>Prize level 7</td><td>$20 <span class=""text text-success"">$2&nbsp;ticket&nbsp;cost</span></td><td>1 in 105</td></tr><tr><td>Prize level 8</td><td>$14 <span class=""text text-success"">$2&nbsp;ticket&nbsp;cost</span></td><td>1 in 90</td></tr><tr><td>Prize level 9</td><td>$10 <span class=""text text-success"">$2&nbsp;ticket&nbsp;cost</span></td><td>1 in 31</td></tr><tr><td>Prize level 1</td><td>$1,250 <span class=""text text-success"">$5&nbsp;ticket&nbsp;cost</span></td><td>1 in 15,000</td></tr><tr><td>Prize level 2</td><td>$500 <span class=""text text-success"">$5&nbsp;ticket&nbsp;cost</span></td><td>1 in 4,125</td></tr><tr><td>Prize level 3</td><td>$250 <span class=""text text-success"">$5&nbsp;ticket&nbsp;cost</span></td><td>1 in 2,025</td></tr><tr><td>Prize level 4</td><td>$125 <span class=""text text-success"">$5&nbsp;ticket&nbsp;cost</span></td><td>1 in 300</td></tr><tr><td>Prize level 5</td><td>$100 <span class=""text text-success"">$5&nbsp;ticket&nbsp;cost</span></td><td>1 in 180</td></tr><tr><td>Prize level 6</td><td>$75 <span class=""text text-success"">$5&nbsp;ticket&nbsp;cost</span></td><td>1 in 150</td></tr><tr><td>Prize level 7</td><td>$50 <span class=""text text-success"">$5&nbsp;ticket&nbsp;cost</span></td><td>1 in 120</td></tr><tr><td>Prize level 8</td><td>$35 <span class=""text text-success"">$5&nbsp;ticket&nbsp;cost</span></td><td>1 in 105</td></tr><tr><td>Prize level 9</td><td>$25 <span class=""text text-success"">$5&nbsp;ticket&nbsp;cost</span></td><td>1 in 31</td></tr><tr><td>Prize level 1</td><td>$2,500 <span class=""text text-success"">$10&nbsp;ticket&nbsp;cost</span></td><td>1 in 15,000</td></tr><tr><td>Prize level 2</td><td>$1,000 <span class=""text text-success"">$10&nbsp;ticket&nbsp;cost</span></td><td>1 in 4,125</td></tr><tr><td>Prize level 3</td><td>$500 <span class=""text text-success"">$10&nbsp;ticket&nbsp;cost</span></td><td>1 in 1,350</td></tr><tr><td>Prize level 4</td><td>$250 <span class=""text text-success"">$10&nbsp;ticket&nbsp;cost</span></td><td>1 in 240</td></tr><tr><td>Prize level 5</td><td>$200 <span class=""text text-success"">$10&nbsp;ticket&nbsp;cost</span></td><td>1 in 180</td></tr><tr><td>Prize level 6</td><td>$150 <span class=""text text-success"">$10&nbsp;ticket&nbsp;cost</span></td><td>1 in 150</td></tr><tr><td>Prize level 7</td><td>$100 <span class=""text text-success"">$10&nbsp;ticket&nbsp;cost</span></td><td>1 in 120</td></tr><tr><td>Prize level 8</td><td>$70 <span class=""text text-success"">$10&nbsp;ticket&nbsp;cost</span></td><td>1 in 105</td></tr><tr><td>Prize level 9</td><td>$50 <span class=""text text-success"">$10&nbsp;ticket&nbsp;cost</span></td><td>1 in 32</td></tr></tbody></table>",F,"1","1/15","",F,F,,,"1$","Up to 5 draws (including coffee break, lunch break, rush time, prime time, and after-hours draws)","5 minutes prior to draw time"
632,Cash Pop Lunch Break,Virginia-Cash Pop Lunch Break,"12:00 PM",US/Eastern,"12:00 PM",pick 1 pop(number) from 1 to 15.,"1/15","$2,500","1 in 31.05",F,F,valottery.com/data/draw-games/cashpop,,F,F,Active,"<table class=""table table-bordered""><thead><tr class=""result-table-heading""><th >Match</th><th >Prize&nbsp;Amount</th><th >Odds</th></tr></thead><tbody><tr><td>Prize level 1</td><td>$250 <span class=""text text-success"">$1&nbsp;ticket&nbsp;cost</span></td><td>1 in 15,000</td></tr><tr><td>Prize level 2</td><td>$100 <span class=""text text-success"">$1&nbsp;ticket&nbsp;cost</span></td><td>1 in 4,125</td></tr><tr><td>Prize level 3</td><td>$50 <span class=""text text-success"">$1&nbsp;ticket&nbsp;cost</span></td><td>1 in 2,250</td></tr><tr><td>Prize level 4</td><td>$25 <span class=""text text-success"">$1&nbsp;ticket&nbsp;cost</span></td><td>1 in 630</td></tr><tr><td>Prize level 5</td><td>$20 <span class=""text text-success"">$1&nbsp;ticket&nbsp;cost</span></td><td>1 in 270</td></tr><tr><td>Prize level 6</td><td>$15 <span class=""text text-success"">$1&nbsp;ticket&nbsp;cost</span></td><td>1 in 180</td></tr><tr><td>Prize level 7</td><td>$10 <span class=""text text-success"">$1&nbsp;ticket&nbsp;cost</span></td><td>1 in 105</td></tr><tr><td>Prize level 8</td><td>$7 <span class=""text text-success"">$1&nbsp;ticket&nbsp;cost</span></td><td>1 in 75</td></tr><tr><td>Prize level 9</td><td>$5 <span class=""text text-success"">$1&nbsp;ticket&nbsp;cost</span></td><td>1 in 31</td></tr><tr><td>Prize level 1</td><td>$500 <span class=""text text-success"">$2&nbsp;ticket&nbsp;cost</span></td><td>1 in 15,000</td></tr><tr><td>Prize level 2</td><td>$200 <span class=""text text-success"">$2&nbsp;ticket&nbsp;cost</span></td><td>1 in 4,125</td></tr><tr><td>Prize level 3</td><td>$100 <span class=""text text-success"">$2&nbsp;ticket&nbsp;cost</span></td><td>1 in 2,250</td></tr><tr><td>Prize level 4</td><td>$50 <span class=""text text-success"">$2&nbsp;ticket&nbsp;cost</span></td><td>1 in 450</td></tr><tr><td>Prize level 5</td><td>$40 <span class=""text text-success"">$2&nbsp;ticket&nbsp;cost</span></td><td>1 in 225</td></tr><tr><td>Prize level 6</td><td>$30 <span class=""text text-success"">$2&nbsp;ticket&nbsp;cost</span></td><td>1 in 150</td></tr><tr><td>Prize level 7</td><td>$20 <span class=""text text-success"">$2&nbsp;ticket&nbsp;cost</span></td><td>1 in 105</td></tr><tr><td>Prize level 8</td><td>$14 <span class=""text text-success"">$2&nbsp;ticket&nbsp;cost</span></td><td>1 in 90</td></tr><tr><td>Prize level 9</td><td>$10 <span class=""text text-success"">$2&nbsp;ticket&nbsp;cost</span></td><td>1 in 31</td></tr><tr><td>Prize level 1</td><td>$1,250 <span class=""text text-success"">$5&nbsp;ticket&nbsp;cost</span></td><td>1 in 15,000</td></tr><tr><td>Prize level 2</td><td>$500 <span class=""text text-success"">$5&nbsp;ticket&nbsp;cost</span></td><td>1 in 4,125</td></tr><tr><td>Prize level 3</td><td>$250 <span class=""text text-success"">$5&nbsp;ticket&nbsp;cost</span></td><td>1 in 2,025</td></tr><tr><td>Prize level 4</td><td>$125 <span class=""text text-success"">$5&nbsp;ticket&nbsp;cost</span></td><td>1 in 300</td></tr><tr><td>Prize level 5</td><td>$100 <span class=""text text-success"">$5&nbsp;ticket&nbsp;cost</span></td><td>1 in 180</td></tr><tr><td>Prize level 6</td><td>$75 <span class=""text text-success"">$5&nbsp;ticket&nbsp;cost</span></td><td>1 in 150</td></tr><tr><td>Prize level 7</td><td>$50 <span class=""text text-success"">$5&nbsp;ticket&nbsp;cost</span></td><td>1 in 120</td></tr><tr><td>Prize level 8</td><td>$35 <span class=""text text-success"">$5&nbsp;ticket&nbsp;cost</span></td><td>1 in 105</td></tr><tr><td>Prize level 9</td><td>$25 <span class=""text text-success"">$5&nbsp;ticket&nbsp;cost</span></td><td>1 in 31</td></tr><tr><td>Prize level 1</td><td>$2,500 <span class=""text text-success"">$10&nbsp;ticket&nbsp;cost</span></td><td>1 in 15,000</td></tr><tr><td>Prize level 2</td><td>$1,000 <span class=""text text-success"">$10&nbsp;ticket&nbsp;cost</span></td><td>1 in 4,125</td></tr><tr><td>Prize level 3</td><td>$500 <span class=""text text-success"">$10&nbsp;ticket&nbsp;cost</span></td><td>1 in 1,350</td></tr><tr><td>Prize level 4</td><td>$250 <span class=""text text-success"">$10&nbsp;ticket&nbsp;cost</span></td><td>1 in 240</td></tr><tr><td>Prize level 5</td><td>$200 <span class=""text text-success"">$10&nbsp;ticket&nbsp;cost</span></td><td>1 in 180</td></tr><tr><td>Prize level 6</td><td>$150 <span class=""text text-success"">$10&nbsp;ticket&nbsp;cost</span></td><td>1 in 150</td></tr><tr><td>Prize level 7</td><td>$100 <span class=""text text-success"">$10&nbsp;ticket&nbsp;cost</span></td><td>1 in 120</td></tr><tr><td>Prize level 8</td><td>$70 <span class=""text text-success"">$10&nbsp;ticket&nbsp;cost</span></td><td>1 in 105</td></tr><tr><td>Prize level 9</td><td>$50 <span class=""text text-success"">$10&nbsp;ticket&nbsp;cost</span></td><td>1 in 32</td></tr></tbody></table>",F,"1","1/15","",F,F,,,"1$","Up to 5 draws (including coffee break, lunch break, rush time, prime time, and after-hours draws)","5 minutes prior to draw time"
633,Cash Pop Rush Hour,Virginia-Cash Pop Rush Hour,"05:00 PM",US/Eastern,"05:00 PM",pick 1 pop(number) from 1 to 15.,"1/15","$2,500","1 in 31.05",F,F,valottery.com/data/draw-games/cashpop,,F,F,Active,"<table class=""table table-bordered""><thead><tr class=""result-table-heading""><th >Match</th><th >Prize&nbsp;Amount</th><th >Odds</th></tr></thead><tbody><tr><td>Prize level 1</td><td>$250 <span class=""text text-success"">$1&nbsp;ticket&nbsp;cost</span></td><td>1 in 15,000</td></tr><tr><td>Prize level 2</td><td>$100 <span class=""text text-success"">$1&nbsp;ticket&nbsp;cost</span></td><td>1 in 4,125</td></tr><tr><td>Prize level 3</td><td>$50 <span class=""text text-success"">$1&nbsp;ticket&nbsp;cost</span></td><td>1 in 2,250</td></tr><tr><td>Prize level 4</td><td>$25 <span class=""text text-success"">$1&nbsp;ticket&nbsp;cost</span></td><td>1 in 630</td></tr><tr><td>Prize level 5</td><td>$20 <span class=""text text-success"">$1&nbsp;ticket&nbsp;cost</span></td><td>1 in 270</td></tr><tr><td>Prize level 6</td><td>$15 <span class=""text text-success"">$1&nbsp;ticket&nbsp;cost</span></td><td>1 in 180</td></tr><tr><td>Prize level 7</td><td>$10 <span class=""text text-success"">$1&nbsp;ticket&nbsp;cost</span></td><td>1 in 105</td></tr><tr><td>Prize level 8</td><td>$7 <span class=""text text-success"">$1&nbsp;ticket&nbsp;cost</span></td><td>1 in 75</td></tr><tr><td>Prize level 9</td><td>$5 <span class=""text text-success"">$1&nbsp;ticket&nbsp;cost</span></td><td>1 in 31</td></tr><tr><td>Prize level 1</td><td>$500 <span class=""text text-success"">$2&nbsp;ticket&nbsp;cost</span></td><td>1 in 15,000</td></tr><tr><td>Prize level 2</td><td>$200 <span class=""text text-success"">$2&nbsp;ticket&nbsp;cost</span></td><td>1 in 4,125</td></tr><tr><td>Prize level 3</td><td>$100 <span class=""text text-success"">$2&nbsp;ticket&nbsp;cost</span></td><td>1 in 2,250</td></tr><tr><td>Prize level 4</td><td>$50 <span class=""text text-success"">$2&nbsp;ticket&nbsp;cost</span></td><td>1 in 450</td></tr><tr><td>Prize level 5</td><td>$40 <span class=""text text-success"">$2&nbsp;ticket&nbsp;cost</span></td><td>1 in 225</td></tr><tr><td>Prize level 6</td><td>$30 <span class=""text text-success"">$2&nbsp;ticket&nbsp;cost</span></td><td>1 in 150</td></tr><tr><td>Prize level 7</td><td>$20 <span class=""text text-success"">$2&nbsp;ticket&nbsp;cost</span></td><td>1 in 105</td></tr><tr><td>Prize level 8</td><td>$14 <span class=""text text-success"">$2&nbsp;ticket&nbsp;cost</span></td><td>1 in 90</td></tr><tr><td>Prize level 9</td><td>$10 <span class=""text text-success"">$2&nbsp;ticket&nbsp;cost</span></td><td>1 in 31</td></tr><tr><td>Prize level 1</td><td>$1,250 <span class=""text text-success"">$5&nbsp;ticket&nbsp;cost</span></td><td>1 in 15,000</td></tr><tr><td>Prize level 2</td><td>$500 <span class=""text text-success"">$5&nbsp;ticket&nbsp;cost</span></td><td>1 in 4,125</td></tr><tr><td>Prize level 3</td><td>$250 <span class=""text text-success"">$5&nbsp;ticket&nbsp;cost</span></td><td>1 in 2,025</td></tr><tr><td>Prize level 4</td><td>$125 <span class=""text text-success"">$5&nbsp;ticket&nbsp;cost</span></td><td>1 in 300</td></tr><tr><td>Prize level 5</td><td>$100 <span class=""text text-success"">$5&nbsp;ticket&nbsp;cost</span></td><td>1 in 180</td></tr><tr><td>Prize level 6</td><td>$75 <span class=""text text-success"">$5&nbsp;ticket&nbsp;cost</span></td><td>1 in 150</td></tr><tr><td>Prize level 7</td><td>$50 <span class=""text text-success"">$5&nbsp;ticket&nbsp;cost</span></td><td>1 in 120</td></tr><tr><td>Prize level 8</td><td>$35 <span class=""text text-success"">$5&nbsp;ticket&nbsp;cost</span></td><td>1 in 105</td></tr><tr><td>Prize level 9</td><td>$25 <span class=""text text-success"">$5&nbsp;ticket&nbsp;cost</span></td><td>1 in 31</td></tr><tr><td>Prize level 1</td><td>$2,500 <span class=""text text-success"">$10&nbsp;ticket&nbsp;cost</span></td><td>1 in 15,000</td></tr><tr><td>Prize level 2</td><td>$1,000 <span class=""text text-success"">$10&nbsp;ticket&nbsp;cost</span></td><td>1 in 4,125</td></tr><tr><td>Prize level 3</td><td>$500 <span class=""text text-success"">$10&nbsp;ticket&nbsp;cost</span></td><td>1 in 1,350</td></tr><tr><td>Prize level 4</td><td>$250 <span class=""text text-success"">$10&nbsp;ticket&nbsp;cost</span></td><td>1 in 240</td></tr><tr><td>Prize level 5</td><td>$200 <span class=""text text-success"">$10&nbsp;ticket&nbsp;cost</span></td><td>1 in 180</td></tr><tr><td>Prize level 6</td><td>$150 <span class=""text text-success"">$10&nbsp;ticket&nbsp;cost</span></td><td>1 in 150</td></tr><tr><td>Prize level 7</td><td>$100 <span class=""text text-success"">$10&nbsp;ticket&nbsp;cost</span></td><td>1 in 120</td></tr><tr><td>Prize level 8</td><td>$70 <span class=""text text-success"">$10&nbsp;ticket&nbsp;cost</span></td><td>1 in 105</td></tr><tr><td>Prize level 9</td><td>$50 <span class=""text text-success"">$10&nbsp;ticket&nbsp;cost</span></td><td>1 in 32</td></tr></tbody></table>",F,"1","1/15","",F,F,,,"1$","Up to 5 draws (including coffee break, lunch break, rush time, prime time, and after-hours draws)","5 minutes prior to draw time"
634,Cash Pop Prime Time,Virginia-Cash Pop Prime Time,"09:00 PM",US/Eastern,"09:00 PM",pick 1 pop(number) from 1 to 15.,"1/15","$2,500","1 in 31.05",F,F,valottery.com/data/draw-games/cashpop,,F,F,Active,"<table class=""table table-bordered""><thead><tr class=""result-table-heading""><th >Match</th><th >Prize&nbsp;Amount</th><th >Odds</th></tr></thead><tbody><tr><td>Prize level 1</td><td>$250 <span class=""text text-success"">$1&nbsp;ticket&nbsp;cost</span></td><td>1 in 15,000</td></tr><tr><td>Prize level 2</td><td>$100 <span class=""text text-success"">$1&nbsp;ticket&nbsp;cost</span></td><td>1 in 4,125</td></tr><tr><td>Prize level 3</td><td>$50 <span class=""text text-success"">$1&nbsp;ticket&nbsp;cost</span></td><td>1 in 2,250</td></tr><tr><td>Prize level 4</td><td>$25 <span class=""text text-success"">$1&nbsp;ticket&nbsp;cost</span></td><td>1 in 630</td></tr><tr><td>Prize level 5</td><td>$20 <span class=""text text-success"">$1&nbsp;ticket&nbsp;cost</span></td><td>1 in 270</td></tr><tr><td>Prize level 6</td><td>$15 <span class=""text text-success"">$1&nbsp;ticket&nbsp;cost</span></td><td>1 in 180</td></tr><tr><td>Prize level 7</td><td>$10 <span class=""text text-success"">$1&nbsp;ticket&nbsp;cost</span></td><td>1 in 105</td></tr><tr><td>Prize level 8</td><td>$7 <span class=""text text-success"">$1&nbsp;ticket&nbsp;cost</span></td><td>1 in 75</td></tr><tr><td>Prize level 9</td><td>$5 <span class=""text text-success"">$1&nbsp;ticket&nbsp;cost</span></td><td>1 in 31</td></tr><tr><td>Prize level 1</td><td>$500 <span class=""text text-success"">$2&nbsp;ticket&nbsp;cost</span></td><td>1 in 15,000</td></tr><tr><td>Prize level 2</td><td>$200 <span class=""text text-success"">$2&nbsp;ticket&nbsp;cost</span></td><td>1 in 4,125</td></tr><tr><td>Prize level 3</td><td>$100 <span class=""text text-success"">$2&nbsp;ticket&nbsp;cost</span></td><td>1 in 2,250</td></tr><tr><td>Prize level 4</td><td>$50 <span class=""text text-success"">$2&nbsp;ticket&nbsp;cost</span></td><td>1 in 450</td></tr><tr><td>Prize level 5</td><td>$40 <span class=""text text-success"">$2&nbsp;ticket&nbsp;cost</span></td><td>1 in 225</td></tr><tr><td>Prize level 6</td><td>$30 <span class=""text text-success"">$2&nbsp;ticket&nbsp;cost</span></td><td>1 in 150</td></tr><tr><td>Prize level 7</td><td>$20 <span class=""text text-success"">$2&nbsp;ticket&nbsp;cost</span></td><td>1 in 105</td></tr><tr><td>Prize level 8</td><td>$14 <span class=""text text-success"">$2&nbsp;ticket&nbsp;cost</span></td><td>1 in 90</td></tr><tr><td>Prize level 9</td><td>$10 <span class=""text text-success"">$2&nbsp;ticket&nbsp;cost</span></td><td>1 in 31</td></tr><tr><td>Prize level 1</td><td>$1,250 <span class=""text text-success"">$5&nbsp;ticket&nbsp;cost</span></td><td>1 in 15,000</td></tr><tr><td>Prize level 2</td><td>$500 <span class=""text text-success"">$5&nbsp;ticket&nbsp;cost</span></td><td>1 in 4,125</td></tr><tr><td>Prize level 3</td><td>$250 <span class=""text text-success"">$5&nbsp;ticket&nbsp;cost</span></td><td>1 in 2,025</td></tr><tr><td>Prize level 4</td><td>$125 <span class=""text text-success"">$5&nbsp;ticket&nbsp;cost</span></td><td>1 in 300</td></tr><tr><td>Prize level 5</td><td>$100 <span class=""text text-success"">$5&nbsp;ticket&nbsp;cost</span></td><td>1 in 180</td></tr><tr><td>Prize level 6</td><td>$75 <span class=""text text-success"">$5&nbsp;ticket&nbsp;cost</span></td><td>1 in 150</td></tr><tr><td>Prize level 7</td><td>$50 <span class=""text text-success"">$5&nbsp;ticket&nbsp;cost</span></td><td>1 in 120</td></tr><tr><td>Prize level 8</td><td>$35 <span class=""text text-success"">$5&nbsp;ticket&nbsp;cost</span></td><td>1 in 105</td></tr><tr><td>Prize level 9</td><td>$25 <span class=""text text-success"">$5&nbsp;ticket&nbsp;cost</span></td><td>1 in 31</td></tr><tr><td>Prize level 1</td><td>$2,500 <span class=""text text-success"">$10&nbsp;ticket&nbsp;cost</span></td><td>1 in 15,000</td></tr><tr><td>Prize level 2</td><td>$1,000 <span class=""text text-success"">$10&nbsp;ticket&nbsp;cost</span></td><td>1 in 4,125</td></tr><tr><td>Prize level 3</td><td>$500 <span class=""text text-success"">$10&nbsp;ticket&nbsp;cost</span></td><td>1 in 1,350</td></tr><tr><td>Prize level 4</td><td>$250 <span class=""text text-success"">$10&nbsp;ticket&nbsp;cost</span></td><td>1 in 240</td></tr><tr><td>Prize level 5</td><td>$200 <span class=""text text-success"">$10&nbsp;ticket&nbsp;cost</span></td><td>1 in 180</td></tr><tr><td>Prize level 6</td><td>$150 <span class=""text text-success"">$10&nbsp;ticket&nbsp;cost</span></td><td>1 in 150</td></tr><tr><td>Prize level 7</td><td>$100 <span class=""text text-success"">$10&nbsp;ticket&nbsp;cost</span></td><td>1 in 120</td></tr><tr><td>Prize level 8</td><td>$70 <span class=""text text-success"">$10&nbsp;ticket&nbsp;cost</span></td><td>1 in 105</td></tr><tr><td>Prize level 9</td><td>$50 <span class=""text text-success"">$10&nbsp;ticket&nbsp;cost</span></td><td>1 in 32</td></tr></tbody></table>",F,"1","1/15","",F,F,,,"1$","Up to 5 draws (including coffee break, lunch break, rush time, prime time, and after-hours draws)","5 minutes prior to draw time"
635,Cash Pop After Hours,Virginia-Cash Pop After Hours,"11:59 PM",US/Eastern,"11:59 PM",pick 1 pop(number) from 1 to 15.,"1/15","$2,500","1 in 31.05",F,F,valottery.com/data/draw-games/cashpop,,F,F,Active,"<table class=""table table-bordered""><thead><tr class=""result-table-heading""><th >Match</th><th >Prize&nbsp;Amount</th><th >Odds</th></tr></thead><tbody><tr><td>Prize level 1</td><td>$250 <span class=""text text-success"">$1&nbsp;ticket&nbsp;cost</span></td><td>1 in 15,000</td></tr><tr><td>Prize level 2</td><td>$100 <span class=""text text-success"">$1&nbsp;ticket&nbsp;cost</span></td><td>1 in 4,125</td></tr><tr><td>Prize level 3</td><td>$50 <span class=""text text-success"">$1&nbsp;ticket&nbsp;cost</span></td><td>1 in 2,250</td></tr><tr><td>Prize level 4</td><td>$25 <span class=""text text-success"">$1&nbsp;ticket&nbsp;cost</span></td><td>1 in 630</td></tr><tr><td>Prize level 5</td><td>$20 <span class=""text text-success"">$1&nbsp;ticket&nbsp;cost</span></td><td>1 in 270</td></tr><tr><td>Prize level 6</td><td>$15 <span class=""text text-success"">$1&nbsp;ticket&nbsp;cost</span></td><td>1 in 180</td></tr><tr><td>Prize level 7</td><td>$10 <span class=""text text-success"">$1&nbsp;ticket&nbsp;cost</span></td><td>1 in 105</td></tr><tr><td>Prize level 8</td><td>$7 <span class=""text text-success"">$1&nbsp;ticket&nbsp;cost</span></td><td>1 in 75</td></tr><tr><td>Prize level 9</td><td>$5 <span class=""text text-success"">$1&nbsp;ticket&nbsp;cost</span></td><td>1 in 31</td></tr><tr><td>Prize level 1</td><td>$500 <span class=""text text-success"">$2&nbsp;ticket&nbsp;cost</span></td><td>1 in 15,000</td></tr><tr><td>Prize level 2</td><td>$200 <span class=""text text-success"">$2&nbsp;ticket&nbsp;cost</span></td><td>1 in 4,125</td></tr><tr><td>Prize level 3</td><td>$100 <span class=""text text-success"">$2&nbsp;ticket&nbsp;cost</span></td><td>1 in 2,250</td></tr><tr><td>Prize level 4</td><td>$50 <span class=""text text-success"">$2&nbsp;ticket&nbsp;cost</span></td><td>1 in 450</td></tr><tr><td>Prize level 5</td><td>$40 <span class=""text text-success"">$2&nbsp;ticket&nbsp;cost</span></td><td>1 in 225</td></tr><tr><td>Prize level 6</td><td>$30 <span class=""text text-success"">$2&nbsp;ticket&nbsp;cost</span></td><td>1 in 150</td></tr><tr><td>Prize level 7</td><td>$20 <span class=""text text-success"">$2&nbsp;ticket&nbsp;cost</span></td><td>1 in 105</td></tr><tr><td>Prize level 8</td><td>$14 <span class=""text text-success"">$2&nbsp;ticket&nbsp;cost</span></td><td>1 in 90</td></tr><tr><td>Prize level 9</td><td>$10 <span class=""text text-success"">$2&nbsp;ticket&nbsp;cost</span></td><td>1 in 31</td></tr><tr><td>Prize level 1</td><td>$1,250 <span class=""text text-success"">$5&nbsp;ticket&nbsp;cost</span></td><td>1 in 15,000</td></tr><tr><td>Prize level 2</td><td>$500 <span class=""text text-success"">$5&nbsp;ticket&nbsp;cost</span></td><td>1 in 4,125</td></tr><tr><td>Prize level 3</td><td>$250 <span class=""text text-success"">$5&nbsp;ticket&nbsp;cost</span></td><td>1 in 2,025</td></tr><tr><td>Prize level 4</td><td>$125 <span class=""text text-success"">$5&nbsp;ticket&nbsp;cost</span></td><td>1 in 300</td></tr><tr><td>Prize level 5</td><td>$100 <span class=""text text-success"">$5&nbsp;ticket&nbsp;cost</span></td><td>1 in 180</td></tr><tr><td>Prize level 6</td><td>$75 <span class=""text text-success"">$5&nbsp;ticket&nbsp;cost</span></td><td>1 in 150</td></tr><tr><td>Prize level 7</td><td>$50 <span class=""text text-success"">$5&nbsp;ticket&nbsp;cost</span></td><td>1 in 120</td></tr><tr><td>Prize level 8</td><td>$35 <span class=""text text-success"">$5&nbsp;ticket&nbsp;cost</span></td><td>1 in 105</td></tr><tr><td>Prize level 9</td><td>$25 <span class=""text text-success"">$5&nbsp;ticket&nbsp;cost</span></td><td>1 in 31</td></tr><tr><td>Prize level 1</td><td>$2,500 <span class=""text text-success"">$10&nbsp;ticket&nbsp;cost</span></td><td>1 in 15,000</td></tr><tr><td>Prize level 2</td><td>$1,000 <span class=""text text-success"">$10&nbsp;ticket&nbsp;cost</span></td><td>1 in 4,125</td></tr><tr><td>Prize level 3</td><td>$500 <span class=""text text-success"">$10&nbsp;ticket&nbsp;cost</span></td><td>1 in 1,350</td></tr><tr><td>Prize level 4</td><td>$250 <span class=""text text-success"">$10&nbsp;ticket&nbsp;cost</span></td><td>1 in 240</td></tr><tr><td>Prize level 5</td><td>$200 <span class=""text text-success"">$10&nbsp;ticket&nbsp;cost</span></td><td>1 in 180</td></tr><tr><td>Prize level 6</td><td>$150 <span class=""text text-success"">$10&nbsp;ticket&nbsp;cost</span></td><td>1 in 150</td></tr><tr><td>Prize level 7</td><td>$100 <span class=""text text-success"">$10&nbsp;ticket&nbsp;cost</span></td><td>1 in 120</td></tr><tr><td>Prize level 8</td><td>$70 <span class=""text text-success"">$10&nbsp;ticket&nbsp;cost</span></td><td>1 in 105</td></tr><tr><td>Prize level 9</td><td>$50 <span class=""text text-success"">$10&nbsp;ticket&nbsp;cost</span></td><td>1 in 32</td></tr></tbody></table>",F,"1","1/15","",F,F,,,"1$","Up to 5 draws (including coffee break, lunch break, rush time, prime time, and after-hours draws)","5 minutes prior to draw time"
636,Cash Pop Midday,Mississippi-Cash Pop Midday,"02:30 PM",US/Central,"03:30 PM",Pick 1 pop number from 1 to 15,"1/15",$250, 1 in 15000,F,F,https://www.mslotteryhome.com/games/cash-pop/,,F,F,Active,"<table class=""table table-bordered""><thead><tr class=""result-table-heading""><th >Match</th><th >Prize&nbsp;Amount</th><th >Odds</th></tr></thead><tbody><tr><td>Prize level 1</td><td>$250 <span class=""text text-success"">$1&nbsp;ticket&nbsp;cost</span></td><td>1 in 15,000</td></tr><tr><td>Prize level 2</td><td>$100 <span class=""text text-success"">$1&nbsp;ticket&nbsp;cost</span></td><td>1 in 4,125</td></tr><tr><td>Prize level 3</td><td>$50 <span class=""text text-success"">$1&nbsp;ticket&nbsp;cost</span></td><td>1 in 2,250</td></tr><tr><td>Prize level 4</td><td>$25 <span class=""text text-success"">$1&nbsp;ticket&nbsp;cost</span></td><td>1 in 630</td></tr><tr><td>Prize level 5</td><td>$20 <span class=""text text-success"">$1&nbsp;ticket&nbsp;cost</span></td><td>1 in 270</td></tr><tr><td>Prize level 6</td><td>$15 <span class=""text text-success"">$1&nbsp;ticket&nbsp;cost</span></td><td>1 in 180</td></tr><tr><td>Prize level 7</td><td>$10 <span class=""text text-success"">$1&nbsp;ticket&nbsp;cost</span></td><td>1 in 105</td></tr><tr><td>Prize level 8</td><td>$7 <span class=""text text-success"">$1&nbsp;ticket&nbsp;cost</span></td><td>1 in 75</td></tr><tr><td>Prize level 9</td><td>$5 <span class=""text text-success"">$1&nbsp;ticket&nbsp;cost</span></td><td>1 in 31</td></tr><tr><td>Prize level 1</td><td>$500 <span class=""text text-success"">$2&nbsp;ticket&nbsp;cost</span></td><td>1 in 15,000</td></tr><tr><td>Prize level 2</td><td>$200 <span class=""text text-success"">$2&nbsp;ticket&nbsp;cost</span></td><td>1 in 4,125</td></tr><tr><td>Prize level 3</td><td>$100 <span class=""text text-success"">$2&nbsp;ticket&nbsp;cost</span></td><td>1 in 2,250</td></tr><tr><td>Prize level 4</td><td>$50 <span class=""text text-success"">$2&nbsp;ticket&nbsp;cost</span></td><td>1 in 450</td></tr><tr><td>Prize level 5</td><td>$40 <span class=""text text-success"">$2&nbsp;ticket&nbsp;cost</span></td><td>1 in 225</td></tr><tr><td>Prize level 6</td><td>$30 <span class=""text text-success"">$2&nbsp;ticket&nbsp;cost</span></td><td>1 in 150</td></tr><tr><td>Prize level 7</td><td>$20 <span class=""text text-success"">$2&nbsp;ticket&nbsp;cost</span></td><td>1 in 105</td></tr><tr><td>Prize level 8</td><td>$14 <span class=""text text-success"">$2&nbsp;ticket&nbsp;cost</span></td><td>1 in 90</td></tr><tr><td>Prize level 9</td><td>$10 <span class=""text text-success"">$2&nbsp;ticket&nbsp;cost</span></td><td>1 in 31</td></tr><tr><td>Prize level 1</td><td>$1,250 <span class=""text text-success"">$5&nbsp;ticket&nbsp;cost</span></td><td>1 in 15,000</td></tr><tr><td>Prize level 2</td><td>$500 <span class=""text text-success"">$5&nbsp;ticket&nbsp;cost</span></td><td>1 in 4,125</td></tr><tr><td>Prize level 3</td><td>$250 <span class=""text text-success"">$5&nbsp;ticket&nbsp;cost</span></td><td>1 in 2,025</td></tr><tr><td>Prize level 4</td><td>$125 <span class=""text text-success"">$5&nbsp;ticket&nbsp;cost</span></td><td>1 in 300</td></tr><tr><td>Prize level 5</td><td>$100 <span class=""text text-success"">$5&nbsp;ticket&nbsp;cost</span></td><td>1 in 180</td></tr><tr><td>Prize level 6</td><td>$75 <span class=""text text-success"">$5&nbsp;ticket&nbsp;cost</span></td><td>1 in 150</td></tr><tr><td>Prize level 7</td><td>$50 <span class=""text text-success"">$5&nbsp;ticket&nbsp;cost</span></td><td>1 in 120</td></tr><tr><td>Prize level 8</td><td>$35 <span class=""text text-success"">$5&nbsp;ticket&nbsp;cost</span></td><td>1 in 105</td></tr><tr><td>Prize level 9</td><td>$25 <span class=""text text-success"">$5&nbsp;ticket&nbsp;cost</span></td><td>1 in 31</td></tr><tr><td>Prize level 1</td><td>$2,500 <span class=""text text-success"">$10&nbsp;ticket&nbsp;cost</span></td><td>1 in 15,000</td></tr><tr><td>Prize level 2</td><td>$1,000 <span class=""text text-success"">$10&nbsp;ticket&nbsp;cost</span></td><td>1 in 4,125</td></tr><tr><td>Prize level 3</td><td>$500 <span class=""text text-success"">$10&nbsp;ticket&nbsp;cost</span></td><td>1 in 1,350</td></tr><tr><td>Prize level 4</td><td>$250 <span class=""text text-success"">$10&nbsp;ticket&nbsp;cost</span></td><td>1 in 240</td></tr><tr><td>Prize level 5</td><td>$200 <span class=""text text-success"">$10&nbsp;ticket&nbsp;cost</span></td><td>1 in 180</td></tr><tr><td>Prize level 6</td><td>$150 <span class=""text text-success"">$10&nbsp;ticket&nbsp;cost</span></td><td>1 in 150</td></tr><tr><td>Prize level 7</td><td>$100 <span class=""text text-success"">$10&nbsp;ticket&nbsp;cost</span></td><td>1 in 120</td></tr><tr><td>Prize level 8</td><td>$70 <span class=""text text-success"">$10&nbsp;ticket&nbsp;cost</span></td><td>1 in 105</td></tr><tr><td>Prize level 9</td><td>$50 <span class=""text text-success"">$10&nbsp;ticket&nbsp;cost</span></td><td>1 in 32</td></tr></tbody></table>",F,"1","1/15","",F,F,,,"1$",upto 7 consecutive draws,N/A
637,Cash Pop Evening,Mississippi-Cash Pop Evening,"09:30 PM",US/Central,"10:30 PM",Pick 1 pop number from 1 to 15,"1/15",$250, 1 in 15000,F,F,https://www.mslotteryhome.com/games/cash-pop/,,F,F,Active,"<table class=""table table-bordered""><thead><tr class=""result-table-heading""><th >Match</th><th >Prize&nbsp;Amount</th><th >Odds</th></tr></thead><tbody><tr><td>Prize level 1</td><td>$250 <span class=""text text-success"">$1&nbsp;ticket&nbsp;cost</span></td><td>1 in 15,000</td></tr><tr><td>Prize level 2</td><td>$100 <span class=""text text-success"">$1&nbsp;ticket&nbsp;cost</span></td><td>1 in 4,125</td></tr><tr><td>Prize level 3</td><td>$50 <span class=""text text-success"">$1&nbsp;ticket&nbsp;cost</span></td><td>1 in 2,250</td></tr><tr><td>Prize level 4</td><td>$25 <span class=""text text-success"">$1&nbsp;ticket&nbsp;cost</span></td><td>1 in 630</td></tr><tr><td>Prize level 5</td><td>$20 <span class=""text text-success"">$1&nbsp;ticket&nbsp;cost</span></td><td>1 in 270</td></tr><tr><td>Prize level 6</td><td>$15 <span class=""text text-success"">$1&nbsp;ticket&nbsp;cost</span></td><td>1 in 180</td></tr><tr><td>Prize level 7</td><td>$10 <span class=""text text-success"">$1&nbsp;ticket&nbsp;cost</span></td><td>1 in 105</td></tr><tr><td>Prize level 8</td><td>$7 <span class=""text text-success"">$1&nbsp;ticket&nbsp;cost</span></td><td>1 in 75</td></tr><tr><td>Prize level 9</td><td>$5 <span class=""text text-success"">$1&nbsp;ticket&nbsp;cost</span></td><td>1 in 31</td></tr><tr><td>Prize level 1</td><td>$500 <span class=""text text-success"">$2&nbsp;ticket&nbsp;cost</span></td><td>1 in 15,000</td></tr><tr><td>Prize level 2</td><td>$200 <span class=""text text-success"">$2&nbsp;ticket&nbsp;cost</span></td><td>1 in 4,125</td></tr><tr><td>Prize level 3</td><td>$100 <span class=""text text-success"">$2&nbsp;ticket&nbsp;cost</span></td><td>1 in 2,250</td></tr><tr><td>Prize level 4</td><td>$50 <span class=""text text-success"">$2&nbsp;ticket&nbsp;cost</span></td><td>1 in 450</td></tr><tr><td>Prize level 5</td><td>$40 <span class=""text text-success"">$2&nbsp;ticket&nbsp;cost</span></td><td>1 in 225</td></tr><tr><td>Prize level 6</td><td>$30 <span class=""text text-success"">$2&nbsp;ticket&nbsp;cost</span></td><td>1 in 150</td></tr><tr><td>Prize level 7</td><td>$20 <span class=""text text-success"">$2&nbsp;ticket&nbsp;cost</span></td><td>1 in 105</td></tr><tr><td>Prize level 8</td><td>$14 <span class=""text text-success"">$2&nbsp;ticket&nbsp;cost</span></td><td>1 in 90</td></tr><tr><td>Prize level 9</td><td>$10 <span class=""text text-success"">$2&nbsp;ticket&nbsp;cost</span></td><td>1 in 31</td></tr><tr><td>Prize level 1</td><td>$1,250 <span class=""text text-success"">$5&nbsp;ticket&nbsp;cost</span></td><td>1 in 15,000</td></tr><tr><td>Prize level 2</td><td>$500 <span class=""text text-success"">$5&nbsp;ticket&nbsp;cost</span></td><td>1 in 4,125</td></tr><tr><td>Prize level 3</td><td>$250 <span class=""text text-success"">$5&nbsp;ticket&nbsp;cost</span></td><td>1 in 2,025</td></tr><tr><td>Prize level 4</td><td>$125 <span class=""text text-success"">$5&nbsp;ticket&nbsp;cost</span></td><td>1 in 300</td></tr><tr><td>Prize level 5</td><td>$100 <span class=""text text-success"">$5&nbsp;ticket&nbsp;cost</span></td><td>1 in 180</td></tr><tr><td>Prize level 6</td><td>$75 <span class=""text text-success"">$5&nbsp;ticket&nbsp;cost</span></td><td>1 in 150</td></tr><tr><td>Prize level 7</td><td>$50 <span class=""text text-success"">$5&nbsp;ticket&nbsp;cost</span></td><td>1 in 120</td></tr><tr><td>Prize level 8</td><td>$35 <span class=""text text-success"">$5&nbsp;ticket&nbsp;cost</span></td><td>1 in 105</td></tr><tr><td>Prize level 9</td><td>$25 <span class=""text text-success"">$5&nbsp;ticket&nbsp;cost</span></td><td>1 in 31</td></tr><tr><td>Prize level 1</td><td>$2,500 <span class=""text text-success"">$10&nbsp;ticket&nbsp;cost</span></td><td>1 in 15,000</td></tr><tr><td>Prize level 2</td><td>$1,000 <span class=""text text-success"">$10&nbsp;ticket&nbsp;cost</span></td><td>1 in 4,125</td></tr><tr><td>Prize level 3</td><td>$500 <span class=""text text-success"">$10&nbsp;ticket&nbsp;cost</span></td><td>1 in 1,350</td></tr><tr><td>Prize level 4</td><td>$250 <span class=""text text-success"">$10&nbsp;ticket&nbsp;cost</span></td><td>1 in 240</td></tr><tr><td>Prize level 5</td><td>$200 <span class=""text text-success"">$10&nbsp;ticket&nbsp;cost</span></td><td>1 in 180</td></tr><tr><td>Prize level 6</td><td>$150 <span class=""text text-success"">$10&nbsp;ticket&nbsp;cost</span></td><td>1 in 150</td></tr><tr><td>Prize level 7</td><td>$100 <span class=""text text-success"">$10&nbsp;ticket&nbsp;cost</span></td><td>1 in 120</td></tr><tr><td>Prize level 8</td><td>$70 <span class=""text text-success"">$10&nbsp;ticket&nbsp;cost</span></td><td>1 in 105</td></tr><tr><td>Prize level 9</td><td>$50 <span class=""text text-success"">$10&nbsp;ticket&nbsp;cost</span></td><td>1 in 32</td></tr></tbody></table>",F,"1","1/15","",F,F,,,"1$",upto 7 consecutive draws,N/A
638,Kentucky-5,Kentucky-Kentucky-5,"11:00 PM",US/Eastern,"11:00 PM",Select  five balls from 1 to 39. or select Quick Pick to let the computer randomly select your numbers.,"5/39","","1 : 575,757",T,F,https://www.kylottery.com/apps/draw_games/kentucky5/index.html,,F,F,Closed,"<table class=""table table-bordered""><thead><tr class=""result-table-heading""><th title=""Match"">Match</th><th title=""Prize"">Prize*</th><th title=""Odds Per Play"">Odds Per Play</th></tr></thead><tbody><tr><td >Match 5</td><td >Jackpot**</td><td title=""Odds (per $2 play)"">1 : 575,757</td></tr><tr><td >Match 4</td><td >$250</td><td title=""Odds (per $2 play)"">1 : 3,387</td></tr><tr><td >Match 3</td><td >$5</td><td title=""Odds (per $2 play)"">1 : 103</td></tr></tbody></table><h4>Xtra Play Prizes ($1 per base $1 wager)</h4><table class=""table table-bordered""><thead><tr class=""result-table-heading""><th title=""Match"">Match</th><th title=""2X"">With 2X</th><th title=""3X"">With 3X</th><th title=""4X"">With 4X</th><th title=""5X"">With 5X</th></tr></thead><tbody><tr><td title=""Match"">Match 5</td><td title=""2X"">Jackpot**</td><td title=""3X"">Jackpot**</td><td title=""4X"">Jackpot**</td><td title=""5X"">Jackpot**</td></tr><tr><td title=""Match"">Match 4</td><td title=""2X"">$500</td><td title=""3X"">$750</td><td title=""4X"">$1,000</td><td title=""5X"">$1,250</td></tr><tr><td title=""Match"">Match 3</td><td title=""2X"">$10</td><td title=""3X"">$15</td><td title=""4X"">$20</td><td title=""5X"">$25</td></tr><tr><td>Match 2</td><td title=""2X"">$2</td><td title=""3X"">$2</td><td title=""4X"">$2</td><td title=""5X"">$2</td></tr></tbody></table>",F,"5+1","5/39","",T,T,,,"1$",upto 14 consecutive draws,"Mon-Sun, 5 minutes before draw time"
639,Daily Tennessee Jackpot,Tennessee-Daily Tennessee Jackpot,"9:00 PM",US/Central,"10:00 PM",Select  five balls from 1 to 38. or select Quick Pick to let the computer randomly select your numbers.,"5/38","","1 in 501,942",T,F,https://tnlottery.com/games/how-to-play/daily-tennessee-jackpot/,,F,F,Active,"<table class=""table table-bordered""><thead><tr class=""result-table-heading""><th>Numbers Matched</th><th>Prize Amount</th><th>Odds of Winning</th></tr></thead><tbody><tr><td><div>JACKPOT</div><div><div>&nbsp;</div><div>&nbsp;</div><div>&nbsp;</div><div>&nbsp;</div><div>&nbsp;</div></div></td><td>Jackpot*</td><td>1 : 501,942 </td></tr><tr><td><div>4 of 5</div><div ><div>&nbsp;</div><div>&nbsp;</div><div>&nbsp;</div><div>&nbsp;</div></div></td><td>$100</td><td>1 : 3,042</td></tr><tr><td><div>3 of 5</div><div ><div>&nbsp;</div><div>&nbsp;</div><div>&nbsp;</div></div></td><td>$5</td><td>1 : 95</td></tr><tr><td><div>2 of 5 </div><div ><div>&nbsp;</div><div>&nbsp;</div></div></td><td>$1</td><td>1 : 9</td></tr></tbody></table>",F,"5","5/38","",T,F,,,"2$",Up to 7 consecutive drawings,Before 5 minutes of time of draw on draw day
640,Fantasy 5 Midday,Florida-Fantasy 5 Midday,"01:05 PM",US/Eastern,"01:05 PM",Select  five balls from 1 to 36. or select Quick Pick to let the computer randomly select your numbers.,"5/36","$100,000","1 IN 376,992",F,T,https://flalottery.com/fantasy5,,F,F,Active,"<table class=""table table-bordered""><thead><tr class=""result-table-heading""><th><strong>Prize level</strong></th><th><strong>Odds Of winning</strong></th><th><strong>EEst.Prize</strong></th><th><strong>EEst.Rolldown Prize</strong></th></tr></thead><tbody><tr><td><p><strong>5 matching</strong></p></td><td><p><strong>1:376,992</strong></p></td><td><p><strong>$200,000</strong><strong><sup>*</sup></strong></p></td><td><p><strong>-</strong></p></td></tr><tr><td><p><strong>4 matching</strong></p></td><td><p><strong>1:2,432.21</strong></p></td><td><p><strong>$107</strong></p></td><td><p><strong>$555&nbsp;</strong>(maximum)</p></td></tr><tr><td><p><strong>3 matching</strong></p></td><td><p><strong>1:81.07</strong></p></td><td><p><strong>$10</strong></p></td><td><p><strong>$18</strong></p></td></tr><tr><td><p><strong>2 matching</strong></p></td><td><p><strong>1:8.39</strong></p></td><td><p><strong>Free Ticket</strong></p></td><td><p><strong>Free Ticket</strong></p></td></tr></tbody></table>",F,"5","5/36","",F,F,,,"1$",up to 60 consecutive drawings,"20 minutes before the applicable drawing"
641,Pick 5 Day,Virginia-Pick 5 Day,"1:59 PM",US/Eastern,"01:59 PM",Choose your own numbers on a playslip. Pick a five-digit number from 00000 through 99999,"5-Digits+1","$50,000","1 in 100000",F,F,https://www.valottery.com/data/draw-games/pick5,,F,F,Active,"<table class=""table table-bordered""><tbody><tr class=""result-table-heading""><th>Play Type and Example</th><th>Prize</th><th>Chances</th></tr><tr><td><strong>EXACT: Your numbers must match the winning numbers in EXACT order.</strong></td><td>$50,000 </td><td>1 in 100,000</td></tr><tr><td><strong>ANY: Your numbers match the winning numbers in ANY order.</strong><br></td><td>&nbsp;</td><td>&nbsp;</td></tr><tr><td>5-WAY (ex: 11112)</td><td class=""xl68"" style=""text-align: left;"">$10,000 </td><td>1 in 20,000</td></tr><tr><td>10-WAY (ex: 11122)</td><td>$5,000 </td><td>1 in 10,000</td></tr><tr><td>20-WAY (ex: 11123)</td><td>$2,500 </td><td>1 in 5,000</td></tr><tr><td>30-WAY (ex: 11223)</td><td>$1,650 </td><td>1 in 3,333</td></tr><tr><td>60-WAY (ex: 11234)</td><td>$800 </td><td>1 in 1,667</td></tr><tr><td>120-WAY (ex: 12345)</td><td>$400 </td><td>1 in 833.3</td></tr><tr><td><strong>50/50: Splits your play. Half is played on EXACT Order and half on ANY Order. EXACT Order prize includes payout from ANY Order prize.</strong></td><td></td><td></td></tr><tr><td><strong>50/50: 5-Way (ex: 11112)</strong></td><td></td><td></td></tr><tr><td>Exact Order Prize</td><td>$30,000 </td><td>1 in 100,000</td></tr><tr><td>Any Order Prize</td><td>$5,000 </td><td>1 in 25,000</td></tr><tr><td><strong>50/50: 10-Way (ex: 11122)</strong></td><td></td><td></td></tr><tr><td>Exact Order Prize</td><td>$27,500 </td><td>1 in 100,000</td></tr><tr><td>Any Order Prize</td><td>$2,500 </td><td>1 in 11,111</td></tr><tr><td><strong>50/50: 20-Way (ex: 11123)</strong></td><td></td><td></td></tr><tr><td>Exact Order Prize</td><td>$26,250 </td><td>1 in 100,000</td></tr><tr><td>Any Order Prize</td><td>$1,250 </td><td>1 in 5,263</td></tr><tr><td><strong>50/50: 30-Way (ex: 11223)</strong></td><td></td><td></td></tr><tr><td>Exact Order Prize</td><td>$25,825 </td><td>1 in 100,000</td></tr><tr><td>Any Order Prize</td><td>$825 </td><td>1 in 3,448</td></tr><tr><td><strong>50/50: 60-Way (ex: 11234)</strong></td><td></td><td></td></tr><tr><td>Exact Order Prize</td><td>$25,400 </td><td>1 in 100,000</td></tr><tr><td>Any Order Prize</td><td>$400 </td><td>1 in 1,695</td></tr><tr><td><strong>50/50: 120-Way (ex: 12345)</strong></td><td></td><td></td></tr><tr><td>Exact Order Prize</td><td>$25,200 </td><td>1 in 100,000</td></tr><tr><td>Any Order Prize</td><td>$200 </td><td>1 in 840.3</td></tr></tbody></table>",F,"5+1","5-Digits+1","",F,F,,,"1$",upto 91 consecutive draws,up to 1:53 PM of drawing day
642,Pick 5 Night,Virginia-Pick 5 Night,"11:00 PM",US/Eastern,"11:00 PM",Choose your own numbers on a playslip. Pick a five-digit number from 00000 through 99999,"5-Digits+1","$50,000","1 in 100000",F,F,https://www.valottery.com/data/draw-games/pick5,,F,F,Active,"<table class=""table table-bordered""><tbody><tr class=""result-table-heading""><th>Play Type and Example</th><th>Prize</th><th>Chances</th></tr><tr><td><strong>EXACT: Your numbers must match the winning numbers in EXACT order.</strong></td><td>$50,000 </td><td>1 in 100,000</td></tr><tr><td><strong>ANY: Your numbers match the winning numbers in ANY order.</strong><br></td><td>&nbsp;</td><td>&nbsp;</td></tr><tr><td>5-WAY (ex: 11112)</td><td class=""xl68"" style=""text-align: left;"">$10,000 </td><td>1 in 20,000</td></tr><tr><td>10-WAY (ex: 11122)</td><td>$5,000 </td><td>1 in 10,000</td></tr><tr><td>20-WAY (ex: 11123)</td><td>$2,500 </td><td>1 in 5,000</td></tr><tr><td>30-WAY (ex: 11223)</td><td>$1,650 </td><td>1 in 3,333</td></tr><tr><td>60-WAY (ex: 11234)</td><td>$800 </td><td>1 in 1,667</td></tr><tr><td>120-WAY (ex: 12345)</td><td>$400 </td><td>1 in 833.3</td></tr><tr><td><strong>50/50: Splits your play. Half is played on EXACT Order and half on ANY Order. EXACT Order prize includes payout from ANY Order prize.</strong></td><td></td><td></td></tr><tr><td><strong>50/50: 5-Way (ex: 11112)</strong></td><td></td><td></td></tr><tr><td>Exact Order Prize</td><td>$30,000 </td><td>1 in 100,000</td></tr><tr><td>Any Order Prize</td><td>$5,000 </td><td>1 in 25,000</td></tr><tr><td><strong>50/50: 10-Way (ex: 11122)</strong></td><td></td><td></td></tr><tr><td>Exact Order Prize</td><td>$27,500 </td><td>1 in 100,000</td></tr><tr><td>Any Order Prize</td><td>$2,500 </td><td>1 in 11,111</td></tr><tr><td><strong>50/50: 20-Way (ex: 11123)</strong></td><td></td><td></td></tr><tr><td>Exact Order Prize</td><td>$26,250 </td><td>1 in 100,000</td></tr><tr><td>Any Order Prize</td><td>$1,250 </td><td>1 in 5,263</td></tr><tr><td><strong>50/50: 30-Way (ex: 11223)</strong></td><td></td><td></td></tr><tr><td>Exact Order Prize</td><td>$25,825 </td><td>1 in 100,000</td></tr><tr><td>Any Order Prize</td><td>$825 </td><td>1 in 3,448</td></tr><tr><td><strong>50/50: 60-Way (ex: 11234)</strong></td><td></td><td></td></tr><tr><td>Exact Order Prize</td><td>$25,400 </td><td>1 in 100,000</td></tr><tr><td>Any Order Prize</td><td>$400 </td><td>1 in 1,695</td></tr><tr><td><strong>50/50: 120-Way (ex: 12345)</strong></td><td></td><td></td></tr><tr><td>Exact Order Prize</td><td>$25,200 </td><td>1 in 100,000</td></tr><tr><td>Any Order Prize</td><td>$200 </td><td>1 in 840.3</td></tr></tbody></table>",F,"5+1","5-Digits+1","",F,F,,,"1$",up to 91 consecutive draws,up to 10:45 pm of drawing night
643,Cash Pop Morning,Indiana-Cash Pop Morning,"9:30 AM",US/Eastern,"09:30 AM",Select 1 number from 1 to15.,"1/15",$250,"1 in 15000",F,F,https://hoosierlottery.com/games/draw/cash-pop,,F,F,Active,"<table class=""table table-bordered""><tbody><tr class=""result-table-heading""><th>Prize</th><th>Odds of Winning Prize</th></tr><tr><td >$5</td><td>1 in 31.05</td></tr><tr><td>$7</td><td>1 in 75</td></tr><tr><td>$10</td><td>1 in 105</td></tr><tr><td>$15</td><td>1 in 180</td></tr><tr><td>$20</td><td>1 in 270</td></tr><tr><td>$25</td><td>1 in 630</td></tr><tr><td>$50</td><td>1 in 2,250</td></tr><tr><td>$100</td><td>1 in 4,125</td></tr><tr><td>$250</td><td>1 in 15,000</td></tr></tbody></table>",F,"1","1/15","",F,F,,,"1$",up to 28 consecutive draws,"5 minutes before the draw time"
644,Cash Pop Matinee,Indiana-Cash Pop Matinee,"1:30 PM",US/Eastern,"01:30 PM",Select 1 number from 1 to15.,"1/15",$250,"1 in 15000",F,F,https://hoosierlottery.com/games/draw/cash-pop,,F,F,Active,"<table class=""table table-bordered""><tbody><tr class=""result-table-heading""><th>Prize</th><th>Odds of Winning Prize</th></tr><tr><td >$5</td><td>1 in 31.05</td></tr><tr><td>$7</td><td>1 in 75</td></tr><tr><td>$10</td><td>1 in 105</td></tr><tr><td>$15</td><td>1 in 180</td></tr><tr><td>$20</td><td>1 in 270</td></tr><tr><td>$25</td><td>1 in 630</td></tr><tr><td>$50</td><td>1 in 2,250</td></tr><tr><td>$100</td><td>1 in 4,125</td></tr><tr><td>$250</td><td>1 in 15,000</td></tr></tbody></table>",F,"1","1/15","",F,F,,,"1$",up to 28 consecutive draws,"5 minutes before the draw time"
645,Cash Pop Afternoon,Indiana-Cash Pop Afternoon,"3:30 PM",US/Eastern,"03:30 PM",Select 1 number from 1 to15.,"1/15",$250,"1 in 15000",F,F,https://hoosierlottery.com/games/draw/cash-pop,,F,F,Active,"<table class=""table table-bordered""><tbody><tr class=""result-table-heading""><th>Prize</th><th>Odds of Winning Prize</th></tr><tr><td >$5</td><td>1 in 31.05</td></tr><tr><td>$7</td><td>1 in 75</td></tr><tr><td>$10</td><td>1 in 105</td></tr><tr><td>$15</td><td>1 in 180</td></tr><tr><td>$20</td><td>1 in 270</td></tr><tr><td>$25</td><td>1 in 630</td></tr><tr><td>$50</td><td>1 in 2,250</td></tr><tr><td>$100</td><td>1 in 4,125</td></tr><tr><td>$250</td><td>1 in 15,000</td></tr></tbody></table>",F,"1","1/15","",F,F,,,"1$",up to 28 consecutive draws,"5 minutes bfore the draw time"
646,Cash Pop Evening,Indiana-Cash Pop Evening,"7:30 PM",US/Eastern,"07:30 PM",Select 1 number from 1 to15.,"1/15",$250,"1 in 15000",F,F,https://hoosierlottery.com/games/draw/cash-pop,,F,F,Active,"<table class=""table table-bordered""><tbody><tr class=""result-table-heading""><th>Prize</th><th>Odds of Winning Prize</th></tr><tr><td >$5</td><td>1 in 31.05</td></tr><tr><td>$7</td><td>1 in 75</td></tr><tr><td>$10</td><td>1 in 105</td></tr><tr><td>$15</td><td>1 in 180</td></tr><tr><td>$20</td><td>1 in 270</td></tr><tr><td>$25</td><td>1 in 630</td></tr><tr><td>$50</td><td>1 in 2,250</td></tr><tr><td>$100</td><td>1 in 4,125</td></tr><tr><td>$250</td><td>1 in 15,000</td></tr></tbody></table>",F,"1","1/15","",F,F,,,"1$",up to 28 consecutive draws,"5 minutes brfore the draw time"
647,Cash Pop Late Night,Indiana-Cash Pop Late Night,"11:30 PM",US/Eastern,"11:30 PM",Select 1 number from 1 to15.,"1/15",$250,"1 in 15000",F,F,https://hoosierlottery.com/games/draw/cash-pop,,F,F,Active,"<table class=""table table-bordered""><tbody><tr class=""result-table-heading""><th>Prize</th><th>Odds of Winning Prize</th></tr><tr><td >$5</td><td>1 in 31.05</td></tr><tr><td>$7</td><td>1 in 75</td></tr><tr><td>$10</td><td>1 in 105</td></tr><tr><td>$15</td><td>1 in 180</td></tr><tr><td>$20</td><td>1 in 270</td></tr><tr><td>$25</td><td>1 in 630</td></tr><tr><td>$50</td><td>1 in 2,250</td></tr><tr><td>$100</td><td>1 in 4,125</td></tr><tr><td>$250</td><td>1 in 15,000</td></tr></tbody></table>",F,"1","1/15","",F,F,,,"1$",up to 28 consecutive draws,"5 mintues before the draw time"
648,Cash Pop,Washington-Cash Pop,"8:00 PM",US/Pacific,"11:00 PM",Select 1 number from 1 to15.,"1/15",$500,"1 in 7500",F,F,https://www.walottery.com/JackpotGames/CashPop.aspx,,F,F,Active,"<table class=""table table-bordered""><tbody><tr class=""result-table-heading""><th>Prize<span> Amount</span></th><th>Odds<span> Of Winning</span></th></tr><tr><td>$500</td><td>1 in 7.50 Thousand</td></tr><tr><td>$250</td><td>1 in 4.50 Thousand</td></tr><tr><td>$200</td><td>1 in 2.63 Thousand</td></tr><tr><td>$125</td><td>1 in 675</td></tr><tr><td>$100</td><td>1 in 150</td></tr><tr><td>$70</td><td>1 in 120</td></tr><tr><td>$50</td><td>1 in 90.0</td></tr><tr><td>$35</td><td>1 in 75.0</td></tr><tr><td>$25</td><td>1 in 40.0</td></tr></tbody></table>",F,"1","1/15","",F,F,,,"1$",up to 5 consecutive draws,up to 15 minutes before the draw time
649,Cash Pop Early Bird,Maine-Cash Pop Early Bird,"08:30 AM",US/Eastern,"08:30 AM",Choose 1 number from a pool of 15 numbers,"1/15",$250,"1 in 8108",F,F,https://mainelottery.com/games/CashPOP.shtml,,F,F,Active,"<table class=""table table-bordered""><thead><tr class=""result-table-heading""><th colspan=""2"" style=""text-align:center"">$1 PLAY</th></tr><tr class=""result-table-heading""><th>PRIZE</th><th>ODDS 1 IN:</th></tr></thead><tbody><tr><td>$5</td><td>31</td></tr><tr><td>$7</td><td>75</td></tr><tr><td>$10</td><td>105</td></tr><tr><td>$15</td><td>180</td></tr><tr><td>$20</td><td>270</td></tr><tr><td>$25</td><td>893</td></tr><tr><td>$50</td><td>2,308</td></tr><tr><td>$100</td><td>4,615</td></tr><tr><td>$250</td><td>8,108</td></tr></tbody></table>",F,"1","1/15","",F,F,,,"1$",upto 21 consecutive draws with upcoming draws,"10 minutes before draw time of draw day"
650,Cash Pop Brunch,Maine-Cash Pop Brunch,"11:30 AM",US/Eastern,"11:30 AM",Choose 1 number from a pool of 15 numbers,"1/15",$250,"1 in 8108",F,F,https://mainelottery.com/games/CashPOP.shtml,,F,F,Active,"<table class=""table table-bordered""><thead><tr class=""result-table-heading""><th colspan=""2"" style=""text-align:center"">$1 PLAY</th></tr><tr class=""result-table-heading""><th>PRIZE</th><th>ODDS 1 IN:</th></tr></thead><tbody><tr><td>$5</td><td>31</td></tr><tr><td>$7</td><td>75</td></tr><tr><td>$10</td><td>105</td></tr><tr><td>$15</td><td>180</td></tr><tr><td>$20</td><td>270</td></tr><tr><td>$25</td><td>893</td></tr><tr><td>$50</td><td>2,308</td></tr><tr><td>$100</td><td>4,615</td></tr><tr><td>$250</td><td>8,108</td></tr></tbody></table>",F,"1","1/15","",F,F,,,"1$",upto 21 consecutive draws with upcoming draws,"10 minutes before draw time of draw day"
651,Cash Pop Matinee,Maine-Cash Pop Matinee,"02:30 PM",US/Eastern,"02:30 PM",Choose 1 number from a pool of 15 numbers,"1/15",$250,"1 in 8108",F,F,https://mainelottery.com/games/CashPOP.shtml,,F,F,Active,"<table class=""table table-bordered""><thead><tr class=""result-table-heading""><th colspan=""2"" style=""text-align:center"">$1 PLAY</th></tr><tr class=""result-table-heading""><th>PRIZE</th><th>ODDS 1 IN:</th></tr></thead><tbody><tr><td>$5</td><td>31</td></tr><tr><td>$7</td><td>75</td></tr><tr><td>$10</td><td>105</td></tr><tr><td>$15</td><td>180</td></tr><tr><td>$20</td><td>270</td></tr><tr><td>$25</td><td>893</td></tr><tr><td>$50</td><td>2,308</td></tr><tr><td>$100</td><td>4,615</td></tr><tr><td>$250</td><td>8,108</td></tr></tbody></table>",F,"1","1/15","",F,F,,,"1$",upto 21 consecutive draws with upcoming draws,"10 minutes before draw time of draw day"
652,Cash Pop Supper Time,Maine-Cash Pop Supper Time,"06:30 PM",US/Eastern,"06:30 PM",Choose 1 number from a pool of 15 numbers,"1/15",$250,"1 in 8108",F,F,https://mainelottery.com/games/CashPOP.shtml,,F,F,Active,"<table class=""table table-bordered""><thead><tr class=""result-table-heading""><th colspan=""2"" style=""text-align:center"">$1 PLAY</th></tr><tr class=""result-table-heading""><th>PRIZE</th><th>ODDS 1 IN:</th></tr></thead><tbody><tr><td>$5</td><td>31</td></tr><tr><td>$7</td><td>75</td></tr><tr><td>$10</td><td>105</td></tr><tr><td>$15</td><td>180</td></tr><tr><td>$20</td><td>270</td></tr><tr><td>$25</td><td>893</td></tr><tr><td>$50</td><td>2,308</td></tr><tr><td>$100</td><td>4,615</td></tr><tr><td>$250</td><td>8,108</td></tr></tbody></table>",F,"1","1/15","",F,F,,,"1$",upto 21 consecutive draws with upcoming draws,"10 minutes before draw time of draw day"
653,Cash Pop Night Owl,Maine-Cash Pop Night Owl,"11:30 PM",US/Eastern,"11:30 PM",Choose 1 number from a pool of 15 numbers,"1/15",$250,"1 in 8108",F,F,https://mainelottery.com/games/CashPOP.shtml,,F,F,Active,"<table class=""table table-bordered""><thead><tr class=""result-table-heading""><th colspan=""2"" style=""text-align:center"">$1 PLAY</th></tr><tr class=""result-table-heading""><th>PRIZE</th><th>ODDS 1 IN:</th></tr></thead><tbody><tr><td>$5</td><td>31</td></tr><tr><td>$7</td><td>75</td></tr><tr><td>$10</td><td>105</td></tr><tr><td>$15</td><td>180</td></tr><tr><td>$20</td><td>270</td></tr><tr><td>$25</td><td>893</td></tr><tr><td>$50</td><td>2,308</td></tr><tr><td>$100</td><td>4,615</td></tr><tr><td>$250</td><td>8,108</td></tr></tbody></table>",F,"1","1/15","",F,F,,,"1$",upto 21 consecutive draws with upcoming draws,"10 minutes before draw time of draw day"
654,Cash Pop 9am,Maryland-Cash Pop 9am,"09:00 AM",US/Eastern,"09:00 AM",Choose 1 number from 1 to15,"1/15","250","1 in 15,000",F,F,https://www.mdlottery.com/games/cash-pop/,,F,F,Active,"<table class=""table table-bordered""><thead><tr class=""result-table-heading""><th scope=""col"">Match</th><th scope=""col"">Prize&nbsp;Amount</th><th scope=""col"">Odds</th></tr></thead><tbody><tr><td>Prize level 1</td><td>$250 ($1 ticket cost)</td><td>1 in 15,000</td></tr><tr><td>Prize level 2</td><td>$100 ($1 ticket cost)</td><td>1 in 6,000</td></tr><tr><td>Prize level 3</td><td>$50 ($1 ticket cost)</td><td>1 in 2,625</td></tr><tr><td>Prize level 4</td><td>$25 ($1 ticket cost)</td><td>1 in 750</td></tr><tr><td>Prize level 5</td><td>$20 ($1 ticket cost)</td><td>1 in 270</td></tr><tr><td>Prize level 6</td><td>$15 ($1 ticket cost)</td><td>1 in 180</td></tr><tr><td>Prize level 7</td><td>$10 ($1 ticket cost)</td><td>1 in 105</td></tr><tr><td>Prize level 8</td><td>$7 ($1 ticket cost)</td><td>1 in 75</td></tr><tr><td>Prize level 9</td><td>$5 ($1 ticket cost)</td><td>1 in 30.6</td></tr><tr><td>Prize level 1</td><td>$500 ($2 ticket cost)</td><td>1 in 15,000</td></tr><tr><td>Prize level 2</td><td>$200 ($2 ticket cost)</td><td>1 in 6,000</td></tr><tr><td>Prize level 3</td><td>$100 ($2 ticket cost)</td><td>1 in 1,950</td></tr><tr><td>Prize level 4</td><td>$50 ($2 ticket cost)</td><td>1 in 600</td></tr><tr><td>Prize level 5</td><td>$40 ($2 ticket cost)</td><td>1 in 225</td></tr><tr><td>Prize level 6</td><td>$30 ($2 ticket cost)</td><td>1 in 150</td></tr><tr><td>Prize level 7</td><td>$20 ($2 ticket cost)</td><td>1 in 105</td></tr><tr><td>Prize level 8</td><td>$14 ($2 ticket cost)</td><td>1 in 90</td></tr><tr><td>Prize level 9</td><td>$10 ($2 ticket cost)</td><td>1 in 30.75</td></tr><tr><td>Prize level 1</td><td>$1,250 ($5 ticket cost)</td><td>1 in 15,000</td></tr><tr><td>Prize level 2</td><td>$500 ($5 ticket cost)</td><td>1 in 6,000</td></tr><tr><td>Prize level 3</td><td>$250 ($5 ticket cost)</td><td>1 in 1,800</td></tr><tr><td>Prize level 4</td><td>$125 ($5 ticket cost)</td><td>1 in 405</td></tr><tr><td>Prize level 5</td><td>$100 ($5 ticket cost)</td><td>1 in 180</td></tr><tr><td>Prize level 6</td><td>$75 ($5 ticket cost)</td><td>1 in 150</td></tr><tr><td>Prize level 7</td><td>$50 ($5 ticket cost)</td><td>1 in 120</td></tr><tr><td>Prize level 8</td><td>$35 ($5 ticket cost)</td><td>1 in 90</td></tr><tr><td>Prize level 9</td><td>$25 ($5 ticket cost)</td><td>1 in 31.5</td></tr><tr><td>Prize level 1</td><td>$2,500 ($10 ticket cost)</td><td>1 in 15,000</td></tr><tr><td>Prize level 2</td><td>$1,000 ($10 ticket cost)</td><td>1 in 6,000</td></tr><tr><td>Prize level 3</td><td>$500 ($10 ticket cost)</td><td>1 in 1,500</td></tr><tr><td>Prize level 4</td><td>$250 ($10 ticket cost)</td><td>1 in 300</td></tr><tr><td>Prize level 5</td><td>$200 ($10 ticket cost)</td><td>1 in 165</td></tr><tr><td>Prize level 6</td><td>$150 ($10 ticket cost)</td><td>1 in 150</td></tr><tr><td>Prize level 7</td><td>$100 ($10 ticket cost)</td><td>1 in 120</td></tr><tr><td>Prize level 8</td><td>$70 ($10 ticket cost)</td><td>1 in 90</td></tr><tr><td>Prize level 9</td><td>$50 ($10 ticket cost)</td><td>1 in 33</td></tr></tbody></table>",F,"1","1/15","",F,F,,,"1$",up to 10 consecutive drawings,before 9am of draw day
655,Cash Pop 1pm,Maryland-Cash Pop 1pm,"01:00 PM",US/Eastern,"01:00 PM",Choose 1 number from 1 to15,"1/15","250","1 in 15,000",F,F,https://www.mdlottery.com/games/cash-pop/,,F,F,Active,"<table class=""table table-bordered""><thead><tr class=""result-table-heading""><th scope=""col"">Match</th><th scope=""col"">Prize&nbsp;Amount</th><th scope=""col"">Odds</th></tr></thead><tbody><tr><td>Prize level 1</td><td>$250 ($1 ticket cost)</td><td>1 in 15,000</td></tr><tr><td>Prize level 2</td><td>$100 ($1 ticket cost)</td><td>1 in 6,000</td></tr><tr><td>Prize level 3</td><td>$50 ($1 ticket cost)</td><td>1 in 2,625</td></tr><tr><td>Prize level 4</td><td>$25 ($1 ticket cost)</td><td>1 in 750</td></tr><tr><td>Prize level 5</td><td>$20 ($1 ticket cost)</td><td>1 in 270</td></tr><tr><td>Prize level 6</td><td>$15 ($1 ticket cost)</td><td>1 in 180</td></tr><tr><td>Prize level 7</td><td>$10 ($1 ticket cost)</td><td>1 in 105</td></tr><tr><td>Prize level 8</td><td>$7 ($1 ticket cost)</td><td>1 in 75</td></tr><tr><td>Prize level 9</td><td>$5 ($1 ticket cost)</td><td>1 in 30.6</td></tr><tr><td>Prize level 1</td><td>$500 ($2 ticket cost)</td><td>1 in 15,000</td></tr><tr><td>Prize level 2</td><td>$200 ($2 ticket cost)</td><td>1 in 6,000</td></tr><tr><td>Prize level 3</td><td>$100 ($2 ticket cost)</td><td>1 in 1,950</td></tr><tr><td>Prize level 4</td><td>$50 ($2 ticket cost)</td><td>1 in 600</td></tr><tr><td>Prize level 5</td><td>$40 ($2 ticket cost)</td><td>1 in 225</td></tr><tr><td>Prize level 6</td><td>$30 ($2 ticket cost)</td><td>1 in 150</td></tr><tr><td>Prize level 7</td><td>$20 ($2 ticket cost)</td><td>1 in 105</td></tr><tr><td>Prize level 8</td><td>$14 ($2 ticket cost)</td><td>1 in 90</td></tr><tr><td>Prize level 9</td><td>$10 ($2 ticket cost)</td><td>1 in 30.75</td></tr><tr><td>Prize level 1</td><td>$1,250 ($5 ticket cost)</td><td>1 in 15,000</td></tr><tr><td>Prize level 2</td><td>$500 ($5 ticket cost)</td><td>1 in 6,000</td></tr><tr><td>Prize level 3</td><td>$250 ($5 ticket cost)</td><td>1 in 1,800</td></tr><tr><td>Prize level 4</td><td>$125 ($5 ticket cost)</td><td>1 in 405</td></tr><tr><td>Prize level 5</td><td>$100 ($5 ticket cost)</td><td>1 in 180</td></tr><tr><td>Prize level 6</td><td>$75 ($5 ticket cost)</td><td>1 in 150</td></tr><tr><td>Prize level 7</td><td>$50 ($5 ticket cost)</td><td>1 in 120</td></tr><tr><td>Prize level 8</td><td>$35 ($5 ticket cost)</td><td>1 in 90</td></tr><tr><td>Prize level 9</td><td>$25 ($5 ticket cost)</td><td>1 in 31.5</td></tr><tr><td>Prize level 1</td><td>$2,500 ($10 ticket cost)</td><td>1 in 15,000</td></tr><tr><td>Prize level 2</td><td>$1,000 ($10 ticket cost)</td><td>1 in 6,000</td></tr><tr><td>Prize level 3</td><td>$500 ($10 ticket cost)</td><td>1 in 1,500</td></tr><tr><td>Prize level 4</td><td>$250 ($10 ticket cost)</td><td>1 in 300</td></tr><tr><td>Prize level 5</td><td>$200 ($10 ticket cost)</td><td>1 in 165</td></tr><tr><td>Prize level 6</td><td>$150 ($10 ticket cost)</td><td>1 in 150</td></tr><tr><td>Prize level 7</td><td>$100 ($10 ticket cost)</td><td>1 in 120</td></tr><tr><td>Prize level 8</td><td>$70 ($10 ticket cost)</td><td>1 in 90</td></tr><tr><td>Prize level 9</td><td>$50 ($10 ticket cost)</td><td>1 in 33</td></tr></tbody></table>",F,"1","1/15","",F,F,,,"1$",up to 10 consecutive drawings,before 1pm of draw afternoon
656,Cash Pop 6pm,Maryland-Cash Pop 6pm,"06:00 PM",US/Eastern,"06:00 PM",Choose 1 number from 1 to15,"1/15","250","1 in 15,000",F,F,https://www.mdlottery.com/games/cash-pop/,,F,F,Active,"<table class=""table table-bordered""><thead><tr class=""result-table-heading""><th scope=""col"">Match</th><th scope=""col"">Prize&nbsp;Amount</th><th scope=""col"">Odds</th></tr></thead><tbody><tr><td>Prize level 1</td><td>$250 ($1 ticket cost)</td><td>1 in 15,000</td></tr><tr><td>Prize level 2</td><td>$100 ($1 ticket cost)</td><td>1 in 6,000</td></tr><tr><td>Prize level 3</td><td>$50 ($1 ticket cost)</td><td>1 in 2,625</td></tr><tr><td>Prize level 4</td><td>$25 ($1 ticket cost)</td><td>1 in 750</td></tr><tr><td>Prize level 5</td><td>$20 ($1 ticket cost)</td><td>1 in 270</td></tr><tr><td>Prize level 6</td><td>$15 ($1 ticket cost)</td><td>1 in 180</td></tr><tr><td>Prize level 7</td><td>$10 ($1 ticket cost)</td><td>1 in 105</td></tr><tr><td>Prize level 8</td><td>$7 ($1 ticket cost)</td><td>1 in 75</td></tr><tr><td>Prize level 9</td><td>$5 ($1 ticket cost)</td><td>1 in 30.6</td></tr><tr><td>Prize level 1</td><td>$500 ($2 ticket cost)</td><td>1 in 15,000</td></tr><tr><td>Prize level 2</td><td>$200 ($2 ticket cost)</td><td>1 in 6,000</td></tr><tr><td>Prize level 3</td><td>$100 ($2 ticket cost)</td><td>1 in 1,950</td></tr><tr><td>Prize level 4</td><td>$50 ($2 ticket cost)</td><td>1 in 600</td></tr><tr><td>Prize level 5</td><td>$40 ($2 ticket cost)</td><td>1 in 225</td></tr><tr><td>Prize level 6</td><td>$30 ($2 ticket cost)</td><td>1 in 150</td></tr><tr><td>Prize level 7</td><td>$20 ($2 ticket cost)</td><td>1 in 105</td></tr><tr><td>Prize level 8</td><td>$14 ($2 ticket cost)</td><td>1 in 90</td></tr><tr><td>Prize level 9</td><td>$10 ($2 ticket cost)</td><td>1 in 30.75</td></tr><tr><td>Prize level 1</td><td>$1,250 ($5 ticket cost)</td><td>1 in 15,000</td></tr><tr><td>Prize level 2</td><td>$500 ($5 ticket cost)</td><td>1 in 6,000</td></tr><tr><td>Prize level 3</td><td>$250 ($5 ticket cost)</td><td>1 in 1,800</td></tr><tr><td>Prize level 4</td><td>$125 ($5 ticket cost)</td><td>1 in 405</td></tr><tr><td>Prize level 5</td><td>$100 ($5 ticket cost)</td><td>1 in 180</td></tr><tr><td>Prize level 6</td><td>$75 ($5 ticket cost)</td><td>1 in 150</td></tr><tr><td>Prize level 7</td><td>$50 ($5 ticket cost)</td><td>1 in 120</td></tr><tr><td>Prize level 8</td><td>$35 ($5 ticket cost)</td><td>1 in 90</td></tr><tr><td>Prize level 9</td><td>$25 ($5 ticket cost)</td><td>1 in 31.5</td></tr><tr><td>Prize level 1</td><td>$2,500 ($10 ticket cost)</td><td>1 in 15,000</td></tr><tr><td>Prize level 2</td><td>$1,000 ($10 ticket cost)</td><td>1 in 6,000</td></tr><tr><td>Prize level 3</td><td>$500 ($10 ticket cost)</td><td>1 in 1,500</td></tr><tr><td>Prize level 4</td><td>$250 ($10 ticket cost)</td><td>1 in 300</td></tr><tr><td>Prize level 5</td><td>$200 ($10 ticket cost)</td><td>1 in 165</td></tr><tr><td>Prize level 6</td><td>$150 ($10 ticket cost)</td><td>1 in 150</td></tr><tr><td>Prize level 7</td><td>$100 ($10 ticket cost)</td><td>1 in 120</td></tr><tr><td>Prize level 8</td><td>$70 ($10 ticket cost)</td><td>1 in 90</td></tr><tr><td>Prize level 9</td><td>$50 ($10 ticket cost)</td><td>1 in 33</td></tr></tbody></table>",F,"1","1/15","",F,F,,,"1$",up to 10 consecutive drawings,before 6pm of draw evening
657,Cash Pop 11pm,Maryland-Cash Pop 11pm,"11:00 PM",US/Eastern,"11:00 PM",Choose 1 number from 1 to15,"1/15","250","1 in 15,000",F,F,https://www.mdlottery.com/games/cash-pop/,,F,F,Active,"<table class=""table table-bordered""><thead><tr class=""result-table-heading""><th scope=""col"">Match</th><th scope=""col"">Prize&nbsp;Amount</th><th scope=""col"">Odds</th></tr></thead><tbody><tr><td>Prize level 1</td><td>$250 ($1 ticket cost)</td><td>1 in 15,000</td></tr><tr><td>Prize level 2</td><td>$100 ($1 ticket cost)</td><td>1 in 6,000</td></tr><tr><td>Prize level 3</td><td>$50 ($1 ticket cost)</td><td>1 in 2,625</td></tr><tr><td>Prize level 4</td><td>$25 ($1 ticket cost)</td><td>1 in 750</td></tr><tr><td>Prize level 5</td><td>$20 ($1 ticket cost)</td><td>1 in 270</td></tr><tr><td>Prize level 6</td><td>$15 ($1 ticket cost)</td><td>1 in 180</td></tr><tr><td>Prize level 7</td><td>$10 ($1 ticket cost)</td><td>1 in 105</td></tr><tr><td>Prize level 8</td><td>$7 ($1 ticket cost)</td><td>1 in 75</td></tr><tr><td>Prize level 9</td><td>$5 ($1 ticket cost)</td><td>1 in 30.6</td></tr><tr><td>Prize level 1</td><td>$500 ($2 ticket cost)</td><td>1 in 15,000</td></tr><tr><td>Prize level 2</td><td>$200 ($2 ticket cost)</td><td>1 in 6,000</td></tr><tr><td>Prize level 3</td><td>$100 ($2 ticket cost)</td><td>1 in 1,950</td></tr><tr><td>Prize level 4</td><td>$50 ($2 ticket cost)</td><td>1 in 600</td></tr><tr><td>Prize level 5</td><td>$40 ($2 ticket cost)</td><td>1 in 225</td></tr><tr><td>Prize level 6</td><td>$30 ($2 ticket cost)</td><td>1 in 150</td></tr><tr><td>Prize level 7</td><td>$20 ($2 ticket cost)</td><td>1 in 105</td></tr><tr><td>Prize level 8</td><td>$14 ($2 ticket cost)</td><td>1 in 90</td></tr><tr><td>Prize level 9</td><td>$10 ($2 ticket cost)</td><td>1 in 30.75</td></tr><tr><td>Prize level 1</td><td>$1,250 ($5 ticket cost)</td><td>1 in 15,000</td></tr><tr><td>Prize level 2</td><td>$500 ($5 ticket cost)</td><td>1 in 6,000</td></tr><tr><td>Prize level 3</td><td>$250 ($5 ticket cost)</td><td>1 in 1,800</td></tr><tr><td>Prize level 4</td><td>$125 ($5 ticket cost)</td><td>1 in 405</td></tr><tr><td>Prize level 5</td><td>$100 ($5 ticket cost)</td><td>1 in 180</td></tr><tr><td>Prize level 6</td><td>$75 ($5 ticket cost)</td><td>1 in 150</td></tr><tr><td>Prize level 7</td><td>$50 ($5 ticket cost)</td><td>1 in 120</td></tr><tr><td>Prize level 8</td><td>$35 ($5 ticket cost)</td><td>1 in 90</td></tr><tr><td>Prize level 9</td><td>$25 ($5 ticket cost)</td><td>1 in 31.5</td></tr><tr><td>Prize level 1</td><td>$2,500 ($10 ticket cost)</td><td>1 in 15,000</td></tr><tr><td>Prize level 2</td><td>$1,000 ($10 ticket cost)</td><td>1 in 6,000</td></tr><tr><td>Prize level 3</td><td>$500 ($10 ticket cost)</td><td>1 in 1,500</td></tr><tr><td>Prize level 4</td><td>$250 ($10 ticket cost)</td><td>1 in 300</td></tr><tr><td>Prize level 5</td><td>$200 ($10 ticket cost)</td><td>1 in 165</td></tr><tr><td>Prize level 6</td><td>$150 ($10 ticket cost)</td><td>1 in 150</td></tr><tr><td>Prize level 7</td><td>$100 ($10 ticket cost)</td><td>1 in 120</td></tr><tr><td>Prize level 8</td><td>$70 ($10 ticket cost)</td><td>1 in 90</td></tr><tr><td>Prize level 9</td><td>$50 ($10 ticket cost)</td><td>1 in 33</td></tr></tbody></table>",F,"1","1/15","",F,F,,,"1$",up to 10 consecutive drawings,before 11pm of draw night
658,Play 5 Day,Delaware-Play 5 Day,"01:58 PM",US/Eastern,"01:58 PM",Select 5 digits from 0 to 9,"5-Digits","50000","1 in 100,000",F,F,https://www.delottery.com/Drawing-Games/Play-5,,F,F,Active,"<table class=""table table-bordered""><thead><tr class=""result-table-heading""><th scope=""col"">Match</th><th scope=""col"">Prize&nbsp;Amount</th><th scope=""col"">Odds</th></tr></thead><tbody><tr><td>Straight</td><td>$50,000</td><td>1 in 100,000</td></tr><tr><td>Box (60-way)</td><td>$800</td><td>1 in 1,666.67</td></tr><tr><td>Front 4 in exact order</td><td>$5,000</td><td>1 in 10,000</td></tr><tr><td>Back 4 in exact order</td><td>$5,000</td><td>1 in 10,000</td></tr><tr><td>Front 3 in exact order</td><td>$500</td><td>1 in 1,000</td></tr><tr><td>Back 3 in exact order</td><td>$500</td><td>1 in 1,000</td></tr><tr><td>Front 2 in exact order</td><td>$50</td><td>1 in 100</td></tr><tr><td>Back 2 in exact order</td><td>$50</td><td>1 in 100</td></tr></tbody></table>",F,"5","5-Digits","",F,F,,,"1$",upto 14 consecutive draws including both day and nightly draws,upto 1:40 PM on draw day
659,Play 5,Delaware-Play 5,"07:57 PM",US/Eastern,"07:57 PM",Select 5 digits from 0 to 9,"5-Digits","50000","1 in 100,000",F,F,https://www.delottery.com/Drawing-Games/Play-5,,F,F,Active,"<table class=""table table-bordered""><thead><tr class=""result-table-heading""><th scope=""col"">Match</th><th scope=""col"">Prize&nbsp;Amount</th><th scope=""col"">Odds</th></tr></thead><tbody><tr><td>Straight</td><td>$50,000</td><td>1 in 100,000</td></tr><tr><td>Box (60-way)</td><td>$800</td><td>1 in 1,666.67</td></tr><tr><td>Front 4 in exact order</td><td>$5,000</td><td>1 in 10,000</td></tr><tr><td>Back 4 in exact order</td><td>$5,000</td><td>1 in 10,000</td></tr><tr><td>Front 3 in exact order</td><td>$500</td><td>1 in 1,000</td></tr><tr><td>Back 3 in exact order</td><td>$500</td><td>1 in 1,000</td></tr><tr><td>Front 2 in exact order</td><td>$50</td><td>1 in 100</td></tr><tr><td>Back 2 in exact order</td><td>$50</td><td>1 in 100</td></tr></tbody></table>",F,"5","5-Digits","",F,F,,,"1$",upto 14 consecutive draws including both day and nightly draws,upto 7:30 PM on draw evening
660,Cash Pop Morning Buzz,North Carolina-Cash Pop Morning Buzz,"09:00 AM",US/Eastern,"09:00 AM",Choose 1 number from a pool of 1 to 15 numbers,"1/15","2500","1 in 15,000",F,F,https://nclottery.com/cash-pop,,F,F,Active,"<table class=""table table-bordered"" ><thead><tr class=""result-table-heading""><th>Match</th><th>Prize&nbsp;Amount</th><th>Odds</th></tr></thead><tbody><tr><td>Prize level 1</td><td>$250 $1&nbsp;ticket&nbsp;cost</td><td>1 in 15,000</td></tr><tr><td>Prize level 2</td><td>$100 $1&nbsp;ticket&nbsp;cost</td><td>1 in 4,125</td></tr><tr><td>Prize level 3</td><td>$50 $1&nbsp;ticket&nbsp;cost</td><td>1 in 2,250</td></tr><tr><td>Prize level 4</td><td>$25 $1&nbsp;ticket&nbsp;cost</td><td>1 in 630</td></tr><tr><td>Prize level 5</td><td>$20 $1&nbsp;ticket&nbsp;cost</td><td>1 in 270</td></tr><tr><td>Prize level 6</td><td>$15 $1&nbsp;ticket&nbsp;cost</td><td>1 in 180</td></tr><tr><td>Prize level 7</td><td>$10 $1&nbsp;ticket&nbsp;cost</td><td>1 in 105</td></tr><tr><td>Prize level 8</td><td>$7 $1&nbsp;ticket&nbsp;cost</td><td>1 in 75</td></tr><tr><td>Prize level 9</td><td>$5 $1&nbsp;ticket&nbsp;cost</td><td>1 in 31</td></tr><tr><td>Prize level 1</td><td>$500 $2&nbsp;ticket&nbsp;cost</td><td>1 in 15,000</td></tr><tr><td>Prize level 2</td><td>$200 $2&nbsp;ticket&nbsp;cost</td><td>1 in 4,125</td></tr><tr><td>Prize level 3</td><td>$100 $2&nbsp;ticket&nbsp;cost</td><td>1 in 2,250</td></tr><tr><td>Prize level 4</td><td>$50 $2&nbsp;ticket&nbsp;cost</td><td>1 in 450</td></tr><tr><td>Prize level 5</td><td>$40 $2&nbsp;ticket&nbsp;cost</td><td>1 in 225</td></tr><tr><td>Prize level 6</td><td>$30 $2&nbsp;ticket&nbsp;cost</td><td>1 in 150</td></tr><tr><td>Prize level 7</td><td>$20 $2&nbsp;ticket&nbsp;cost</td><td>1 in 105</td></tr><tr><td>Prize level 8</td><td>$14 $2&nbsp;ticket&nbsp;cost</td><td>1 in 90</td></tr><tr><td>Prize level 9</td><td>$10 $2&nbsp;ticket&nbsp;cost</td><td>1 in 31</td></tr><tr><td>Prize level 1</td><td>$1,250 $5&nbsp;ticket&nbsp;cost</td><td>1 in 15,000</td></tr><tr><td>Prize level 2</td><td>$500 $5&nbsp;ticket&nbsp;cost</td><td>1 in 4,125</td></tr><tr><td>Prize level 3</td><td>$250 $5&nbsp;ticket&nbsp;cost</td><td>1 in 2,025</td></tr><tr><td>Prize level 4</td><td>$125 $5&nbsp;ticket&nbsp;cost</td><td>1 in 300</td></tr><tr><td>Prize level 5</td><td>$100 $5&nbsp;ticket&nbsp;cost</td><td>1 in 180</td></tr><tr><td>Prize level 6</td><td>$75 $5&nbsp;ticket&nbsp;cost</td><td>1 in 150</td></tr><tr><td>Prize level 7</td><td>$50 $5&nbsp;ticket&nbsp;cost</td><td>1 in 120</td></tr><tr><td>Prize level 8</td><td>$35 $5&nbsp;ticket&nbsp;cost</td><td>1 in 105</td></tr><tr><td>Prize level 9</td><td>$25 $5&nbsp;ticket&nbsp;cost</td><td>1 in 31</td></tr><tr><td>Prize level 1</td><td>$2,500 $10&nbsp;ticket&nbsp;cost</td><td>1 in 15,000</td></tr><tr><td>Prize level 2</td><td>$1,000 $10&nbsp;ticket&nbsp;cost</td><td>1 in 4,125</td></tr><tr><td>Prize level 3</td><td>$500 $10&nbsp;ticket&nbsp;cost</td><td>1 in 1,350</td></tr><tr><td>Prize level 4</td><td>$250 $10&nbsp;ticket&nbsp;cost</td><td>1 in 240</td></tr><tr><td>Prize level 5</td><td>$200 $10&nbsp;ticket&nbsp;cost</td><td>1 in 180</td></tr><tr><td>Prize level 6</td><td>$150 $10&nbsp;ticket&nbsp;cost</td><td>1 in 150</td></tr><tr><td>Prize level 7</td><td>$100 $10&nbsp;ticket&nbsp;cost</td><td>1 in 120</td></tr><tr><td>Prize level 8</td><td>$70 $10&nbsp;ticket&nbsp;cost</td><td>1 in 105</td></tr><tr><td>Prize level 9</td><td>$50 $10&nbsp;ticket&nbsp;cost</td><td>1 in 32</td></tr></tbody></table>",F,"1","1/15","660",F,F,,,"1$",upto 5 consecutive draws,"15 seconds before each drawing."
661,Cash Pop Lunch Rush,North Carolina-Cash Pop Lunch Rush,"01:00 PM",US/Eastern,"01:00 PM",Choose 1 number from a pool of 1 to 15 numbers,"1/15","2500","1 in 15,000",F,F,https://nclottery.com/cash-pop,,F,F,Active,"<table class=""table table-bordered"" ><thead><tr class=""result-table-heading""><th>Match</th><th>Prize&nbsp;Amount</th><th>Odds</th></tr></thead><tbody><tr><td>Prize level 1</td><td>$250 $1&nbsp;ticket&nbsp;cost</td><td>1 in 15,000</td></tr><tr><td>Prize level 2</td><td>$100 $1&nbsp;ticket&nbsp;cost</td><td>1 in 4,125</td></tr><tr><td>Prize level 3</td><td>$50 $1&nbsp;ticket&nbsp;cost</td><td>1 in 2,250</td></tr><tr><td>Prize level 4</td><td>$25 $1&nbsp;ticket&nbsp;cost</td><td>1 in 630</td></tr><tr><td>Prize level 5</td><td>$20 $1&nbsp;ticket&nbsp;cost</td><td>1 in 270</td></tr><tr><td>Prize level 6</td><td>$15 $1&nbsp;ticket&nbsp;cost</td><td>1 in 180</td></tr><tr><td>Prize level 7</td><td>$10 $1&nbsp;ticket&nbsp;cost</td><td>1 in 105</td></tr><tr><td>Prize level 8</td><td>$7 $1&nbsp;ticket&nbsp;cost</td><td>1 in 75</td></tr><tr><td>Prize level 9</td><td>$5 $1&nbsp;ticket&nbsp;cost</td><td>1 in 31</td></tr><tr><td>Prize level 1</td><td>$500 $2&nbsp;ticket&nbsp;cost</td><td>1 in 15,000</td></tr><tr><td>Prize level 2</td><td>$200 $2&nbsp;ticket&nbsp;cost</td><td>1 in 4,125</td></tr><tr><td>Prize level 3</td><td>$100 $2&nbsp;ticket&nbsp;cost</td><td>1 in 2,250</td></tr><tr><td>Prize level 4</td><td>$50 $2&nbsp;ticket&nbsp;cost</td><td>1 in 450</td></tr><tr><td>Prize level 5</td><td>$40 $2&nbsp;ticket&nbsp;cost</td><td>1 in 225</td></tr><tr><td>Prize level 6</td><td>$30 $2&nbsp;ticket&nbsp;cost</td><td>1 in 150</td></tr><tr><td>Prize level 7</td><td>$20 $2&nbsp;ticket&nbsp;cost</td><td>1 in 105</td></tr><tr><td>Prize level 8</td><td>$14 $2&nbsp;ticket&nbsp;cost</td><td>1 in 90</td></tr><tr><td>Prize level 9</td><td>$10 $2&nbsp;ticket&nbsp;cost</td><td>1 in 31</td></tr><tr><td>Prize level 1</td><td>$1,250 $5&nbsp;ticket&nbsp;cost</td><td>1 in 15,000</td></tr><tr><td>Prize level 2</td><td>$500 $5&nbsp;ticket&nbsp;cost</td><td>1 in 4,125</td></tr><tr><td>Prize level 3</td><td>$250 $5&nbsp;ticket&nbsp;cost</td><td>1 in 2,025</td></tr><tr><td>Prize level 4</td><td>$125 $5&nbsp;ticket&nbsp;cost</td><td>1 in 300</td></tr><tr><td>Prize level 5</td><td>$100 $5&nbsp;ticket&nbsp;cost</td><td>1 in 180</td></tr><tr><td>Prize level 6</td><td>$75 $5&nbsp;ticket&nbsp;cost</td><td>1 in 150</td></tr><tr><td>Prize level 7</td><td>$50 $5&nbsp;ticket&nbsp;cost</td><td>1 in 120</td></tr><tr><td>Prize level 8</td><td>$35 $5&nbsp;ticket&nbsp;cost</td><td>1 in 105</td></tr><tr><td>Prize level 9</td><td>$25 $5&nbsp;ticket&nbsp;cost</td><td>1 in 31</td></tr><tr><td>Prize level 1</td><td>$2,500 $10&nbsp;ticket&nbsp;cost</td><td>1 in 15,000</td></tr><tr><td>Prize level 2</td><td>$1,000 $10&nbsp;ticket&nbsp;cost</td><td>1 in 4,125</td></tr><tr><td>Prize level 3</td><td>$500 $10&nbsp;ticket&nbsp;cost</td><td>1 in 1,350</td></tr><tr><td>Prize level 4</td><td>$250 $10&nbsp;ticket&nbsp;cost</td><td>1 in 240</td></tr><tr><td>Prize level 5</td><td>$200 $10&nbsp;ticket&nbsp;cost</td><td>1 in 180</td></tr><tr><td>Prize level 6</td><td>$150 $10&nbsp;ticket&nbsp;cost</td><td>1 in 150</td></tr><tr><td>Prize level 7</td><td>$100 $10&nbsp;ticket&nbsp;cost</td><td>1 in 120</td></tr><tr><td>Prize level 8</td><td>$70 $10&nbsp;ticket&nbsp;cost</td><td>1 in 105</td></tr><tr><td>Prize level 9</td><td>$50 $10&nbsp;ticket&nbsp;cost</td><td>1 in 32</td></tr></tbody></table>",F,"1","1/15","661",F,F,,,"1$",upto 5 consecutive draws,"15 seconds before each drawing."
662,Cash Pop Clock Out Cash,North Carolina-Cash Pop Clock Out Cash,"05:00 PM",US/Eastern,"05:00 PM",Choose 1 number from a pool of 1 to 15 numbers,"1/15","2500","1 in 15,000",F,F,https://nclottery.com/cash-pop,,F,F,Active,"<table class=""table table-bordered"" ><thead><tr class=""result-table-heading""><th>Match</th><th>Prize&nbsp;Amount</th><th>Odds</th></tr></thead><tbody><tr><td>Prize level 1</td><td>$250 $1&nbsp;ticket&nbsp;cost</td><td>1 in 15,000</td></tr><tr><td>Prize level 2</td><td>$100 $1&nbsp;ticket&nbsp;cost</td><td>1 in 4,125</td></tr><tr><td>Prize level 3</td><td>$50 $1&nbsp;ticket&nbsp;cost</td><td>1 in 2,250</td></tr><tr><td>Prize level 4</td><td>$25 $1&nbsp;ticket&nbsp;cost</td><td>1 in 630</td></tr><tr><td>Prize level 5</td><td>$20 $1&nbsp;ticket&nbsp;cost</td><td>1 in 270</td></tr><tr><td>Prize level 6</td><td>$15 $1&nbsp;ticket&nbsp;cost</td><td>1 in 180</td></tr><tr><td>Prize level 7</td><td>$10 $1&nbsp;ticket&nbsp;cost</td><td>1 in 105</td></tr><tr><td>Prize level 8</td><td>$7 $1&nbsp;ticket&nbsp;cost</td><td>1 in 75</td></tr><tr><td>Prize level 9</td><td>$5 $1&nbsp;ticket&nbsp;cost</td><td>1 in 31</td></tr><tr><td>Prize level 1</td><td>$500 $2&nbsp;ticket&nbsp;cost</td><td>1 in 15,000</td></tr><tr><td>Prize level 2</td><td>$200 $2&nbsp;ticket&nbsp;cost</td><td>1 in 4,125</td></tr><tr><td>Prize level 3</td><td>$100 $2&nbsp;ticket&nbsp;cost</td><td>1 in 2,250</td></tr><tr><td>Prize level 4</td><td>$50 $2&nbsp;ticket&nbsp;cost</td><td>1 in 450</td></tr><tr><td>Prize level 5</td><td>$40 $2&nbsp;ticket&nbsp;cost</td><td>1 in 225</td></tr><tr><td>Prize level 6</td><td>$30 $2&nbsp;ticket&nbsp;cost</td><td>1 in 150</td></tr><tr><td>Prize level 7</td><td>$20 $2&nbsp;ticket&nbsp;cost</td><td>1 in 105</td></tr><tr><td>Prize level 8</td><td>$14 $2&nbsp;ticket&nbsp;cost</td><td>1 in 90</td></tr><tr><td>Prize level 9</td><td>$10 $2&nbsp;ticket&nbsp;cost</td><td>1 in 31</td></tr><tr><td>Prize level 1</td><td>$1,250 $5&nbsp;ticket&nbsp;cost</td><td>1 in 15,000</td></tr><tr><td>Prize level 2</td><td>$500 $5&nbsp;ticket&nbsp;cost</td><td>1 in 4,125</td></tr><tr><td>Prize level 3</td><td>$250 $5&nbsp;ticket&nbsp;cost</td><td>1 in 2,025</td></tr><tr><td>Prize level 4</td><td>$125 $5&nbsp;ticket&nbsp;cost</td><td>1 in 300</td></tr><tr><td>Prize level 5</td><td>$100 $5&nbsp;ticket&nbsp;cost</td><td>1 in 180</td></tr><tr><td>Prize level 6</td><td>$75 $5&nbsp;ticket&nbsp;cost</td><td>1 in 150</td></tr><tr><td>Prize level 7</td><td>$50 $5&nbsp;ticket&nbsp;cost</td><td>1 in 120</td></tr><tr><td>Prize level 8</td><td>$35 $5&nbsp;ticket&nbsp;cost</td><td>1 in 105</td></tr><tr><td>Prize level 9</td><td>$25 $5&nbsp;ticket&nbsp;cost</td><td>1 in 31</td></tr><tr><td>Prize level 1</td><td>$2,500 $10&nbsp;ticket&nbsp;cost</td><td>1 in 15,000</td></tr><tr><td>Prize level 2</td><td>$1,000 $10&nbsp;ticket&nbsp;cost</td><td>1 in 4,125</td></tr><tr><td>Prize level 3</td><td>$500 $10&nbsp;ticket&nbsp;cost</td><td>1 in 1,350</td></tr><tr><td>Prize level 4</td><td>$250 $10&nbsp;ticket&nbsp;cost</td><td>1 in 240</td></tr><tr><td>Prize level 5</td><td>$200 $10&nbsp;ticket&nbsp;cost</td><td>1 in 180</td></tr><tr><td>Prize level 6</td><td>$150 $10&nbsp;ticket&nbsp;cost</td><td>1 in 150</td></tr><tr><td>Prize level 7</td><td>$100 $10&nbsp;ticket&nbsp;cost</td><td>1 in 120</td></tr><tr><td>Prize level 8</td><td>$70 $10&nbsp;ticket&nbsp;cost</td><td>1 in 105</td></tr><tr><td>Prize level 9</td><td>$50 $10&nbsp;ticket&nbsp;cost</td><td>1 in 32</td></tr></tbody></table>",F,"1","1/15","662",F,F,,,"1$",upto 5 consecutive draws,"15 seconds before each drawing."
663,Cash Pop Primetime Pop,North Carolina-Cash Pop Primetime Pop,"08:00 PM",US/Eastern,"08:00 PM",Choose 1 number from a pool of 1 to 15 numbers,"1/15","2500","1 in 15,000",F,F,https://nclottery.com/cash-pop,,F,F,Active,"<table class=""table table-bordered"" ><thead><tr class=""result-table-heading""><th>Match</th><th>Prize&nbsp;Amount</th><th>Odds</th></tr></thead><tbody><tr><td>Prize level 1</td><td>$250 $1&nbsp;ticket&nbsp;cost</td><td>1 in 15,000</td></tr><tr><td>Prize level 2</td><td>$100 $1&nbsp;ticket&nbsp;cost</td><td>1 in 4,125</td></tr><tr><td>Prize level 3</td><td>$50 $1&nbsp;ticket&nbsp;cost</td><td>1 in 2,250</td></tr><tr><td>Prize level 4</td><td>$25 $1&nbsp;ticket&nbsp;cost</td><td>1 in 630</td></tr><tr><td>Prize level 5</td><td>$20 $1&nbsp;ticket&nbsp;cost</td><td>1 in 270</td></tr><tr><td>Prize level 6</td><td>$15 $1&nbsp;ticket&nbsp;cost</td><td>1 in 180</td></tr><tr><td>Prize level 7</td><td>$10 $1&nbsp;ticket&nbsp;cost</td><td>1 in 105</td></tr><tr><td>Prize level 8</td><td>$7 $1&nbsp;ticket&nbsp;cost</td><td>1 in 75</td></tr><tr><td>Prize level 9</td><td>$5 $1&nbsp;ticket&nbsp;cost</td><td>1 in 31</td></tr><tr><td>Prize level 1</td><td>$500 $2&nbsp;ticket&nbsp;cost</td><td>1 in 15,000</td></tr><tr><td>Prize level 2</td><td>$200 $2&nbsp;ticket&nbsp;cost</td><td>1 in 4,125</td></tr><tr><td>Prize level 3</td><td>$100 $2&nbsp;ticket&nbsp;cost</td><td>1 in 2,250</td></tr><tr><td>Prize level 4</td><td>$50 $2&nbsp;ticket&nbsp;cost</td><td>1 in 450</td></tr><tr><td>Prize level 5</td><td>$40 $2&nbsp;ticket&nbsp;cost</td><td>1 in 225</td></tr><tr><td>Prize level 6</td><td>$30 $2&nbsp;ticket&nbsp;cost</td><td>1 in 150</td></tr><tr><td>Prize level 7</td><td>$20 $2&nbsp;ticket&nbsp;cost</td><td>1 in 105</td></tr><tr><td>Prize level 8</td><td>$14 $2&nbsp;ticket&nbsp;cost</td><td>1 in 90</td></tr><tr><td>Prize level 9</td><td>$10 $2&nbsp;ticket&nbsp;cost</td><td>1 in 31</td></tr><tr><td>Prize level 1</td><td>$1,250 $5&nbsp;ticket&nbsp;cost</td><td>1 in 15,000</td></tr><tr><td>Prize level 2</td><td>$500 $5&nbsp;ticket&nbsp;cost</td><td>1 in 4,125</td></tr><tr><td>Prize level 3</td><td>$250 $5&nbsp;ticket&nbsp;cost</td><td>1 in 2,025</td></tr><tr><td>Prize level 4</td><td>$125 $5&nbsp;ticket&nbsp;cost</td><td>1 in 300</td></tr><tr><td>Prize level 5</td><td>$100 $5&nbsp;ticket&nbsp;cost</td><td>1 in 180</td></tr><tr><td>Prize level 6</td><td>$75 $5&nbsp;ticket&nbsp;cost</td><td>1 in 150</td></tr><tr><td>Prize level 7</td><td>$50 $5&nbsp;ticket&nbsp;cost</td><td>1 in 120</td></tr><tr><td>Prize level 8</td><td>$35 $5&nbsp;ticket&nbsp;cost</td><td>1 in 105</td></tr><tr><td>Prize level 9</td><td>$25 $5&nbsp;ticket&nbsp;cost</td><td>1 in 31</td></tr><tr><td>Prize level 1</td><td>$2,500 $10&nbsp;ticket&nbsp;cost</td><td>1 in 15,000</td></tr><tr><td>Prize level 2</td><td>$1,000 $10&nbsp;ticket&nbsp;cost</td><td>1 in 4,125</td></tr><tr><td>Prize level 3</td><td>$500 $10&nbsp;ticket&nbsp;cost</td><td>1 in 1,350</td></tr><tr><td>Prize level 4</td><td>$250 $10&nbsp;ticket&nbsp;cost</td><td>1 in 240</td></tr><tr><td>Prize level 5</td><td>$200 $10&nbsp;ticket&nbsp;cost</td><td>1 in 180</td></tr><tr><td>Prize level 6</td><td>$150 $10&nbsp;ticket&nbsp;cost</td><td>1 in 150</td></tr><tr><td>Prize level 7</td><td>$100 $10&nbsp;ticket&nbsp;cost</td><td>1 in 120</td></tr><tr><td>Prize level 8</td><td>$70 $10&nbsp;ticket&nbsp;cost</td><td>1 in 105</td></tr><tr><td>Prize level 9</td><td>$50 $10&nbsp;ticket&nbsp;cost</td><td>1 in 32</td></tr></tbody></table>",F,"1","1/15","663",F,F,,,"1$",upto 5 consecutive draws,"15 seconds before each drawing."
664,Cash Pop Midnight Money,North Carolina-Cash Pop Midnight Money,"11:59 PM",US/Eastern,"11:59 PM",Choose 1 number from a pool of 1 to 15 numbers,"1/15","2500","1 in 15,000",F,F,https://nclottery.com/cash-pop,,F,F,Active,"<table class=""table table-bordered"" ><thead><tr class=""result-table-heading""><th>Match</th><th>Prize&nbsp;Amount</th><th>Odds</th></tr></thead><tbody><tr><td>Prize level 1</td><td>$250 $1&nbsp;ticket&nbsp;cost</td><td>1 in 15,000</td></tr><tr><td>Prize level 2</td><td>$100 $1&nbsp;ticket&nbsp;cost</td><td>1 in 4,125</td></tr><tr><td>Prize level 3</td><td>$50 $1&nbsp;ticket&nbsp;cost</td><td>1 in 2,250</td></tr><tr><td>Prize level 4</td><td>$25 $1&nbsp;ticket&nbsp;cost</td><td>1 in 630</td></tr><tr><td>Prize level 5</td><td>$20 $1&nbsp;ticket&nbsp;cost</td><td>1 in 270</td></tr><tr><td>Prize level 6</td><td>$15 $1&nbsp;ticket&nbsp;cost</td><td>1 in 180</td></tr><tr><td>Prize level 7</td><td>$10 $1&nbsp;ticket&nbsp;cost</td><td>1 in 105</td></tr><tr><td>Prize level 8</td><td>$7 $1&nbsp;ticket&nbsp;cost</td><td>1 in 75</td></tr><tr><td>Prize level 9</td><td>$5 $1&nbsp;ticket&nbsp;cost</td><td>1 in 31</td></tr><tr><td>Prize level 1</td><td>$500 $2&nbsp;ticket&nbsp;cost</td><td>1 in 15,000</td></tr><tr><td>Prize level 2</td><td>$200 $2&nbsp;ticket&nbsp;cost</td><td>1 in 4,125</td></tr><tr><td>Prize level 3</td><td>$100 $2&nbsp;ticket&nbsp;cost</td><td>1 in 2,250</td></tr><tr><td>Prize level 4</td><td>$50 $2&nbsp;ticket&nbsp;cost</td><td>1 in 450</td></tr><tr><td>Prize level 5</td><td>$40 $2&nbsp;ticket&nbsp;cost</td><td>1 in 225</td></tr><tr><td>Prize level 6</td><td>$30 $2&nbsp;ticket&nbsp;cost</td><td>1 in 150</td></tr><tr><td>Prize level 7</td><td>$20 $2&nbsp;ticket&nbsp;cost</td><td>1 in 105</td></tr><tr><td>Prize level 8</td><td>$14 $2&nbsp;ticket&nbsp;cost</td><td>1 in 90</td></tr><tr><td>Prize level 9</td><td>$10 $2&nbsp;ticket&nbsp;cost</td><td>1 in 31</td></tr><tr><td>Prize level 1</td><td>$1,250 $5&nbsp;ticket&nbsp;cost</td><td>1 in 15,000</td></tr><tr><td>Prize level 2</td><td>$500 $5&nbsp;ticket&nbsp;cost</td><td>1 in 4,125</td></tr><tr><td>Prize level 3</td><td>$250 $5&nbsp;ticket&nbsp;cost</td><td>1 in 2,025</td></tr><tr><td>Prize level 4</td><td>$125 $5&nbsp;ticket&nbsp;cost</td><td>1 in 300</td></tr><tr><td>Prize level 5</td><td>$100 $5&nbsp;ticket&nbsp;cost</td><td>1 in 180</td></tr><tr><td>Prize level 6</td><td>$75 $5&nbsp;ticket&nbsp;cost</td><td>1 in 150</td></tr><tr><td>Prize level 7</td><td>$50 $5&nbsp;ticket&nbsp;cost</td><td>1 in 120</td></tr><tr><td>Prize level 8</td><td>$35 $5&nbsp;ticket&nbsp;cost</td><td>1 in 105</td></tr><tr><td>Prize level 9</td><td>$25 $5&nbsp;ticket&nbsp;cost</td><td>1 in 31</td></tr><tr><td>Prize level 1</td><td>$2,500 $10&nbsp;ticket&nbsp;cost</td><td>1 in 15,000</td></tr><tr><td>Prize level 2</td><td>$1,000 $10&nbsp;ticket&nbsp;cost</td><td>1 in 4,125</td></tr><tr><td>Prize level 3</td><td>$500 $10&nbsp;ticket&nbsp;cost</td><td>1 in 1,350</td></tr><tr><td>Prize level 4</td><td>$250 $10&nbsp;ticket&nbsp;cost</td><td>1 in 240</td></tr><tr><td>Prize level 5</td><td>$200 $10&nbsp;ticket&nbsp;cost</td><td>1 in 180</td></tr><tr><td>Prize level 6</td><td>$150 $10&nbsp;ticket&nbsp;cost</td><td>1 in 150</td></tr><tr><td>Prize level 7</td><td>$100 $10&nbsp;ticket&nbsp;cost</td><td>1 in 120</td></tr><tr><td>Prize level 8</td><td>$70 $10&nbsp;ticket&nbsp;cost</td><td>1 in 105</td></tr><tr><td>Prize level 9</td><td>$50 $10&nbsp;ticket&nbsp;cost</td><td>1 in 32</td></tr></tbody></table>",F,"1","1/15","664",F,F,,,"1$",upto 5 consecutive draws,"15 seconds before each drawing."
1001,Tri-State Pick 3 Day,Multi-State (US)-Tri-State Pick 3 Day,"1:10 PM",US/Eastern,"01:10 PM",Choose 3 digits from 0 to 9.,"3-Digits",$500,,F,F,,,T,F,Active,"<table class=""table table-bordered""><thead><tr class=""result-table-heading""><th><strong>Wager Type</strong></th><th><strong>Match</strong></th><th><strong>Prize (for a $1 bet)</strong></th><th><strong>Odds of Winning</strong></th></tr><tr><td>Straight</td><td>Match all 3 numbers in exact order</td><td>$500</td><td>1 in 1,000</td></tr><tr><td>3-Way Box</td><td>Match all 3 numbers in any order (2 digits must be the same e.g. 122)</td><td>$166</td><td>1 in 333</td></tr><tr><td>6-Way Box</td><td>Match all 3 numbers in any order (All 3 digits must are different e.g. 123)</td><td>$84</td><td>1 in 167</td></tr><tr><td>Front Pair</td><td>Match the first 2 numbers in order</td><td>$50</td><td>1 in 100</td></tr><tr><td>Back Pair</td><td>Match the last 2 numbers in order</td><td>$50</td><td>1 in 100</td></tr><tr><td>Single Digit</td><td>Match one number in the correct position</td><td>$5</td><td>1 in 10</td></tr></thead></table>",F,"3","3-Digits","115",F,F,,,"1$",,
1002,Tri-State Pick 3 Evening,Multi-State (US)-Tri-State Pick 3 Evening,"6:55 PM",US/Eastern,"06:55 PM",Choose 3 digits from 0 to 9.,"3-Digits",$500,,F,F,,,T,F,Active,"<table class=""table table-bordered""><thead><tr class=""result-table-heading""><th><strong>Wager Type</strong></th><th><strong>Match</strong></th><th><strong>Prize (for a $1 bet)</strong></th><th><strong>Odds of Winning</strong></th></tr><tr><td>Straight</td><td>Match all 3 numbers in exact order</td><td>$500</td><td>1 in 1,000</td></tr><tr><td>3-Way Box</td><td>Match all 3 numbers in any order (2 digits must be the same e.g. 122)</td><td>$166</td><td>1 in 333</td></tr><tr><td>6-Way Box</td><td>Match all 3 numbers in any order (All 3 digits must are different e.g. 123)</td><td>$84</td><td>1 in 167</td></tr><tr><td>Front Pair</td><td>Match the first 2 numbers in order</td><td>$50</td><td>1 in 100</td></tr><tr><td>Back Pair</td><td>Match the last 2 numbers in order</td><td>$50</td><td>1 in 100</td></tr><tr><td>Single Digit</td><td>Match one number in the correct position</td><td>$5</td><td>1 in 10</td></tr></thead></table>",F,"3","3-Digits","109",F,F,,,"1$",,
1003,Tri-State Pick 4 Day,Multi-State (US)-Tri-State Pick 4 Day,"1:10 PM",US/Eastern,"01:10 PM",Choose 4 digits from 0 to 9.,"4-Digits","$5,000",,F,F,,,T,F,Active,"<table class=""table table-bordered""><thead><tr class=""result-table-heading""><th><strong>Wager Type</strong></th><th><strong>Match</strong></th><th><strong>Prize (for a $1 bet)</strong></th><th><strong>Odds of Winning</strong></th></tr><tr><td>Straight</td><td>Match all 4 numbers in exact order</td><td>$5,000</td><td>1 in 10,000</td></tr><tr><td>4-Way Box</td><td>Match all 4 numbers in any order (3 digits must be the same e.g. 1222)</td><td>$1,250</td><td>1 in 2,500</td></tr><tr><td>6-Way Box</td><td>Match all 4 numbers in any order (Two pairs of identical digits e.g. 1122)</td><td>$834</td><td>1 in 1,667</td></tr><tr><td>12-Way Box</td><td>Match all 4 numbers in any order (2 digits must be the same e.g. 1123)</td><td>$416</td><td>1 in 883</td></tr><tr><td>24-Way Box</td><td>Match all 4 numbers in any order (All 4 digits are unique e.g. 1234)</td><td>$208</td><td>1 in 417</td></tr><tr><td>Front Pair</td><td>Match the first 2 numbers in order</td><td>$50</td><td>1 in 100</td></tr><tr><td>Back Pair</td><td>Match the last 2 numbers in order</td><td>$50</td><td>1 in 100</td></tr><tr><td>Middle Pair</td><td>Match the 2nd and 3rd numbers in order</td><td>$50</td><td>1 in 100</td></tr><tr><td>Single Digit</td><td>Match one number in the correct position</td><td>$5</td><td>1 in 10</td></tr></thead></table>",F,"4","4-Digits","116",F,F,,,"1$",,
1004,Tri-State Pick 4 Evening,Multi-State (US)-Tri-State Pick 4 Evening,"6:55 PM",US/Eastern,"06:55 PM",Choose 4 digits from 0 to 9.,"4-Digits","$5,000",,F,F,,,T,F,Active,"<table class=""table table-bordered""><thead><tr class=""result-table-heading""><th><strong>Wager Type</strong></th><th><strong>Match</strong></th><th><strong>Prize (for a $1 bet)</strong></th><th><strong>Odds of Winning</strong></th></tr><tr><td>Straight</td><td>Match all 4 numbers in exact order</td><td>$5,000</td><td>1 in 10,000</td></tr><tr><td>4-Way Box</td><td>Match all 4 numbers in any order (3 digits must be the same e.g. 1222)</td><td>$1,250</td><td>1 in 2,500</td></tr><tr><td>6-Way Box</td><td>Match all 4 numbers in any order (Two pairs of identical digits e.g. 1122)</td><td>$834</td><td>1 in 1,667</td></tr><tr><td>12-Way Box</td><td>Match all 4 numbers in any order (2 digits must be the same e.g. 1123)</td><td>$416</td><td>1 in 883</td></tr><tr><td>24-Way Box</td><td>Match all 4 numbers in any order (All 4 digits are unique e.g. 1234)</td><td>$208</td><td>1 in 417</td></tr><tr><td>Front Pair</td><td>Match the first 2 numbers in order</td><td>$50</td><td>1 in 100</td></tr><tr><td>Back Pair</td><td>Match the last 2 numbers in order</td><td>$50</td><td>1 in 100</td></tr><tr><td>Middle Pair</td><td>Match the 2nd and 3rd numbers in order</td><td>$50</td><td>1 in 100</td></tr><tr><td>Single Digit</td><td>Match one number in the correct position</td><td>$5</td><td>1 in 10</td></tr></thead></table>",F,"4","4-Digits","110",F,F,,,"1$",,
1005,Gimme 5,Multi-State (US)-Gimme 5,"7:00 PM",US/Eastern,"07:00 PM",select 5 numbers from 1 to 39.,"5/39","$100,000",,F,F,,,T,F,Active,"<table class=""table table-bordered""><thead><tr class=""result-table-heading""><th><strong>Prize Tier</strong></th><th><strong>Prize Won</strong></th><th><strong>Odds of Winning</strong></th></tr></thead><tbody><tr><td>Match 5</td><td>$100,000*</td><td>1 in 575,757</td></tr><tr><td>Match 4</td><td>$250</td><td>1 in 3,387</td></tr><tr><td>Match 3</td><td>$7</td><td>1 in 103</td></tr><tr><td>Match 2</td><td>$2</td><td>1 in 10</td></tr></tbody></table>",F,"5","5/39","133",F,F,,,"1$",,
1006,Win For Life,Multi-State (US)-Win For Life,"11:00 PM",US/Eastern,"11:00 PM",,"6/53",,,F,F,,,T,F,Ignore,,F,"6+1","6/53 + XTRA",,F,F,,,"1$",,
1007,Decades of Dollars,Multi-State (US)-Decades of Dollars,"11:00 PM",US/Eastern,"11:00 PM",,"6/53",,,F,F,,,T,F,Ignore,,F,"6+1","6/53 + XTRA",,F,F,,,"1$",,
1008,Tri-State Megabucks Plus,Multi-State (US)-Tri-State Megabucks Plus,"7:59 PM",US/Eastern,"07:59 PM",,"5/41+1/6",,,F,F,,,T,F,Active,"<table class=""table table-bordered""><thead><tr class=""result-table-heading""><th><strong>Prize Tier</strong></th><th><strong>Prize Won</strong></th><th><strong>Odds of Winning</strong></th></tr></thead><tbody><tr><td>Match 5 + Megaball</td><td>Jackpot (starts at $1 million*)</td><td>1 in 4,496,388</td></tr><tr><td>Match 5</td><td>$30,000</td><td>1 in 899,278</td></tr><tr><td>Match 4 + Megaball</td><td>$1,300</td><td>1 in 24,980</td></tr><tr><td>Match 4</td><td>$150</td><td>1 in 4,996</td></tr><tr><td>Match 3 + Megaball</td><td>$25</td><td>1 in 714</td></tr><tr><td>Match 3</td><td>$7</td><td>1 in 143</td></tr><tr><td>Match 2 + Megaball</td><td>$5</td><td>1 in 63</td></tr><tr><td>Match 2</td><td>$2</td><td>1 in 13</td></tr><tr><td>Match 1 + Megaball</td><td>$2</td><td>1 in 15</td></tr></tbody></table>",F,"5+1","5/41 + 1/6(Megaball)","128",T,F,,,"1$",,
1009,"2by2",Multi-State (US)-2by2,"10:30 PM",US/Eastern,"10:30 PM",,"2/26+2/26","$22,000",,F,F,,,T,F,Active,"<table class=""table table-bordered""><thead><tr class=""result-table-heading""> <th> Match </th> <th> Win </th> <th> Tuesday Double Prizes </th> <th> Odds </th> </tr> </thead><tbody> <tr> <td> 2 Red + 2 White </td> <td> $22,000 </td> <td> $44,000 </td> <td> 105,625 </td> </tr> <tr> <td> 2 Red + 1 White </td> <td> $100 </td> <td> $200 </td> <td> 2,201 </td> </tr> <tr> <td> 1 Red + 2 White </td> <td> $100 </td> <td> $200 </td> <td> 2,201 </td> </tr> <tr> <td> 2 Red </td> <td> $3 </td> <td> $6 </td> <td> 383 </td> </tr> <tr> <td> 2 White </td> <td> $3 </td> <td> $6 </td> <td> 383 </td> </tr> <tr> <td> 1 Red + 1 White </td> <td> $3 </td> <td> $6 </td> <td> 46 </td> </tr> <tr> <td> 1 Red </td> <td> Free $1 Quick Pick Play </td> <td> 2 Free $1 Quick Pick Plays </td> <td> 8 </td> </tr> <tr> <td> 1 White </td> <td> Free $1 Quick Pick Play </td> <td> 2 Free $1 Quick Pick Plays </td> <td> 8 </td> </tr> </tbody> </table>",F,"2+2","2/26 (Red Balls)+ 2/26 (White Balls)","114",T,F,,,"1$",,
1010,Lucky for Life,Multi-State (US)-Lucky for Life,"10:38 PM",US/Eastern,"10:38 PM",,"5/48+1/18","$1,000/day/life",,F,F,,,T,F,Closed,"<table class=""table table-bordered""><thead><tr class=""result-table-heading"">  <th> Match </th> <th> Prize </th> <th> Odds </th> </tr> </thead><tbody> <tr> <td> 5/5+LB </td> <td> $1,000/day for life </td> <td> 1:30,821,472 </td> </tr> <tr> <td> 5/5 </td> <td> $25,000 a Year for Life* </td> <td> 1:1,813,028 </td> </tr> <tr> <td> 4/5+LB </td> <td> $5,000 </td> <td> 1:143,356 </td> </tr> <tr> <td> 4/5 </td> <td> $200 </td> <td> 1:8,433 </td> </tr> <tr> <td> 3/5+LB </td> <td> $150 </td> <td> 1:3,413 </td> </tr> <tr> <td> 3/5 </td> <td> $20 </td> <td> 1:201 </td> </tr> <tr> <td> 2/5+LB </td> <td> $25 </td> <td> 1:201 </td> </tr> <tr> <td> 2/5 </td> <td> $3 </td> <td> 1:15 </td> </tr> <tr> <td> 1/5+LB </td> <td> $6 </td> <td> 1:50 </td> </tr> <tr> <td> 0/5 + LB </td> <td> $4 </td> <td> 1:32 </td> </tr> </tbody> </table>",F,"5+1","5/48 + 1/18(Lucky Ball)","132",F,F,,,"2$",,
1011,Hot Lotto,Multi-State (US)-Hot Lotto,"10:40 PM",US/Eastern,"10:40 PM",,"6/53",,,F,F,,,T,F,Ignore,,F,"6+1","6/53 + XTRA",,F,F,,,"1$",,
1012,Powerball,Multi-State (US)-Powerball,"10:59 PM",US/Eastern,"10:59 PM",,"5/69+1/26",,,F,F,,"<p>Powerball, which replaced the Lotto America in 1992, is one of the biggest jackpot lotteries in the world. As per <a href=""https://en.wikipedia.org/wiki/Lottery_jackpot_records"">Wikipedia , Powerball is the world&rsquo;s largest jackpot </a> ever in the history of lotteries, with $1.586 billion on Jan. 13, 2016. </p> <p>Since its inception, Powerball lottery under goes many changes, with each change Powerball became more popular by giving more winning options to the players. </p> <p>As of January 2006, the overall odds of winning the Powerball jackpot are 1 in 292,201,338. But the odds of winning any prize (as low as $4) are drastically decreased to 1 in 24.87, a perfect reason to try your luck. </p> <p>The Powerball jackpot starts at $40 million and grows until someone wins. The Powerball lottery also offers non-jackpot prizes starting from $4 to $2 million. Refer Powerball Payouts section for detailed non-jackpot prizes and odds. </p> <p>In March 2001, Powerball introduced Power Play multiplier, which allows the Powerball players an opportunity to multiply the non-jackpot level prizes. The Powerball can be any number between 1 to 5. So the non-jackpot prize can be raised to 5 times if they match the required number of numbers. </p> <p>Indiana state has record number of Powerball winners since the game&apos;s launch in 1992, according to <a href=""https://en.wikipedia.org/wiki/Lottery_jackpot_records"">Powerball.net</a>. </p> <p>Can a Powerball winner remain anonymous, only six states &mdash; Delaware, Kansas, Maryland, South Carolina, North Dakota and Ohio &mdash; allow winners to remain anonymous. Under Indiana law, a person can claim their money in a trust or limited liability corporation, or LLC, in order to avoid the publicity that comes with becoming a millionaire. </p>",T,F,Active,"<table class=""table table-bordered""><thead><tr class=""result-table-heading""><th>Numbers Matched</th><th>Prize</th><th>Odds of Winning</th></tr></thead><tbody><tr><td>5 + Powerball</td><td>Jackpot</td><td>1 in 292,201,338.00</td></tr><tr><td>5</td><td>$1,000,000</td><td>1 in 11,688,053.52</td></tr><tr><td>4 + Powerball</td><td>$50,000</td><td>1 in 913,129.18</td></tr><tr><td>4</td><td>$100</td><td>1 in 36,525.17</td></tr><tr><td>3 + Powerball</td><td>$100</td><td>1 in 14,494.11</td></tr><tr><td>3</td><td>$7</td><td>1 in 579.76</td></tr><tr><td>2 + Powerball</td><td>$7</td><td>1 in 701.33</td></tr><tr><td>1 + Powerball</td><td>$4</td><td>1 in 91.98</td></tr><tr><td>Only Powerball</td><td>$4</td><td>1 in 38.32</td></tr></tbody></table>",F,"5+1+1","5/69 + 1/26 (Powerball) + 1 (Power Play)","101",T,F,,,"2$",,
1013,Mega Millions,Multi-State (US)-Mega Millions,"11:00 PM",US/Eastern,"11:00 PM",Choose five numbers from 1 to 70 and one Megaball number from 1 to 24 and multiplier is included.,"5/70+1/24",,,F,F,,,T,F,Active,"<table class=""table table-bordered""><thead><tr class=""result-table-heading""><th>Match</th><th>Prize (no mutlplier)</th><th colspan=""5"">Prize by Multiplier<sup>*</sup></th><th>Odds</th></tr><tr class=""result-table-heading""><th>--</th><th>--</th><th>2X</th><th>3X</th><th>4X</th><th>5X</th><th>10X</th><th>--</th></tr><tr class=""result-table-heading""><th>Multiplier Odds</th><th>--</th><th>1 in 2.13</th><th>1 in 3.2</th><th>1 in 8</th><th>1 in 16</th><th>1 in 32</th><th>--</th></tr></thead><tbody><tr><td><strong>5 white balls plus Megaball</strong></td><td>Jackpot</td><td>Jackpot</td><td>Jackpot</td><td>Jackpot</td><td>Jackpot</td><td>Jackpot</td><td><strong>1 in 290,472,336</strong></td></tr><tr><td><strong>Tier2: 5 white balls</strong></td><td>$1,00,000</td><td>$2,000,000</td><td>$3,000,000</td><td>$4,000,000</td><td>$5,000,000</td><td>$10,000,000</td><td><strong>1 in12,629,232</strong></td></tr><tr><td><strong>Tier3: 4 white balls plus Megaball</strong></td><td>$10,000</td><td>$20,000</td><td>$30,000</td><td>$40,000</td><td>$50,000</td><td>$100,000</td><td><strong>1 in893,761</strong></td></tr><tr><td><strong>Tier4: 4 white balls</strong></td><td>$500</td><td>$1,000</td><td>$1,500</td><td>$2,000</td><td>$2,500</td><td>$5,000</td><td><strong>1 in38,859</strong></td></tr><tr><td><strong>Tier5: 3 white balls plus Megaball</strong></td><td>$200</td><td>$400</td><td>$600</td><td>$800</td><td>$1,000</td><td>$2,000</td><td><strong>1 in13,965</strong></td></tr><tr><td><strong>Tier6: 3 white balls</strong></td><td>$10</td><td>$20</td><td>$30</td><td>$40</td><td>$50</td><td>$100</td><td><strong>1 in 607</strong></td></tr><tr><td><strong>Tier7: 2 white balls plus Megaball</strong></td><td>$10</td><td>$20</td><td>$30</td><td>$40</td><td>$50</td><td>$100</td><td><strong>1 in 665</strong></td></tr><tr><td><strong>Tier8: 1 white balls and Megaball</strong></td><td>$7</td><td>$14</td><td>$21</td><td>$28</td><td>$35</td><td>$70</td><td><strong>1 in 86</strong></td></tr><tr><td><strong>Final Tier: 1 Megaball</strong></td><td>$5</td><td>$10</td><td>$15</td><td>$20</td><td>$25</td><td>$50</td><td><strong>1 in 35</strong></td></tr></tbody><thead><tr class=""result-table-heading""><th colspan=""4"" style=""text-align:center;font-size:25px"">Overall chances of winning any prize:</th><th colspan=""4"" style=""text-align:center;font-size:25px"">1 in 23</th></tr></thead></table>",F,"5+1","5/70 + 1/24(Mega Ball)","113",T,F,,,$5,,
1014,Wild Card 2,Multi-State (US)-Wild Card 2,"10:40 PM",US/Eastern,"10:40 PM",,"6/53",,,F,F,,,T,F,Ignore,,T,"6+1","6/53 + XTRA",,F,F,,,"1$",,
1015,All or Nothing Midday,Multi-State (US)-All or Nothing Midday,"12:45 PM",US/Central,"01:45 PM",,"6/53",,,F,F,,,T,F,Ignore,"<table class=""table table-bordered""><thead><tr class=""result-table-heading""><th >Match</th><th >Prize</th><th >Odds</th></tr></thead><tbody><tr><td >12</td><td >$100,000</td><td >1 in 2,704,156.00</td></tr><tr><td >11</td><td >$1,000</td><td >1 in 18,778.86</td></tr><tr><td >10</td><td >$20</td><td >1 in 620.79</td></tr><tr><td >9</td><td >$5</td><td >1 in 55.87</td></tr><tr><td >8</td><td >$1</td><td >1 in 11.04</td></tr><tr><td >7</td><td >$0</td><td >-</td></tr><tr><td >6</td><td >$0</td><td >-</td></tr><tr><td >5</td><td >$0</td><td >-</td></tr><tr><td >4</td><td >$1</td><td >1 in 11.04</td></tr><tr><td >3</td><td >$5</td><td >1 in 55.87</td></tr><tr><td >2</td><td >$20</td><td >1 in 620.79</td></tr><tr><td >1</td><td >$1,000</td><td >1 in 18,778.86</td></tr><tr><td >0</td><td >$100,000</td><td >1 in 2,704,156.00</td></tr></tbody></table>",F,"6+1","6/53 + XTRA",,F,F,,,"1$",,
1016,All or Nothing Evening,Multi-State (US)-All or Nothing Evening,"8:45 PM",US/Central,"09:45 PM",,"6/53",,,F,F,,,T,F,Ignore,"<table class=""table table-bordered""><thead><tr class=""result-table-heading""><th >Match</th><th >Prize</th><th >Odds</th></tr></thead><tbody><tr><td >12</td><td >$100,000</td><td >1 in 2,704,156.00</td></tr><tr><td >11</td><td >$1,000</td><td >1 in 18,778.86</td></tr><tr><td >10</td><td >$20</td><td >1 in 620.79</td></tr><tr><td >9</td><td >$5</td><td >1 in 55.87</td></tr><tr><td >8</td><td >$1</td><td >1 in 11.04</td></tr><tr><td >7</td><td >$0</td><td >-</td></tr><tr><td >6</td><td >$0</td><td >-</td></tr><tr><td >5</td><td >$0</td><td >-</td></tr><tr><td >4</td><td >$1</td><td >1 in 11.04</td></tr><tr><td >3</td><td >$5</td><td >1 in 55.87</td></tr><tr><td >2</td><td >$20</td><td >1 in 620.79</td></tr><tr><td >1</td><td >$1,000</td><td >1 in 18,778.86</td></tr><tr><td >0</td><td >$100,000</td><td >1 in 2,704,156.00</td></tr></tbody></table>",F,"6+1","6/53 + XTRA",,F,F,,,"1$",,
1017,Cash4Life,Multi-State (US)-Cash4Life,"9:00 PM",US/Eastern,"09:00 PM",,"5/60+1/4","$1,000/day/life",,F,F,,,T,F,Closed,"<table class=""table table-bordered""><thead><tr class=""result-table-heading""><th><strong>Winning Tier</strong></th><th><strong>Prize Won</strong></th><th><strong>Odds</strong></th></tr></thead><tbody><tr><td>Match 5 + Cash Ball</td><td>$1,000 per Day for Life</td><td>1 in 21,846,048</td></tr><tr><td>Match 5</td><td>$1,000 per Week for Life</td><td>1 in 7,282,016</td></tr><tr><td>Match 4 + Cash Ball</td><td>$2,500</td><td>1 in 79,440</td></tr><tr><td>Match 4</td><td>$500</td><td>1 in 26,480</td></tr><tr><td>Match 3 + Cash Ball</td><td>$100</td><td>1 in 1,471</td></tr><tr><td>Match 3</td><td>$25</td><td>1 in 490</td></tr><tr><td>Match 2 + Cash Ball</td><td>$10</td><td>1 in 83</td></tr><tr><td>Match 2</td><td>$4</td><td>1 in 28</td></tr><tr><td>Match 1 + Cash Ball</td><td>2</td><td>1 in 13</td></tr></tbody></table>",F,"5+1","5/60 + 1/4 (Cash Ball)","134",F,F,,,"2$",,
1018,Lotto America,Multi-State (US)-Lotto America,"11:00 PM",US/Eastern,"11:00 PM",,"5/52+1/10",,,F,F,,,T,F,Active,"<table class=""table table-bordered""><thead><tr class=""result-table-heading""><th><strong>Prize Tier</strong></th><th><strong>Odds of Winning</strong></th><th><strong>Prize</strong></th></tr></thead><tbody><tr><td>5 + Star Ball</td><td>1 in 25,989,600</td><td>Jackpot</td></tr><tr><td>5</td><td>1 in 2,887,733</td><td>$20,000</td></tr><tr><td>4 + Star Ball</td><td>1 in 110,594</td><td>$1,000</td></tr><tr><td>4</td><td>1 in 12,288</td><td>$100</td></tr><tr><td>3 + Star Ball</td><td>1 in 2,404</td><td>$20</td></tr><tr><td>3</td><td>1 in 267</td><td>$5</td></tr><tr><td>2 + Star Ball</td><td>1 in 160</td><td>$5</td></tr><tr><td>1 + Star Ball</td><td>1 in 29</td><td>$2</td></tr><tr><td>0 + Star Ball</td><td>1 in 17</td><td>$2</td></tr></tbody></table>",F,"5+1+1","5/52 + 1/10 (Star Ball) + 1 (ASB)","135",T,F,,,"1$",,
