"ID","NAME","STATECODE","STATETIMEZONE","ONLYMULTISTATE","ADDR1","ADDR2","CITY","STATE","ZIP","COUNTRY","PHONE","URL","EMAIL","STATE_TEXT","KEY_WORDS","DESCRIPTION","TAX_RATE","TITLE","STATE_HISTORY_TEXT"
101,Arizona,az,Arizona Time (GMT-7:00),F,Arizona State Lottery,"4740 E. University Drive",Phoenix,AZ,"85034",USA,(480) 921-4400,https://www.arizonalottery.com/,cesquer@azlottery.gov,"<p>The <b>Arizona Lottery</b> is a state agency that helps fund public programs across Arizona by generating revenue through fun and exciting lottery games. Since its launch in <b>1981</b>, Arizona became the <b>first state west of the Mississippi River</b> to start a lottery, with its first-ever game being a scratch-off ticket called <b>Scratch It Rich</b>.</p><p>Today, the <b>Arizona Lottery offers a variety of games</b> to suit different players. You can try your luck with draw games like <b>Pick 3, Pick 4, The Pick, Fantasy 5, Powerball, and Mega Millions</b>, or go for instant excitement with <b>scratch-off tickets. </b></p><p><b>Where Does the Money Go?</b></p><p>Over the years, <b>Arizona Lottery ticket sales have contributed more than $4 billion</b> to different state programs. The funds are distributed across <b>12 designated funds</b>, supporting <b>18 public programs</b> that focus on:</p><p><ul style=""list-style-type: disc""><li>Arts & Education</li> <li>Community Enrichment</li> <li>Economic Development</li><li>Environmental Conservation</li> <li>Health & Human Services</li><li>Public Safety</li></ul></p><p>From funding education programs to supporting public safety initiatives, the Arizona Lottery plays a big role in improving communities across the state.</p>","az lottery,Arizona lottery, az lottery results,Arizona lottery results, Arizona lottery winning numbers, the pick Arizona lottery, az lottery winning numbers","Arizona lottery results and information, including draw details of the Arizona Pick3 and Fantasy5, as well as the Mega Millions and Aeizona Powerball lotteries.",0.05,,"<p>For the Arizona Lottery Winning Numbers History, you can find comprehensive data on past winning numbers, draw results, and game statistics. Whether you’re interested in Pick 3, Pick 4, The Pick, Fantasy 5, or any other Arizona Lottery game, our platform provides detailed historical information to help you analyze patterns and trends.</p>
<p>With our user-friendly interface, accessing the Arizona Lottery winning numbers history is easy. You can save or print the data for your convenience. Additionally, our website offers a convenient search tool to <b>find winning numbers or sets of numbers for all Arizona Lottery games</b> quickly.</p>
<p>For in-depth analysis and resources on Arizona Lottery winning numbers, visit our website today. We provide the most up-to-date information to enhance your lottery experience and increase your chances of winning. Don’t miss out on the opportunity to explore the <b>Arizona Lottery winning numbers history</b> and elevate your lottery strategies.</p>
"
102,Arkansas,ar,Central Standard Time (GMT-6:00),F,Arkansas Scholarship Lottery,P. O. Box 3238,Little Rock,AR,"72203-3239",USA,(501) 683-2000,http://myarkansaslottery.com/,aslinfo@arkansas.gov,"<p>The <b>Arkansas Scholarship Lottery (ASL)</b> has been an essential part of the state&apos;s education and economic development since it was launched in <b>2009</b>. It generates significant revenue to support <b>scholarships for students</b>, while also benefiting players and retailers across Arkansas.</p><p>The lottery offers a variety of <b>exciting games</b>, including draw games like <b>Cash 3, Cash 4, Lotto, Natural State Jackpot, Lucky for Life, Powerball, and Mega Millions</b>. For players who prefer instant wins, <b>Fast Play and scratch-off games</b> provide quick and entertaining ways to play.</p><p>Since its inception, the <b>Arkansas Lottery has sold over $7.8 billion in tickets</b>, making a significant impact on the state.</p><p><b>Commitment to Education &amp; Scholarships</b></p><p>The Arkansas Lottery is more than just a game&mdash;it plays a key role in funding education and supporting local communities. A portion of every ticket sold goes toward scholarships, helping students across the state achieve their educational goals.</p><p><b>Key Contributions</b></p><ul style=""list-style-type: disc !important""><li><b>Over $1.4 billion</b> allocated to scholarships, benefiting more than <b>770,000 Arkansas students</b>.</li><li>More than <b>$5 billion</b> awarded in prizes to players.</li><li>Over <b>$440 million</b> paid in commissions to lottery retailers.</li><li>More than <b>$182 million</b> contributed in state and federal tax revenue.</li></ul><p></p><p>By balancing <b>entertainment with education funding</b>, the Arkansas Lottery continues to provide valuable support to students while offering exciting gaming experiences.</p>","ar lottery results,Arkansas lottery, ar lottery, AR lottery winning numbers,Arkansas scholarship lottery, Arkansas lottery numbers, Arkansas lottery results, Arkansas lottery scholarship, ar lottery results",Enquire now on Arkansas Lottery results and winning numbers as well as information on drawings and Arkansas Powerball.,0.07,,"<p>Here, you can find the <b>past winning numbers, statistics</b>,
								and <b>in-depth analysis</b> for Arkansas
								lottery games. These include 
								Cash 3 Midday, Cash 3 Evening, Cash 4 Midday, Cash 4 Evening,
                                Natural State Jackpot, Lotto, Lucky for Life, Mega Millions, and
                                Powerball.</p><p>The <b>Arkansas winning numbers history</b> is provided on our website and its                     
								<strong>FREE</strong>. You can save it or print it. Explore 
								<a href=""https://lotterycorner.com/"">Lottery Corner</a> today, 
									we offer a tool to search for a winning number or a set of numbers
									for all Arkansas lottery games.
									<a href=""NULL/insider/register"">Register
									today</a> to check it out!</p><p>For in-depth analysis and other resources of the game winning
								numbers visit the game home page. Summary of winning numbers is
								available for the <b>Arkansas
									lottery</b> as of today!</p>"
103,California,ca,Pacific Standard Time (GMT-8:00),F,California State Lottery Headquarters,"601 N. Tenth St.",Sacramento,CA,"95814",USA,(800) 345-4275,http://www.calottery.com/,,"<p>The <b>California Lottery</b> was created with a single goal: to <b>support public education</b>&mdash;without raising taxes. Established through the <b>Lottery Act of 1984</b>, it launched its first game, <b>Scratchers</b>, on <b>October 3, 1985</b>. Since then, the lottery has become a major source of funding for California&rsquo;s schools and colleges, contributing <b>over $46 billion</b> to education.</p> <p><b>Designed to Supplement, Not Replace School Funding</b></p> <p>The law that governs the California Lottery makes it clear&mdash;<b>lottery proceeds must supplement existing school funding</b>, not replace it. Here&rsquo;s how each dollar is allocated by law:</p> <ul style=""list-style-type:disc""><li><b>At least 37%</b> goes directly to <b>public education</b>.</li> <li><b>A minimum of 50%</b> is returned to <b>players as prizes</b>.</li> <li><b>No more than 13%</b> covers <b>administrative and operational costs</b>.</li></ul><p></p> <p>The California Lottery is self&ndash;sustaining, covering all its expenses through game sales&mdash;<b>not public tax dollars</b>.</p> <p><b>California Lottery Games</b></p> <p>With a wide range of options, the California Lottery appeals to casual players and jackpot chasers alike. Current games include:</p> <ul style=""list-style-type:disc""><li><b>Powerball and Mega Millions</b> &mdash; National jackpot games with enormous prizes.</li> <li><b>SuperLotto Plus</b> &mdash; California&rsquo;s very own jackpot game.</li> <li><b>Fantasy 5, Daily 3, Daily 4, Daily Derby</b> &mdash; Fast&ndash;paced daily draws with flexible play options.</li> <li><b>Hot Spot</b> &mdash; A rapid&ndash;draw game for frequent players.</li> <li><b>Scratchers</b> &mdash; Instant&ndash;win games available in a variety of styles and price points.</li></ul><p></p> <p><b>Impact on California Schools and Communities</b></p> <p>The impact of the California Lottery is easy to measure: <b>95 cents of every dollar</b> spent on lottery games goes back to the community&mdash;<b>through education funding, prize payouts, and retailer commissions</b>.</p> <p>Funds are used by <b>K&ndash;12 schools, community colleges, CSU and UC campuses</b>, and specialized education programs. From new textbooks and technology to upgraded classrooms, lottery funds help <b>create better learning environments across the state</b>.</p> <p>Although the lottery is a public agency, it operates independently&mdash;<b>no tax dollars are used</b> to run games, pay staff, or distribute prizes.</p> <p><b>California Lottery in 2025 &amp; Beyond</b></p> <p>In 2025, the California Lottery continues to deliver on its mission: <b>to give back to education while offering players entertaining and responsible gaming experiences</b>. Whether you&rsquo;re chasing a jackpot or enjoying a quick Scratchers break, <b>you&rsquo;re helping California&rsquo;s schools thrive</b>.</p>","ca lottery,ca lottery results,California Lottery, CA Lottery Winning Numbers, California Lottery Results, Calif Lottery","Get Information on California Powerball, Mega Millions, Daily3 and Daily4 lottery results and winning numbers as well as california Lottery. Enquire now",0.00,,"<p> Looking for the <b>California lottery winning numbers history</b>? You’re in luck! Our platform offers comprehensive data on past California lottery results, ensuring you never miss a winning combination. From the popular California Daily 3 to the thrilling Mega Millions, our archives provide a detailed history of all the numbers drawn, empowering you to strategize your next play. </p>
<p> Explore the rich tapestry of <b>California lottery winning numbers</b> through our user-friendly interface. Dive deep into the archives to uncover the winning numbers for your favorite games, including the California Lottery Daily 3 and Fantasy 5. With our extensive collection of historical data, you can track trends, analyze patterns, and enhance your chances of hitting the jackpot.</p>
<p> Stay ahead of the game with our California lottery winning numbers history. Whether you’re a seasoned player or a newcomer to the lottery scene, our platform equips you with the insights you need to <b>make informed decisions</b>. Accessible, accurate, and up-to-date, our database ensures that you’re always in the know when it comes to California lottery results.</p>
"
104,Colorado,co,Mountain Standard Time (GMT-7:00),F,Colorado Lottery,PO BOX 7,Pueblo,CO,"81002",USA,(719) 546-2400,http://www.coloradolottery.com,,"<p>The <b>Colorado Lottery</b> launched on <b>January 24, 1983</b>, with a
clear and unique mission: to fund projects that <b>protect
Colorado's great outdoors</b>. Its first drawing took place just a few
months later, on April 23, 1983. Today, it stands out as the <b>only
lottery in the world</b> that dedicates nearly all of its proceeds to
<b>natural resources</b>, <b>parks</b>, <b>recreation</b>, and <b>education</b>.</p> 
<p>As a proud member of the <b>Multi&ndash;State Lottery Association (MUSL)</b>, the Colorado Lottery also offers players access to major national games like Powerball and Mega Millions.</p> <p><b>Purpose and Values</b></p> <p>The lottery&rsquo;s core mission is to design and sell fun, secure, and efficient lottery games that generate <b>maximum funds for outdoor and educational projects</b> across Colorado. Every ticket purchase contributes to enhancing the state&rsquo;s natural beauty, public facilities, and future generations&rsquo; quality of life.</p> <p><b>Games Offered by Colorado Lottery</b></p> <p>Colorado Lottery offers a mix of <b>local favorites</b> and <b>multi&ndash;state draws</b>, including:</p> <ul style=""list-style-type:disc""> <li><strong>Cash 5</strong> &mdash; A fast&ndash;paced daily game with great odds.</li> <li><strong>Pick 3</strong> &mdash; Quick and easy to play with flexible play styles.</li> <li><strong>Colorado Lotto+</strong> &mdash; A local jackpot game with automatic multiplier features.</li> <li><strong>Lucky for Life</strong> &mdash; Win $1,000 a day for life.</li> <li><strong>Powerball &amp; Mega Millions</strong> &mdash; Iconic games with huge national jackpots.</li> <li><strong>Scratch tickets</strong> &mdash; Instant&ndash;win games in various formats and price points.</li> </ul> <p></p><p><b>How Colorado Lottery Funds Are Used</b></p> <p>Since its launch, the Colorado Lottery has invested <b>over $4.3 billion</b> in statewide projects, from building <b>hiking trails and parks</b> to funding <b>educational infrastructure</b>. Here&rsquo;s how the money is allocated:</p> <ul style=""list-style-type:disc""> <li><strong>50%</strong> to <b>Great Outdoors Colorado (GOCO)</b> via a trust fund for competitive local grants.</li> <li><strong>40%</strong> to the <b>Conservation Trust Fund</b>, supporting local parks and recreation.</li> <li><strong>10%</strong> to <b>Colorado Parks and Wildlife</b>, protecting natural habitats.</li> <li>Once GOCO&rsquo;s cap is reached, additional proceeds are directed to the <b>BEST fund</b> (Building Excellent Schools Today) to improve school buildings and learning environments.</li> </ul><p></p> <p><b>Where Your Dollar Goes</b></p> <p>Every ticket sold stays in the state. Here&rsquo;s the general breakdown:</p> <ul style=""list-style-type:disc""> <li><strong>65%</strong> goes to <b>winners</b>.</li> <li><strong>21&ndash;24%</strong> funds outdoor and education projects.</li> <li><strong>7&ndash;8%</strong> goes to <b>retailers</b> as commissions and bonuses.</li> </ul><p></p> <p>Unlike most public agencies, the Colorado Lottery runs as an <b>enterprise fund</b>, receiving <b>no taxpayer dollars</b>. All operations&mdash;from employee pay to marketing and prizes&mdash;are funded through game sales.</p> <p><b>Colorado Lottery in 2025 & Beyond</b></p> <p>In 2025, the Colorado Lottery continues to make a measurable impact by preserving nature, funding community spaces, and improving education&mdash;all through fun and responsible play.</p>","co lottery results,Colorado lottery, co lottery, Colorado lottery results, co powerball, Colorado powerball, Colorado lotto, Colorado lottery numbers, co lottery winning numbers, Colorado lottery winners, Colorado lotto numbers, colorado cash",Results and winning numbers for the Colorado Lottery with information on all lottery games available including Mega Millions and Powerball on our website. Enquire now,0.04,,"<p>Here, you can find the <b>past winning numbers, statistics</b>,
								and <b>in-depth analysis</b> for Colorado
								lottery games. These include Pick
3 Midday, Pick 3, Cash 5, Lotto, Lotto Plus, Lucky for Life, Mega
Millions, and Powerball.
							</p>

							<p>
								The <b>Colorado winning numbers history</b> is provided on our website and it&apos;s                     
								<strong>FREE</strong>. You can save it or print it. Explore 
								<a href=""https://lotterycorner.com/"">Lottery Corner</a>, 
									we offer a tool to search for a winning number or a set of numbers
									for all Colorado lottery games.
									<a href=""NULL/insider/register"">Register
									today</a> to check it out!

							</p>
							<p>
								For in-depth analysis and other resources of the game winning
								numbers visit the game home page. Summary of winning numbers is
								available for the <b>Colorado
									lottery</b> as of today!
							</p>"
105,Connecticut,ct,Eastern Standard Time (GMT-5:00),F,Connecticut Lottery Corporation,"777 Brook Street",Rocky Hill,CT,"06067",USA,(860) 713-2000,https://www.ctlottery.org/default.aspx,ctlottery@ctlottery.org,"<p>The <b>Connecticut Lottery Corporation</b>, also simply known as the CT Lottery, began in 1971 with its first ticket being sold on February 15, 1972. The then government official, Governor Thomas J. Meskill has permitted the license by signing Public Act No. 865. There is a wide variety of in-house drawing games that are being offered at the Connecticut Lottery. It also takes participation in Mega Millions and Powerball, which are played in 44 states in addition to the U.S. Virgin Islands and the District of Columbia. The Connecticut Lottery still offers the original lottery under the name of <b>Connecticut Classic Lotto</b>.</p> <p><strong>Draw games offered by the Connecticut Lottery:</strong></p> <p>The Connecticut lottery currently offers seven types of draw games which are simple and easy to participate.</p> <ul> <li><strong>Play3</strong></li> </ul> <p>This game is drawn twice a day, once in the day and once at night. It&rsquo;s a 3 digit style game for which the tickets cost in fifty cent and multiples of it. Straight, box and pairs are the three types of bets that are involved in this game. All three digits have to be in an order for the Straight bet to be won. Box bet involves all the three digits to be in any order. Any two digits pairs should be drawn in the pairs bet.</p> <ul> <li><strong>Play4</strong></li> </ul> <p>This game is very similar to the play3 except for it to be played a 4-digit manner.</p> <ul> <li><strong>Cash5</strong></li> </ul> <p>A nightly game which comes under the category of five-number games. Introduced as Cash lotto in the year 1992, it used to be drawn only on Sundays in the beginning. In 1995, the introduction of three nights a week draws took place. After the introduction of the kicker option, the name has been changed to Cash 5. The player should pick five winning numbers from 35. The usual cost of this game is $1 but if a player wants to add kicker option to their game, an additional fifty cents are required. Kicker option activates more opportunities to win.</p> <ul> <li><strong>Lotto!</strong></li> </ul> <p>Drawn on Tuesday and Friday nights, Lotto! Is the in-house jackpot game of the Connecticut lottery. The original name of this game used to be Connecticut lotto back in 1983. With a 6/44 matrix, this games involved the drawing of six numbers from 44.</p> <ul> <li><strong>Lucky Links</strong></li> </ul> <p>The state&rsquo;s latest and hottest draw game, Lucky links began on April 26, 2015. This draw game is played very similarly to the infamous tic-tac-toe. Each ticket comes with eight numbers along with a free space having the $ sign. The price of each play is two dollars. In order to win a cash prize, the player needs to make a minimum of two complete diagonal, vertical or horizontal lines. A cash prize of $50,000 is awarded to the player who completed the board.</p> <ul> <li><strong>Keno:</strong></li> </ul> <p>The Connecticut lottery has started offering the Keno on April 25, 2016. The drawing takes place at each 4-minute interval. Almost three hundred drawings take place in a day. Instead of being 21, a keno player needs to be 18 or older.</p> <p><em>In addition to the above-mentioned draw games, the Connecticut lottery also offers several multi-jurisdictional games such as Lucky for life, Powerball, and Mega Millions.</em></p> <p><strong>FAQ</strong></p> <p>Q - What is the expiry date of prize-winning tickets?</p> <p>A - 180 calendar days for the draw game prizes.</p> <p>Q - Can a Connecticut lottery ticket be purchased with a debit or credit card?</p> <p>A - Lottery tickets can only be purchased with cash, money orders, prepaid gas cards, debit cards and much more but not a credit card.</p>","ct lottery, ct lottry results,Connecticut lottery, CT lottery, CT lotto, ct lotto,CT lottery results, CT winning numbers, Connecticut lotto, CT classic lotto, Connecticut classic lotto","Get Information on Connecticut ( CT ) Lottery winning numbers and results for Lotto, cash 5, Play3, Play 4 and Connecticut Powerball",0.07,,
106,Delaware,de,Eastern Standard Time (GMT-5:00),F,"1575 McKee Road",Suite 102,Dover,DE,"19904",USA,(302) 739-5291,http://www.delottery.com/,,"<p>The <b>Delaware State Lottery</b> has been a part of the state&apos;s history since <b>May 31, 1974</b>. Just a few months later, in <b>March 1975</b>, it launched its first&ndash;ever game, <b>LOTTO Superfecta</b>, marking the beginning of a long&ndash;standing tradition of exciting gaming in Delaware. </p>
<p>Now in its <b>50th year</b>, the Delaware Lottery continues to offer a wide range of games, generating revenue that supports the state&apos;s economy and essential public services. </p>

<p><b>Delaware Lottery Games &amp; Play Options</b></p>
<p>The Delaware Lottery provides <b>something for every type of player</b>, whether you prefer traditional draw games, instant games, or newer gaming options. </p>

<p><b>Draw Games:</b></p>
<p>
<ul style=""list-style-type: disc"">
  <li><b>Play 3, Play 4, Play 5</b> &mdash; Classic daily number games with multiple ways to win.</li>
  <li><b>Multi&ndash;Win Lotto</b> &mdash; A unique game that lets you win multiple times per ticket.</li>
  <li><b>Lucky for Life</b> &mdash; A lifetime prize game offering winners <b>$1,000 a day for life</b>.</li>
  <li><b>Powerball &amp; Mega Millions</b> &mdash; multi&ndash;state jackpot games known for their record&ndash;breaking prizes.</li>
  <li><b>Lotto America &amp; Keno</b> &mdash; Additional favorites for players who enjoy fast&ndash;paced draws.</li>
</ul>
</p>
<p><b>More Ways to Play:</b></p>
<p>
<ul style=""list-style-type: disc"">
  <li><b>Instant Games</b> &mdash; Scratch&ndash;off tickets with instant cash prizes.</li>
  <li><b>Video Lottery Games &amp; Table Games</b> &mdash; Available at <b>Delaware&apos;s casinos</b>.</li>
  <li><b>Sports Lottery</b> &mdash; Offering betting options on professional and college sports.</li>
  <li><b>iGaming</b> &mdash; Delaware became the <b>first U.S. state</b> to launch legal online gaming in <b>2013</b>, expanding play options beyond traditional lottery games.</li>
</ul>
</p>
<p><b>How Delaware Lottery Supports the State</b></p>
<p>Unlike other state lotteries that direct funds to specific programs, <b>Delaware Lottery revenues go into the state&apos;s General Fund</b>, benefiting a broad range of public services.</p>
<p>
<ul style=""list-style-type: disc"">
  <li><b>Education &amp; Youth Programs</b> &mdash; Helping fund schools, scholarships, and educational initiatives.</li>
  <li><b>Public Safety &amp; Crime Prevention</b> &mdash; Supporting local law enforcement and emergency services.</li>
  <li><b>Parks &amp; Community Development</b> &mdash; Maintaining parks, beaches, and recreational areas.</li>
  <li><b>Healthcare Services</b> &mdash; Providing essential healthcare support for families and seniors.</li>
</ul>
</p>
<p>Over the past <b>50 years</b>, the Delaware Lottery has contributed <b>more than $6 billion</b> to the General Fund. In <b>the last fiscal year alone (2024&ndash;2025),</b> the lottery added <b>$239.6 million</b> to state funding, making it <b>Delaware&apos;s 5th largest source of revenue</b>.</p>

<p>Additionally, the lottery sets aside <b>over $1 million annually for education and prevention programs focused on responsible gaming</b>, ensuring players stay informed about safe lottery participation.</p>

<p><b>Delaware Lottery in 2025 &amp; Beyond</b></p>
<p>With a legacy spanning five decades, the Delaware Lottery continues to <b>evolve, grow, and support the state&apos;s economy</b>, all while providing players with exciting opportunities to win. See the latest Delaware Lottery winning numbers and discover what prizes are up for grabs today!</p>
","de lottery,de lottery results,de lottery winning numbers, Delaware Lottery, Delaware Lottery Results, DE Lottery Winning Numbers, DE lotto","Results of all Delaware(DE) lotteries, as well as winning numbers for the major multi-state lotteries and information on the lottery in Delaware is mentioned on the website. Enquire now",0.00,,
107,Florida,fl,Eastern Standard Time (GMT-5:00),F,The Florida Lottery,"250 Marriott Drive",Tallahassee,FL,"32301",USA,(850) 487-7787,http://www.flalottery.com/,,"<p>The <b>Florida Lottery</b> began operations on <b>January 12, 1988</b>, with a mission to <b>fund public education across the state</b>. Since then, it has become one of the most recognized lotteries in the country, especially for supporting programs like the <b>Bright Futures Scholarship</b>, which helps students pay for college.</p><p><b>A Strong Start and Continued Growth</b></p><p>The Lottery&apos;s debut game was a $1 scratch-off called <b>Millionaire</b>, which launched in 1988 and offered a top prize of $1 million. Over time, Florida added more games, including <b>Mega Money</b> in 1998, and expanded to offer <b>multi&ndash;state games and fast&ndash;play options</b>.</p><p>Today, the Florida Lottery features <b>more than 85 games</b>, with over <b>$48 billion contributed to education</b> since its inception.</p><p><b>Florida Lottery Games</b></p><p>Players in Florida enjoy a wide selection of draw and instant&ndash;win games, including:</p><ul style=""list-style-type:disc""><li><b>Powerball, Mega Millions, Cash4Life, and Mega Money</b></li><li><b>Florida Lotto, Jackpot Triple Play, Fantasy 5, Cash Pop</b></li><li><b>Pick 2, Pick 3, Pick 4, Pick 5</b></li><li><b>A wide range of Scratch&ndash;Offs and fast play options</b></li></ul><p></p><p>This mix of games offers <b>something for every type of player</b>, from daily draws to massive jackpot opportunities.</p><p><b>Supporting Education and Local Communities</b></p><p>Florida Lottery funds play a critical role in supporting students and schools across the state. Along with college scholarships, proceeds go toward <b>K&ndash;12 programs and educational infrastructure</b>.</p><p>The lottery also supports Florida businesses. With more than <b>13,000 authorized retailers</b>, local stores not only sell tickets but also earn <b>commissions and bonuses</b> on winning ticket sales&mdash;keeping money circulating in the local economy.</p><p>In <b>2013</b>, the Florida Lottery celebrated <b>25 years of operations</b>, launching a full rebrand with a new logo and expanded presence on <b>social media platforms</b> like Facebook and Twitter.</p><p><b>Florida Lottery in 2025 &amp; Beyond</b></p><p>As of 2025, the Florida Lottery remains committed to offering exciting games while continuing to invest in the future of education. <b>Explore current Florida Lottery games and results right here&mdash;your next big win might be just away</b>.</p>","fl lottery,fl lottery results,florida lottery, fl lotto, florida lottery results, florida lotto,florida lottery winning numbers, fl lotttery winning numbers","Get latest Florida(FL) lottery results, with winning numbers for the Mega Millions and Powerball lotteries, as well as jackpot amounts and past results. Enquire now",0.00,,
108,Georgia,ga,Eastern Standard Time (GMT-5:00),F,Georgia Lottery Corporation,"250 Williams Street comma  Suite 3000",Atlanta,GA,"30303",USA,(404) 215-5000,http://www.galottery.com/,glottery@galottery.org,"<p>The <b>Georgia Lottery </b>has been changing lives since <b>1993</b>, generating billions in funding for education while offering exciting games to players across the state. What started as a way to support Georgia students has now become a <b>multi&ndash;billion&ndash;dollar initiative</b>, helping <b>millions of students afford college and early education</b>. </p><h3 style=""font-size:1.2rem"">A Record&ndash;Breaking Beginning &amp; Continued Growth</h3><p>When Georgia Lottery tickets first went on sale on <b>June 29, 1993</b>, it was an instant success. <b>In just the first week, Georgians spent over $52 million on tickets</b>, setting a <b>national record </b>for lottery sales at launch. Within <b>two weeks</b>, the lottery had already paid off its startup loan. </p><p>Fast forward to <b>2025</b>, and the Georgia Lottery continues to thrive, <b>raising more than $29 billion</b> for education programs while consistently breaking records in <b>ticket sales and prize payouts</b>. </p><h3 style=""font-size:1.2rem"">For the Students: How Georgia Lottery Funds Education</h3><p>The biggest winners of the Georgia Lottery aren&apos;t just ticket holders&mdash;they&apos;re <b>Georgia students</b>. Since its inception, the lottery has helped:</p><ul style=""list-style-type: disc! Important""><li><b>Over 2.1 million students</b> attend college through <b>HOPE Scholarships</b>.</li><li><b>More than 2.2 million children</b> receive free early education through Georgia&apos;s<b> Pre&ndash;K Program</b>.</li><li><b>Billions of dollars</b> in funding go toward school resources, technology, and improving learning environments. </li></ul><p></p><h3 style=""font-size:1.2rem"">Real Stories: The Impact of Georgia Lottery</h3><p>These numbers translate into <b>real&ndash;life success stories</b>:</p><ul style=""list-style-type: disc! Important""><li><b>Jasmine&apos;s Journey: </b>Growing up in rural Georgia, Jasmine wasn&apos;t sure if college would be an option. Thanks to the <b>HOPE Scholarship</b>, she not only attended college but graduated debt&ndash;free. Today, she&apos;s a middle school teacher, giving back to the community that helped her succeed. </li><li><b>Emily&apos;s Dream: </b>A passion for nursing drove Emily to pursue a healthcare degree, but financial constraints made it challenging. With support from the Geo</li></ul><p></p><h3 style=""font-size:1.2rem"">Georgia Lottery in 2025 &amp; beyond</h3><p>The Georgia Lottery remains committed to <b>supporting education and funding student success</b> while offering exciting new games for players. <b>Check today&apos;s Georgia Lottery results and see if you&apos;re the next big winner! </b></p>","ga lottery,ga lottery results, Georgia Lottery, Georgia Lottery Results, GA Lotto,ga lottery winning numbers","Get Up to date Georgia ( GA ) lottery results, such as the winning numbers for Powerball, Mega Millions and jackpot amount on our website.",0.06,,
109,Idaho,id,Mountain Standard Time (GMT-7:00),F,Idaho Lottery,P.O.Box 6537,Boise,ID,"83707",USA,(208) 334-2600,http://www.idaholottery.com,info@idaholottery.com ,"<p>The<b> Idaho Lottery</b> was established in <b>1988</b> after a public vote approved its creation. It was designed with a clear purpose&mdash;<b>to benefit public schools and the state&apos;s permanent buildings</b>, including <b>colleges and universities</b>. Over the years, the Idaho Lottery has earned the nickname <b><q>The People&apos;s Lottery</q></b> because every ticket sold helps fund <b>education and infrastructure projects</b> across the state.</p><p><b>Idaho Lottery&apos;s Impressive Start &amp; Growth</b></p><p>On <b>July 19, 1989</b>, Idaho sold its <b>first lottery ticket</b>, and the response was overwhelming&mdash;<b>over 840,000 tickets</b> were purchased on day one! By the end of its <b>first year</b>, the lottery had generated <b>$65 million in sales</b>, returning <b>$17.2 million</b> to the state for schools and public buildings.</p><p>The Idaho Lottery has continued to <b>expand and innovate</b>, now offering a <b>diverse selection of games</b> for players to enjoy.</p><p><b>Exciting Idaho Lottery Games</b></p><p>Players in Idaho have access to a variety of <b>draw games, instant games, and special promotions</b>.</p><p><b>Popular Draw Games:</b></p><p><ul style=""list-style-type: disc !Important""><li><b>Powerball &amp; Mega Millions</b> &mdash; Nationally recognized jackpot games with life&ndash;changing prizes.</li><li><b>Lotto America</b> &mdash; A multi&ndash;state game with exciting payouts.</li><li><b>Lucky for Life</b> &mdash; A unique game where winners receive <b>$1,000 per day for life</b>.</li><li><b>Idaho Cash &amp; 5 Star Draw</b> &mdash; Exclusive state games with great odds for local players.</li><li><b>Pick 3 &amp; Pick 4</b> &mdash; Daily number games with multiple play styles.</li></ul></p><p><b>How the Idaho Lottery Gives Back</b></p><p>Since its inception, the Idaho Lottery has contributed <b>over $1.034 billion</b> toward <b>public schools, universities, and state building projects</b>. In addition, the lottery has:</p><p><ul style=""list-style-type: disc !Important""><li><b>old more than $4.6 billion</b> in tickets.</li><li><b>Paid out nearly $2.8 billion</b> in prizes to lucky winners.</li><li><b>Awarded $270.9 million</b> in commissions to Idaho retailers.</li></ul></p><p><b>Idaho Lottery in 2025 &amp; Beyond</b></p><p>With over <b>35 years of history</b>, the Idaho Lottery continues to <b>support education and infrastructure</b>, making it one of the most impactful programs in the state. Check today&apos;s Idaho Lottery results and find out if you&apos;re holding a winning ticket!</p>","Idaho lottery, id lottery, Idaho lottery results, Idaho lottery numbers,Idaho lotto,id lotto,Idaho powerball,Idaho lottery winning numbers, Idaho lottery powerball, Idaho lottery winner, id powerball numbers, Idaho powerball results,Idaho lottery winning numbers,id lottery winning numbers","Get latest information about the Idaho ( ID ) Lottery with results & winning numbers for state lotteries, Powerball and Mega Millions on our website",0.07,,
110,Illinois,il,Central Standard Time (GMT-6:00),F,Illinois Lottery,"101 W Jefferson St comma",Springfield,IL,"62702",USA,(800) 252-1775,http://www.illinoislottery.com/,LotteryInfo@NorthstarLottery.net,"<p>The Illinois Lottery officially launched on <b>July 1, 1974</b>, and quickly became a favorite across the state. In its very first year, it generated an impressive <b>$129 million</b> in sales. Though enthusiasm dipped over time, the lottery regained momentum in 1980 with the introduction of its first terminal game, <b>Pick 3</b>, which boosted sales to <b>$164 million</b> and reignited public interest.</p><p>Today, the Illinois Lottery offers a wide variety of games including <b>Pick 3, Pick 4, Lucky Day Lotto, Lotto, Powerball, and Mega Millions</b>, providing players with exciting opportunities every day.</p><p>The lottery drawings are conducted under the supervision of an independent auditor to ensure integrity. In a unique move, Illinois became the only single&ndash;jurisdiction lottery to broadcast its drawings nationwide through WGN America. These broadcasts brought Illinois games into homes across the U.S. and even into parts of Canada. Although WGN America shifted its programming in 2014 and discontinued the broadcasts, the Illinois Lottery continues to maintain strict transparency in its operations.</p><p><strong>How Illinois Lottery Funds Are Used</strong><p>The money raised by the Illinois Lottery supports several important causes:</p><p><ul style=""list-style-type:disc""><li><b>Education Funding</b>: Since 1985, lottery profits have gone to the <b>Common School Fund</b>, providing essential financial support to K&ndash;12 public schools. Over the years, the Illinois Lottery has contributed more than <b>$24 billion</b> to education.</li><li><b>Specialty Instant Games</b>: Introduced in 2006, specialty tickets help fund causes like <b>Special Olympics, multiple sclerosis research, HIV/AIDS support, veterans&#39; assistance, breast cancer research, homelessness prevention</b>, and <b>Alzheimer&#39;s support</b>.</li><li><b>Capital Projects Fund</b>: Between 2010 and 2022, part of the lottery proceeds also supported <b>infrastructure projects</b>, such as building and repairing state roads and bridges.</li></ul></p><p>The Illinois Lottery is currently managed by the <b>Department of Lottery</b> under the leadership of <b>Director Harold Mays</b> , operating out of offices across Chicago, Springfield, Des Plaines, Rockford, and Fairview Heights.</p><p><strong>Illinois Lottery in 2025 and Beyond</strong></p><p>As of 2025, the Illinois Lottery continues to play a major role in funding public education, supporting special causes, and offering exciting games to players. Whether you&#39;re checking the <a href=""#results"">latest Illinois Lottery results</a> or playing your favorite numbers, every ticket helps support a stronger future for Illinois.</p><p>Stay updated on Illinois Lottery games, winning numbers, and jackpot news right here&mdash;because your next big win could be just a ticket away.</p>","Illinois Lottery, Illinois Lottery Results, Illinois Lottery Winning Numbers, Illinois Lotto, IL Lotto","Get latest information about the Illinois( IL ) Lottery with results & winning numbers for state lotteries, Powerball, Mega Millions & all of the games.",0.05,Illinois (IL) Lottery Latest Results | Lottery Corner,
111,Indiana,in,Eastern Standard Time (GMT-5:00),F,Hoosier Lottery Headquarters,"1302 N.Meridian St",Indianapolis,IN,"46202",USA,"1-800-955-6886",https://www.hoosierlottery.com,info@hoosierlottery.com.,"<p>The <b>Hoosier Lottery</b> holds a special place in the United States as the only lottery named after its state&apos;s nickname. Established to passionately give back to Indiana, the Hoosier Lottery has become an essential part of the state&apos;s culture and economy.</p><p>In <b>November 1988</b>, Indiana voters approved the creation of the lottery with strong public support. The Indiana General Assembly officially passed the Lottery Act in <b>May 1989</b>, and ticket sales began soon after. The first scratch&#45;off game, Hoosier Millionaire, launched in October, and the first online draw game,<b>Lotto Cash</b>, followed in April 1990. On its very first day, the Hoosier Lottery recorded an impressive <b>$8.19 million</b> in ticket sales.</p><p>Today, the Hoosier Lottery offers a wide range of games, including <b>Powerball, Mega Millions, Hoosier Lotto, Cash 5, and Poker Lotto</b>, along with a strong portfolio of instant scratch&#45;off tickets. Over the years, it has continued to add exciting options to keep players engaged, including participating in national games like the <b>Monopoly Millionaires&apos; Club</b> during its brief run.</p><p><strong>Where the Hoosier Lottery Funds Go</strong></p><p><ul style=""list-style-type:disc"">The proceeds from the Hoosier Lottery support programs that touch lives across Indiana:<li><b>Police and Firefighter Pensions</b> &mdash; Helping provide secure retirements for those who protect the community.</li><li><b>Teachers&apos; Retirement Fund</b> &mdash; Supporting educators who shape future generations.</li><li><b>Lottery Surplus Fund</b> &mdash; Enhancing public programs and services throughout the state.</li></ul></p><p>The primary mission of the Hoosier Lottery remains to <b>maximize contributions to Indiana</b> in a socially responsible way while maintaining the integrity and fun of its games.</p><p><strong>Indiana Lottery in 2025 and Beyond</strong></p>Now in 2025, the Hoosier Lottery continues to offer exciting games and vital support to communities across Indiana. Whether you&apos;re checking the <a href=""#results"">latest Indiana Lottery results</a> or playing your favorite scratch&#45;offs, remember that every ticket you purchase helps give back to the state and makes a difference.</p><p>Your dreams and Indiana&apos;s future are closer than you think.</p>","in Lottery,in lottery results, Indiana lottery, Indiana lottery results, IN lottery numbers, Indiana Hoosier lottery, Hoosier lotto, Indiana mega millions, Indiana Powerball","Get complete information about Indiana (IN) Lottery results ,winning numbers and jackpot amount and all other games on our website",0.03,,
112,Iowa,ia,Central Standard Time (GMT-6:00),F,Lottery Headquarters,"2323 Grade Ave",Des Moines,IA,"50312",USA,(55) 725-7900,http://www.ialottery.com,wmaster@ialottery.com,"<p>The <b>Iowa Lottery</b> has been making a difference since it was established in <b>1985</b>, combining entertainment with real impact across the state. Created to generate revenue for important state programs, the Iowa Lottery continues to support projects that benefit all Iowans while providing players with the excitement of winning.</p><p>The lottery launched with an instant&ndash;scratch game called <b>Scratch, Match, and Win</b>, which saw massive success by selling over <b>6.4 million tickets</b> in its first week alone. Iowa also became a national leader in promoting responsible gaming, setting the <b>first minimum lottery&#45;playing age of 21</b> in the country in <b>1994</b>.</p><p>Today, the Iowa Lottery offers a wide variety of games, including <b>Powerball, Mega Millions, Lotto America, Lucky for Life, Pick 3, and Pick 4</b>, as well as instant scratch games, pull&#45;tab games, and InstaPlay options.</p><p><strong>How Iowa Lottery Proceeds Support the State</strong></p><p><ul style=""list-style-type:disc"">The Iowa Lottery has raised over <b>$2 billion</b> for state programs and paid out more than <b>$4.5 billion</b> in prizes since it began. Proceeds help fund vital initiatives across four key areas:<li><b>Iowa Veterans Trust Fund &#45;</b> Supporting veterans and their families.</li><li><b>Iowa Public Safety Survivor Benefits Fund &#45;</b> Providing assistance to the families of fallen peace officers and firefighters.</li><li><b>State General Fund &#45;</b> Financing major public projects and services.</li><li><b>Vision Iowa Program &#45;</b> Boosting tourism, building attractions, and improving school facilities.</li></ul></p><p>When players buy a ticket, they are helping to build stronger communities, safer neighborhoods, better education, and a better quality of life for everyone in Iowa.</p><p><strong>Iowa Lottery in 2025 and Beyond</strong></p><p>As of 2025, the Iowa Lottery continues to play a crucial role in strengthening the state through its contributions and community efforts. Whether you are following the <a href=""#results"">latest Iowa Lottery results</a> or picking your numbers for the next big draw, every ticket you play helps Iowa win.</p><p>Your play supports real progress across the state&ndash;and just maybe, your next ticket will be a winning one too.</p>","iowa lottery, ia lottery, iowa lottery results, ia lottery winning numbers, iowa lottery winning numbers, ia lottery results, iowa powerball, ia powerball, iowa mega millions, iowa hot lotto, iowa lottery tickets, iowa lottery powerball results, iowa powerball winning numbers","All Iowa ( IA ) lottery results and winning numbers & accurate results for a variety of Iowa ( IA ) lottery games, including Mega Millions are regulalry updated on our website",0.05,,"<p>Here, you can find the <b>past winning numbers, statistics</b>,
								and <b>in-depth analysis</b> for Iowa
								lottery games. These include Pick 3
Midday, Pick 3 Evening, Pick 4 Midday, Pick 4 Evening, Lucky
for Life, Lotto America, Mega Millions, and Powerball.</p>

							<p>
								The <b>Iowa winning numbers history</b> is provided, and it&apos;s                     
								<strong>FREE</strong>. You can save it or print it. Explore 
								<a href=""https://lotterycorner.com/"">Lottery Corner</a>, 
									we offer a tool to search for a winning number or a set of numbers
									for all Iowa lottery games.
									<a href=""NULL/insider/register"">Register
									today</a> to check it out!

							</p>
							<p>
								For in-depth analysis and other resources of the game winning
								numbers visit the game home page. Summary of winning numbers is
								available for the <b>Iowa
									lottery</b> as of today!
							</p>"
113,Kansas,ks,Central Standard Time (GMT-6:00),F,Kansas Lottery Headquarters,"128 N Kansas Avenue",Topeka,KS,"66603",USA,(785) 296-5700,http://www.kslottery.com/,lotteryinfo@kslottery.net,"<p>The <strong>Kansas Lottery</strong> was launched in <strong>1987</strong>, following voter approval through a constitutional amendment. It was created to generate revenue for the state without increasing taxes, and since its inception, it has contributed <strong>over $2 billion</strong> to various public programs across Kansas.</p>

<p><strong>Kansas Lottery Games</strong></p>
<p>The Kansas Lottery offers a well-rounded mix of draw games and instant-win options, including:</p>
<p><ul style=""list-style-type:disc"">
  <li><strong>Super Kansas Cash</strong> &ndash; A Kansas-exclusive jackpot game</li>
  <li><strong>Pick 3</strong>, <strong>2by2</strong>, and <strong>Racetrax</strong> &ndash; Quick daily and fast-paced games</li>
  <li><strong>Powerball</strong> and <strong>Mega Millions</strong> &ndash; National games offering multi-million-dollar jackpots</li>
  <li><strong>Lucky for Life</strong> and <strong>Lotto America</strong> &ndash; Multi-state games with unique prize structures</li>
  <li><strong>Scratch tickets</strong> &ndash; Featuring seasonal themes and various price points</li>
</ul></p>
<p>The Lottery continues to update and expand its game offerings to meet the interests of players while promoting responsible play.</p>

<p><strong>Where the Money Goes</strong></p>
<p>The Kansas Lottery plays an essential role in supporting state programs. Proceeds from ticket sales are directed to the <strong>State Gaming Revenues Fund</strong>, which helps finance:</p>
<p><ul style=""list-style-type:disc"">
  <li><strong>Economic development initiatives</strong></li>
  <li><strong>Prison construction and maintenance</strong></li>
  <li><strong>Juvenile detention facilities</strong></li>
  <li><strong>Problem gambling assistance programs</strong></li>
  <li><strong>Law enforcement and public safety projects</strong></li>
</ul></p>
<p>Retailers across Kansas also benefit through commissions and performance bonuses, supporting local businesses statewide.</p>

<p><strong>Kansas Lottery in 2025 and Beyond</strong></p>
<p>In <strong>2025</strong>, the Kansas Lottery continues to grow its reach with improved digital tools, fresh game formats, and promotions aimed at enhancing the player experience. Whether you&rsquo;re checking <strong>Kansas Lottery results</strong> or waiting for the next jackpot drawing, every ticket sold supports the state&rsquo;s progress and community investment.</p>","Kansas lottery, ks lottery, Kansas lotto, ks lotto, Kansas lottery results, ks lottery results, Kansas powerball, ks powerball,KS powerball, Kansas lottery numbers, ks lottery numbers, Kansas lottery powerball, Kansas powerball numbers, Kansas lottery winners, powerball Kansas","Get complete information on Winning numbers, results and information on all aspects of the Kansas ( KS ) Lottery and its games on our website.",0.05,,"<p>Here, you can find the <b>past winning numbers, statistics</b>,
								and <b>in-depth analysis</b> for Kansas
								lottery games. These include  Pick 3,
Pick 3 Evening, Super Cash, 2by2, Lucky for Life, Lotto America,
Mega Millions, and Powerball.</p>

							<p>
								The <b>Kansas winning numbers history</b> is provided, and it&apos;s                     
								<strong>FREE</strong>. You can save it or print it. Explore 
								<a href=""https://lotterycorner.com/"">Lottery Corner</a>, 
									we offer a tool to search for a winning number or a set of numbers
									for all Kansas lottery games.
									<a href=""NULL/insider/register"">Register
									today</a> to check it out!

							</p>
							<p>
								For in-depth analysis and other resources of the game winning
								numbers visit the game home page. Summary of winning numbers is
								available for the <b>Kansas
									lottery</b> as of today!
							</p>"
114,Kentucky,ky,Eastern Standard Time (GMT-5:00),F,Headquarters LOUISVILLE,"1011 West Main Street",Louisville,KY,"40202",USA,(502) 560-1500,http://www.kylottery.com,,"<p>The <strong>Kentucky Lottery</strong> was launched in <strong>1989</strong> with a goal of supporting education and creating fun, engaging games for residents across the state. Since then, it has grown into one of the most impactful lotteries in the country, generating more than <strong>$7 billion</strong> for education-related programs and returning billions more in prizes.</p>

<p><strong>Kentucky Lottery Games</strong></p>
<p>Kentucky players enjoy a wide selection of draw and instant-win games, including:</p>
<p><ul style=""list-style-type:disc"">
  <li><strong>Powerball</strong> and <strong>Mega Millions</strong> &ndash; Multi-state jackpots with nationwide appeal</li>
  <li><strong>Cash Ball 225</strong> &ndash; A local favorite offering daily draws</li>
  <li><strong>5 Card Cash</strong>, <strong>Pick 3</strong>, <strong>Pick 4</strong>, and <strong>Keno</strong> &ndash; Quick games with frequent chances to win</li>
  <li><strong>Scratch-offs</strong> &ndash; With a wide variety of price points and themes</li>
</ul></p>
<p>The lottery also supports online play, offering players the convenience of purchasing tickets and checking results through a secure platform.</p>

<p><strong>Supporting Education Across Kentucky</strong></p>
<p>A major portion of Kentucky Lottery proceeds goes directly toward helping students across the state. Key areas of support include:</p>
<p><ul style=""list-style-type:disc"">
  <li><strong>College Scholarships and Grants</strong> &ndash; Including the popular KEES program</li>
  <li><strong>Need-based financial aid</strong></li>
  <li><strong>Adult education and literacy programs</strong></li>
</ul></p>
<p>Over the years, the Kentucky Lottery has helped fund the educational journeys of <strong>more than one million students</strong>, making it a trusted source of opportunity for generations.</p>

<p><strong>Kentucky Lottery in 2025 and Beyond</strong></p>
<p>Now in <strong>2025</strong>, the Kentucky Lottery continues to deliver value through its games while driving support for education. With new games, digital engagement, and continued strong sales, it&rsquo;s playing a meaningful role in shaping the future of the state&mdash;one ticket at a time. Whether you&rsquo;re checking <strong>Kentucky Lottery results</strong> or picking numbers for the next draw, you&rsquo;re helping build something bigger.</p>","ky lottey,ky lottery results,ky lottery numbers, Kentucky Lottery, Kentucky Lotto Results, Ky Lottery Winning Numbers, KY lotto, Kentucky Powerball, Kentucky Mega Millions","Get complete information on Kentucky ( KY ) Lottery results for all state games and winning numbers for Powerball, Mega Millions on our website.",0.06,Kentucky (KY) Lottery Latest Results | Lottery Corner,
115,Louisiana,la,Central Standard Time (GMT-6:00),F,Louisiana Lottery Corporation Headquarters,"555 Kayrel St comma ",Baton Rouge,LA,"70801",USA,(225) 297-2000,https://louisianalottery.com/,,"<p>The <b>Louisiana Lottery Corporation</b> was established in <b>1991</b> to generate revenue without raising taxes, and it has consistently delivered on that promise. With a blend of multi-state jackpots, in-state draw games, and scratch-offs, the Louisiana Lottery has become a trusted part of the state’s entertainment and funding landscape.</p> <p><b>Louisiana Lottery Games</b></p>
<p>Players in Louisiana enjoy access to both big national games and exclusive state favorites, including:</p>
<p><ul style=""list-style-type: disc""><li><b>Powerball</b> and <b>Mega Millions</b>  &#x2012; Offering massive jackpots</li>
<li><b>Lotto</b>  &#x2012; Louisiana&apos;s flagship in-state jackpot game</li>
<li><b>Easy 5</b>  &#x2012; A simpler game with good odds</li>
<li><b>Pick 3</b> and <b>Pick 4</b>  &#x2012; Daily games with multiple play styles</li>
<li><b>Fast Play</b> and <b>Scratch-offs</b>  &#x2012; Instant-win options with progressive jackpots and seasonal themes</li></ul>
</p> <p><b>Where the Money Goes</b></p>
<p>The Louisiana Lottery returns a significant portion of its revenue to the state, helping fund a wide range of public services. Key areas of impact include:</p>
<p><ul style=""list-style-type: disc""><li><b>K-12 education</b>  &#x2012; A large share of lottery proceeds supports the Minimum Foundation Program, which provides per-student funding across public schools</li>
<li><b>Government services</b>  &#x2012; Funds are used to support law enforcement, health services, and infrastructure</li>
<li><b>Retailer commissions</b>  &#x2012; Local businesses earn millions annually through ticket sales and bonuses</li></ul></p><p>Since inception, the Lottery has transferred over <b>$4.5 billion</b> to the state treasury and awarded billions more in prizes.</p><p><b>Louisiana Lottery in 2025 and Beyond</b></p>
<p>As of 2025, the Louisiana Lottery continues to introduce new games and expand its digital presence to better serve players. With a steady commitment to integrity and community investment, each ticket sold helps move the state forward. From jackpot dreams to everyday winners, the Louisiana Lottery remains a powerful tool for entertainment and impact.</p>
","la lottery results,louisiana lottery, la lottery, louisiana lottery results, la lotto,  louisiana lottery numbers, Louisiana lotto, Louisiana lottery corporation, Louisiana powerball,louisiana lottery winning numbers",Get complete information on Louisiana ( LA ) Lottery results and winning numbersfor the oldest legal US lottery  on our website.,0.05,,
116,Maine,me,Eastern Standard Time (GMT-5:00),T,"10 Water Street",,Hallowell,ME,"04347",USA,(207) 287-3721,https://www.mainelottery.com/,MaineLottery@Maine.gov,"<p>The <b>Maine Lottery</b> was established in <b>1974</b> following a successful public referendum. Governor Kenneth M. Curtis conducted the first drawing on June 27, 1974, using a gumball machine to select the winning numbers. Since then, the Maine Lottery has evolved into a significant contributor to the state's economy and public services.</p> <p><b>Maine Lottery Games</b></p><p>Maine offers a diverse selection of lottery games, including both in-state and multi-state options:</p><p><ul style=""list-style-type: disc""><li><b>Tri-State Megabucks</b>: A collaborative game with New Hampshire and Vermont, offering substantial jackpots.</li>
<li><b>Powerball</b> and <b>Mega Millions</b>: National games with large jackpots.</li>
<li><b>Pick 3</b> and <b>Pick 4</b>: Daily draw games with various play styles.</li>
<li><b>Gimme 5</b>: A regional game with a top prize of $100,000.</li>
<li><b>Lotto America</b>: A multi-state game with jackpots starting at $2 million.</li>
<li><b>Lucky for Life</b>: Offers a chance to win $1,000 a day for life.</li>
<li><b>Scratch-off Tickets</b>: Instant-win games with various themes and prize levels.</li>
<li><b>Fast Play Games</b>: Terminal-generated games that combine instant play with progressive jackpots.</li></ul></p><p><b>Where the Money Goes</b></p>
<p>The Maine Lottery allocates its revenues to various state programs and services:</b>
<p><ul style=""list-style-type: disc""><li><b>Prizes</b>: Approximately 68% of ticket sales are returned to players as prizes.</li>
<li><b>Retailer Commissions</b>: Retailers earn commissions and bonuses for selling lottery products.</li>
<li><b>General Fund</b>: A significant portion of proceeds supports the state's General Fund, which finances essential services such as education, healthcare, and infrastructure.</li>
<li><b>Maine Outdoor Heritage Fund</b>: Funds are allocated to conserve wildlife and natural resources.</li></ul></p>
<p>In fiscal year 2023, the Maine Lottery transferred over $72 million to the General Fund, marking a record contribution.</p><p><b>Maine Lottery in 2025 and Beyond</b></p><p>As of 2025, the Maine Lottery continues to offer exciting games and substantial prizes to players across the state. With ongoing contributions to vital state programs and a commitment to responsible gaming, the Maine Lottery remains a valuable asset to Maine's communities.
Whether you're checking the latest Maine Lottery results or trying your luck with a new game, every ticket purchased supports the state's ongoing efforts to enhance the quality of life for its residents.</p>

","me lottery results,maine lottery, me lottery, maine powerball,maine lottery winners,  maine mega millions, tri state lotteries, tri state weekly grand, weekly grand lottery, tri state megabucks maine lottery winning numbers, maine lottery numbers","Get complete information on Maine(ME) Lottery results for all state games,jackpot amount winning numbers for Powerball, Mega Millions and Hot Lotto on our website",0.05,,"<p>Here, you can find the <b>past winning numbers</b>, <b>statistics</b>, and
<b>in-depth analysis</b> for Maine lottery games. These include Cash
Pop Early Bird, Cash Pop Brunch, Cash Pop Matinee, Cash Pop
Supper Time, Cash Pop Night Owl, Tri-State Pick 3 Day, Tri-State
Pick 3 Evening, Tri-State Pick 4 Day, Tri-State Pick 4 Evening,
Gimme 5, Lucky for Life, Tri-State Megabucks Plus, Lotto
America, Mega Millions, and Powerball.</p><p>The <b>Maine winning numbers history</b> is provided, and it&apos;s <b>FREE</b>.
You can save it or print it. Explore <a href=""https://lotterycorner.com/""title=""lottery corner"">Lottery Corner</a>, we offer a tool
to search for a winning number or a set of numbers for all
Maine lottery games. <a href=""https://lotterycorner.com/insider/register"" title=""register here"">Register today</a> to check it out!</p>
<p>For in-depth analysis and other resources of the game winning numbers visit the game home page. Summary of winning numbers is available for the <b>Maine lottery</b> as of today!</p>"
117,Maryland,md,Eastern Standard Time (GMT-5:00),F,Maryland State Lottery Agency,Suite 330 comma  1800 Washington Blvd,Baltimore,MD,"21231",USA,(401) 230-8800,http://www.mdlottery.com,,"<p>The <strong>Maryland Lottery</strong> was established in <strong>1973</strong>, making it one of the earliest state-run lotteries in the U.S. From its first game, a 50-cent ticket called &quot;Twin Win,&quot;to today&rsquo;s wide array of instant and draw games, the Maryland Lottery has become a major part of the state&rsquo;s economy and entertainment landscape.</p>

<p><b>Maryland Lottery Games</b></p>
<p>The Maryland Lottery offers a variety of games that appeal to different types of players:</p>
<p><ul style=""list-style-type:disc"">
  <li><strong>Pick 3, Pick 4, Pick 5</strong> &ndash; Daily draw games with flexible betting options</li>
  <li><strong>Multi-Match</strong> &ndash; Maryland&rsquo;s exclusive jackpot game</li>
  <li><strong>Bonus Match 5</strong> &ndash; A fast-paced draw game with solid odds</li>
  <li><strong>Powerball</strong> and <strong>Mega Millions</strong> &ndash; Popular multistate games with large jackpots</li>
  <li><strong>Cash4Life</strong> &ndash; Offering lifetime winnings</li>
  <li><strong>Scratch-offs</strong> and <strong>Fast Play games</strong> &ndash; Instant-win and progressive jackpot options</li>
</ul></p>

<p><b>Where the Money Goes</b></p>
<p>The Maryland Lottery contributes significantly to state programs and public services:</p>
<p><ul style=""list-style-type:disc"">
  <li><strong>Public education</strong> &ndash; A large portion of lottery profits supports Maryland&rsquo;s public schools and scholarship programs</li>
  <li><strong>Public health and safety</strong> &ndash; Funding helps enhance services across multiple departments</li>
  <li><strong>Community programs</strong> &ndash; Local development, housing, and small business support initiatives</li>
</ul></p>
<p>Since its start, the Maryland Lottery has contributed <strong>billions of dollars</strong> to the state&rsquo;s General Fund and other special initiatives that benefit residents across all counties.</p>

<p><b>Maryland Lottery in 2025 and Beyond</b></p>
<p>As of <strong>2025</strong>, the Maryland Lottery remains a strong performer in both sales and community contribution. Recent game launches and growing participation in digital plays reflect a shift toward more accessible, tech-forward experiences. Whether you&rsquo;re following <strong>Maryland Lottery results</strong> or just hoping to strike it big, each ticket purchased plays a part in helping the state move forward.</p>","md lottery,md lottery results, Maryland Lottery, Maryland Land Winning Numbers,MD lottery winning numbers","Check the results for all Maryland ( MD ) lottery games, including the winning numbers for Powerball, as well as Pick 3 and 4 on our website.",0.09,Maryland (MD) Lottery Latest Results | Lottery Corner,"<p>Here, you can find the <b>past winning numbers</b>, <b>statistics</b>, and
<b>in-depth analysis</b> for Maryland lottery games. These include
Pick 3 Midday, Pick 3 Evening, Pick 4 Midday, Pick 4 Evening,
Pick 5 Midday, Pick 5 Evening, Bonus Match 5, Multi Match,
Cash Pop 9 am, Cash Pop 1 pm, Cash Pop 6 pm, Cash Pop 11 pm,
Cash4Life, Mega Millions, and Powerball.</p>
<p>The <b>Maryland winning numbers history</b> is provided, and it&apos;s
<b>FREE</b>. You can save it or print it. Explore <a href=""https://lotterycorner.com/"" title=""lottery corner"">Lottery Corner</a>, we offer
a tool to search for a winning number or a set of numbers for all
Maryland lottery games. <a href=""https://lotterycorner.com/insider/register"" title=""Register"">Register today</a> to check it out!</p>
<p>For in-depth analysis and other resources of the game winning numbers visit the game home page. Summary of winning numbers is available for the <b>Maryland lottery</b> as of today!</p>"
118,Massachusetts,ma,Eastern Standard Time (GMT-5:00),F,Braintree Lottery headquarters,"60 Columbian Street",Braintree,MA,"02184",USA,(781) 849-5555,http://www.masslottery.com,webmaster@masslottery.com,"<p>The <b>Massachusetts Lottery</b> was created in <b>1971</b> to help generate local aid revenue for the state's 351 cities and towns. For over five decades, it has remained one of the most successful lotteries in the nation, delivering both entertainment and financial support across the Commonwealth.</p> <p><b>A Brief History</b></p><p><ul style=""list-style-type:disc""><li><b>1971</b>: The Massachusetts State Lottery was established by legislation</li>
<li><b>1972</b>: First game launched with weekly drawings</li>
<li><b>1980s&hyphen;2000s</b>: Expanded to include instant tickets, multi&hyphen;state games, and Keno</li>
<li><b>Today</b>: Known for strong payouts and consistent community support</li></ul></p> 
<p><b>Games Offered</b></p><p>
Massachusetts Lottery offers a wide selection of games, including:</p><p> <ul style=""list-style-type:disc""><li>
Mass Cash</li>
<li>The Numbers Game</li>
<li>Keno</li>
<li>All or Nothing</li>
<li>Powerball</li>
<li>Mega Millions</li>
<li>Lucky for Life</li>
<li>Scratch&hyphen;offs with various price points and themes</li></ul></p><p>
Games are available at thousands of licensed retailers statewide, offering daily and weekly chances to win.
</p> <p><b>Where the Money Goes</b></p><p>
Massachusetts Lottery revenue directly supports <b>Unrestricted General Government Aid</b>, which is distributed to every city and town in the state. Local governments use these funds to support:</p><p>    <ul style=""list-style-type:disc"">
<li>Public safety and emergency services</li>
<li>Education</li>
<li>Infrastructure and road repair</li>
<li>Community programs</li></ul></p>
<p>Since its inception, the Lottery has returned <b>billions of dollars</b> to municipalities, helping fund essential services and reducing the need for local tax increases.</p> <p><b>Massachusetts Lottery in 2025 and Beyond</b></p><p>
In <b>2025</b>, the Massachusetts Lottery continues to evolve with new game types, digital improvements, and a strong commitment to local aid. Every ticket purchased contributes to the everyday needs of cities and towns across the Commonwealth&ndash;making it a lottery built for the people, by the people.</p>","ma lottery results, mass lottery, Massachusetts lottery, ma lottery, mass lottery results,masslottery, megabucks, lottery ma, mass megabucks, mass lottery winning numbers",Get Information about all six Massachusetts ( MA ) lotteries as well as their winning numbers and results for multi-state lotteries; Mega Millions and Powerball,0.05,Massachusetts (MA) Lottery Results - Winning numbers | Lottery Corner,"<p>Here, you can find the <b>past winning numbers</b>, <b>statistics</b>, and
<b>in-depth analysis</b> for Massachusetts lottery games. These
include Numbers Game Midday, Numbers Game Evening, Mass
Cash, Mega Bucks, Lucky for Life, Mega Millions, and Powerball.</p>
<p>The <b>Massachusetts winning numbers history</b> is provided, and
it's <b>FREE</b>. You can save it or print it. Explore <a href=""https://lotterycorner.com/""title=""lottery corner"">Lottery Corner</a>, we
offer a tool to search for a winning number or a set of numbers
for all Massachusetts lottery games. <a href=""https://lotterycorner.com/insider/register""title=""Register Today"">Register today</a> to check it
out!</p>
<p>For in-depth analysis and other resources of the game winning numbers visit the game home page. Summary of winning numbers is available for the <b>Massachusetts lottery</b> as of today!</p>"
119,Michigan,mi,Eastern Standard Time (GMT-5:00),F,Michigan Lottery,"101 E.Hillsdale comma P.O.Box 30023",Lansing,MI,"48909",USA,(517) 335-5600,https://www.michiganlottery.com/,onlinehelp@michiganlottery.com,"<p>The <b>Michigan Lottery</b> was established in <b>1972</b> with a focus on generating revenue for public schools. Over the decades, it has grown into one of the nation's leading lotteries, offering players a wide variety of games and making a substantial impact on education funding across the state.</p> <p><b>A Brief History</b></p><p><ul style=""list-style-type:disc""><li><b>1972</b>: The first Michigan Lottery ticket was sold</li>
<li><b>1980s&hyphen;2000s</b>: Expanded into instant&hyphen;win games, daily draw games, and multi&hyphen;state jackpots</li>
<li><b>2014</b>: Became one of the first lotteries in the U.S. to launch a full&hyphen;featured online gaming platform</li>
<li><b>Today</b>: Offers digital and retail options with record&hyphen;breaking sales supporting education</li></ul>
</p> <p><b>Games Offered</b></p>
<p>Michigan Lottery provides a wide mix of draw games, instant&hyphen;win games, and online play, including:</p><p><ul style=""list-style-type:disc"">
<li>Daily 3 and Daily 4</li>
<li>Fantasy 5</li>
<li>Lotto 47 with EZmatch</li>
<li>Keno</li>
<li>Powerball</li>
<li>Mega Millions</li>
<li>Lucky for Life</li>
<li>Fast Cash</li>
<li>Scratch&hyphen;offs</li>
<li>Online instant games</li></ul></p>
<p>Games can be played in&hyphen;store or through the Michigan Lottery's online portal for eligible residents.
</p> <p><b>Where the Money Goes</b></p><p>Every dollar spent on Michigan Lottery games helps support <b>K&hyphen;12 public education</b>. Key uses of the revenue include:</p>
<p><ul style=""list-style-type:disc""><li>Classroom resources</li>
<li>School safety and infrastructure</li>
<li>Educational technology</li>
<li>Early childhood and literacy programs</li></ul></p><p>
Since its founding, the Lottery has contributed over <b>$27 billion</b> to the School Aid Fund, with annual contributions now exceeding <b>$1 billion</b>.</p> <p><b>Michigan Lottery in 2025 and Beyond</b></p><p>
In <b>2025</b>, the Michigan Lottery continues to lead the way in digital innovation, customer convenience, and public education support. Whether you're checking Michigan Lottery results or playing online, every ticket helps support classrooms, teachers, and students across the state.
</p>","mi lottery,mi lottery results,Michigan Lottery,Michigan Lottery Results, Michigan Lotto","Get Complete and up-to-date Michigan ( MI ) lottery results, offering winning numbers and jackpots for all Michigan lotteries, including Powerball and Mega Millions on our website.",0.04,,
120,Minnesota,mn,Central Standard Time (GMT-6:00),F,Headquarters,"2645 Long Lake Road",Roseville,MN,"55113",USA,(651) 297-7456,https://www.mnlottery.com,,"<p>The <b>Minnesota Lottery</b> launched in <b>1989</b>, following a public vote that approved its creation. Since then, it has grown into a vital part of the state's funding model, supporting both environmental initiatives and public programs while offering Minnesotans a variety of fun and engaging lottery games.</p> <p><b>A Brief History</b></p><p><ul style=""list-style-type:disc""><li>
<b>1988</b>: Voters approved a constitutional amendment establishing the lottery</li>
<li><b>1989</b>: First lottery ticket sold on April 17</li>
<li><b>1990s&hyphen;2000s</b>: Minnesota joined national games like Powerball and Mega Millions</li>
<li><b>Recent years</b>: Introduced online tools, mobile access, and new fast&hyphen;play games</li></ul>
</p> <p><b>Games Offered</b></p><p>
The Minnesota Lottery features a wide selection of draw and instant&hyphen;win games:</p><p><ul style=""list-style-type:disc""><li>Powerball</li>
<li>Mega Millions</li>
<li>Lotto America</li>
<li>Gopher 5</li>
<li>Northstar Cash</li>
<li>Daily 3</li>
<li>Print&hyphen;N&hyphen;Play</li>
<li>Scratch games</li></ul></p><p>
Each game offers chances to win while supporting causes that matter to Minnesotans.
</p> <p><b>Where the Money Goes</b></p><p>The Minnesota Lottery contributes <b>a portion of its proceeds to the state's General Fund</b> and a substantial share to environmental and natural resource programs through:</p><p><ul style=""list-style-type:disc""><li>Environment and Natural Resources Trust Fund</li>
<li>Game and Fish Fund</li>
<li>Natural Resources Fund</li></ul></p>
<p>These funds support park maintenance, wildlife protection, clean water initiatives, and education about conservation across Minnesota.
</p> <p><b>Minnesota Lottery in 2025 and Beyond</b></p><p>As of <b>2025</b>, the Minnesota Lottery continues to combine entertainment with a purpose. With evolving game options and a steady commitment to natural resource preservation and public funding, every Minnesota Lottery ticket plays a role in shaping a better future. Whether you're reviewing Minnesota Lottery results or planning your next pick, your participation makes a lasting impact.</p>","Minnesota lottery, mn lottery, Minnesota lottery results, mn lottery results, minn lottery, mn lottery winning numbers, Minnesota lottery winning numbers, Minnesota powerball, mn powerball,Minnesota lottery numbers, mn lotter numbers",Winning numbers and results for all lottery games available from the Minnesota ( MN ) Lottery including Mega Millions and Powerball on our website.,0.07,Minnesota (MN) Lottery Latest Results | Lottery Corner,"<p>Here, you can find the <b>past winning numbers</b>, <b>statistics</b>, and
<b>in-depth analysis</b> for Minnesota lottery games. These include
Pick 3, Gopher 5, North 5, Lotto America, Mega Millions, and
Powerball.</p>
<p>The <b>Minnesota winning numbers</b> history is provided, and it&apos;s
<b>FREE</b>. You can save it or print it. Explore <a href=""https://lotterycorner.com/"" title=""lottery corner"">Lottery Corner</a>, we offer
a tool to search for a winning number or a set of numbers for all
Minnesota lottery games. <a href=""https://lotterycorner.com/insider/register"" title=""register"">Register today</a> to check it out!</p>
<p>For in-depth analysis and other resources of the game winning numbers visit the game home page. Summary of winning numbers is available for the <b>Minnesota lottery</b> as of today!</p>"
121,Missouri,mo,Central Standard Time (GMT-6:00),F,P.O. Box 1603,"1823 Southridge Drive",Jefferson City,MO,"65109-1603",USA,(573) 751-4050,http://www.molottery.com/,,"<p>The <b>Missouri Lottery</b> began in <b>1986</b> following a public vote approving its establishment. Since then, it has grown into a key funding source for the state's education programs while offering a wide range of exciting games to players across Missouri.</p> <p><b>A Brief History</b></p><p><ul style=""list-style-type:disc"">
<li><b>1985</b>: Missouri voters approved the lottery through a constitutional amendment</li>
<li><b>1986</b>: The first scratcher ticket was sold</li>
<li><b>1990s&hyphen;2000s</b>: Missouri joined multi&hyphen;state games like Powerball and Mega Millions</li>
<li><b>Today</b>: Continues to expand with fast&hyphen;play games, online tools, and responsible gaming initiatives</li></ul>
</p> <p><b>Games Offered</b></p>
<p>The Missouri Lottery features a variety of in-state and multi-state games:</p><p><ul style=""list-style-type:disc"">
<li>Show Me Cash</li>
<li>Pick 3 and Pick 4</li>
<li>Powerball</li>
<li>Mega Millions</li>
<li>Lotto</li>
<li>Cash4Life</li>
<li>Club Keno</li>
<li>Scratchers and Fast Play games</li></ul></p><p>Games are available at thousands of retail locations across the state, with drawings held daily or multiple times per week.</p><p><b>Where the Money Goes</b></p>
<p>Proceeds from Missouri Lottery ticket sales go to the <b>Missouri Public Education Fund</b>, which supports:</p>
<p><ul style=""list-style-type:disc""><li>K&hyphen;12 school programs</li>
<li>Public colleges and universities</li>
<li>Special education services</li>
<li>School transportation and technology</li>
<li>Early childhood education initiatives</li></ul>
</p><p>Since its start, the Missouri Lottery has contributed over <b>$7 billion</b> to public education.</p>
<p><b>Missouri Lottery in 2025 and Beyond</b></p><p>In <b>2025</b>, the Missouri Lottery continues to provide entertainment and educational support through modern game options, digital access, and community outreach. Whether checking Missouri Lottery results or selecting numbers for your next ticket, every play helps fund the future of Missouri's schools.
</p>
","Missouri lottery, mo lottery, miss lottery,miss lottery results, mo lottery results, Missouri lottery results, Missouri winning numbers","Get complete information about Missouri ( MO ) Lotteries pick 3, pick 4 and Mega millions , latest winning numbers and jackpot amount on our website.",0.04,,"<p>Here, you can find the <b>past winning numbers</b>, <b>statistics</b>, and
<b>in-depth analysis</b> for Missouri lottery games. These include Pick
3 Midday, Pick 3 Evening, Pick 4 Midday, Pick 4 Evening, Show
Me Cash, Lotto, Cash Pop EarlyBird, Cash Pop Late Morning,
Cash Pop Matinee, Cash Pop PrimeTime, Cash Pop Night Owl,
Cash4Life, Mega Millions, and Powerball.
</p>
<p>The <b>Missouri winning numbers history</b> is provided, and iit&apos;sr
<b>FREE</b>. You can save it or print it. Explore <a href=""https://lotterycorner.com/"" title=""lottery corner"">Lottery Corner</a>, we offer
a tool to search for a winning number or a set of numbers for all
Missouri lottery games. <a href=""https://lotterycorner.com/insider/register"" title=""Register"">Register today</a> to check it out!</p>
<p>For in-depth analysis and other resources of the game winning numbers visit the game home page. Summary of winning numbers is available for the <b>Missouri lottery</b> as of today!</p>"
122,Montana,mt,Mountain Standard Time (GMT-7:00),F,Montana Lottery,"2625 North Montana Avenue",Helena ,MT,"59601",USA,(406) 444-5825,http://www.montanalottery.com,montanalottery@mt.gov,"<p>The <strong>Montana Lottery</strong> brings excitement to players while generating funds that benefit the state. Since its launch in 1987, the Lottery has grown to become an important source of revenue for Montana&rsquo;s General Fund and the Montana STEM Scholarship Program&mdash;all funded entirely by ticket sales without using state tax dollars.</p>

<p><b>A Brief History</b></p>
<p>The Montana Lottery was created through a citizen referendum in 1986, passing in all 56 counties with overwhelming voter support. The first lottery ticket went on sale on June 24, 1987, setting a national record with 1.1 million tickets sold that day&mdash;an average of $1.28 spent per resident.</p>
<p>Initially offering a single scratch game called <strong>Pot of Gold</strong>, the Lottery quickly expanded. By FY2021, sales reached $112.6 million, a 417% increase from its first full year of operation&mdash;all while maintaining a lean staff size similar to that of 1987.</p>

<p><b>Games Offered:</b></p>
<p>The Montana Lottery offers a wide range of games to suit every type of player:</p>
<p><ul style=""list-style-type:disc"">
 <li>Montana Cash</li>
 <li>Big Sky Bonus</li>
 <li>Lucky for Life</li>
 <li>Lotto America</li>
 <li>Mega Millions</li>
 <li>Powerball</li>
</ul></p>
<p>The Lottery also operates <strong>Sports Bet Montana</strong>, the state&rsquo;s exclusive sportsbook product.</p>

<p><b>Where the Money Goes</b></p>
<p>Proceeds from Montana Lottery sales contribute significantly to important state programs:</p>
<p><ul style=""list-style-type:disc"">
 <li>Since the 1990s, more than <strong>$361.3 million</strong> has gone to Montana&rsquo;s General Fund to support public education, health, and safety initiatives.</li>
 <li>About <strong>45&#37; of total revenue</strong>&mdash;over <strong>$1.06 billion</strong>&mdash;has been awarded as prizes to players.</li>
 <li>The Montana STEM Scholarship Program receives <strong>$2.25 million annually</strong>, helping students pursue degrees in science, technology, engineering, math, and healthcare fields.</li>
 <li>Local retailers have earned over <strong>$104.5 million</strong> in commissions, supporting small businesses across Montana.</li>
</ul></p>

<p><b>Looking Ahead</b></p>
<p>The Montana Lottery continues to focus on growth and innovation. With goals to streamline operations, enhance marketing strategies, support retail partners, and upgrade its gaming systems, the Lottery remains committed to delivering value to players and generating even greater impact for Montana communities.</p>

<p>Whether you&rsquo;re checking the latest <strong>Montana Lottery results</strong>, exploring <strong>winning numbers</strong>, or playing your favorite games, every ticket helps contribute to Montana&rsquo;s future.</p>","Montana lottery, mt lottery, Montana lottery results, mt lottery results,Montana lottery winning numbers, Montana powerball, Montana lotto,  mt powerball,Montana lottery powerball, Montana powerball winning numbers","Find the latest Montana ( MT ) lottery results, including the winning numbers for both Powerball and Mega Millions on our website.",0.07,,"<p>Here, you can find the <b>past winning numbers</b>, <b>statistics</b>, and
<b>in-depth analysis</b> for Montana lottery games. These include
Montana Cash, Big Sky Bonus, Lucky for Life, Lotto America,
Mega Millions, and Powerball.</p>
<p>The <b>Montana winning numbers history</b> is provided, and it&apos;s
<b>FREE</b>. You can save it or print it. Explore <a href=""https://lotterycorner.com"" title=""lottery corner"">Lottery Corner</a>, we offer
a tool to search for a winning number or a set of numbers for all
Montana lottery games. <a href=""https://lotterycorner.com/insider/register"" title=""register"">Register today</a> to check it out!</p>
<p>For in-depth analysis and other resources of the game winning numbers visit the game home page. Summary of winning numbers is available for the <b>Montana lottery</b> as of today!</p>
"
123,Nebraska,ne,Central Standard Time (GMT-6:00),F,Nebraska Lottery,"137 NW 17th Street ,PO Box 98901 ",Lincoln,NE,"68509",USA,(402) 471-6100,https://nelottery.com,,"<p>The <strong>Nebraska Lottery</strong> has been entertaining players and supporting important state programs since its inception in 1993. With a mission to generate funds for education, environmental preservation, and other key initiatives, the Lottery continues to be a valuable contributor to Nebraska&rsquo;s quality of life.</p>

<p><b>A Brief History</b></p>
<p>Following voter approval in 1992, the Nebraska Lottery began selling tickets in September 1993. Since that first year, the Lottery has steadily expanded its game offerings and impact, helping fund multiple state programs with every ticket sold.</p>

<p><b>Games Offered</b></p>
<p>Nebraska Lottery players can participate in a variety of games, including:</p>
<p><ul style=""list-style-type:disc"">
  <li>Pick 3</li>
  <li>Pick 5</li>
  <li>2by2</li>
  <li>Powerball</li>
  <li>Mega Millions</li>
  <li>Lucky for Life</li>
  <li>Scratch tickets</li>
</ul></p>
<p>With draws taking place daily or several times per week, players have plenty of chances to win.</p>

<p><b>Where the Money Goes</b></p>
<p>Proceeds from Nebraska Lottery ticket sales benefit several important funds and causes. To date, the Lottery has contributed more than <strong>$930 million</strong> to:</p>
<p><ul style=""list-style-type:disc"">
  <li>Nebraska Education Improvement Fund</li>
  <li>Nebraska Environmental Trust Fund</li>
  <li>Nebraska State Fair</li>
  <li>Compulsive Gamblers Assistance Fund</li>
</ul></p>
<p>In addition to helping the state, Lottery retailers across Nebraska earn commissions and bonuses on ticket sales.</p>

<p><b>Nebraska Lottery in 2025 and Beyond</b></p>
<p>As of <strong>2025</strong>, the Nebraska Lottery continues to grow with innovative games and improved access for players. Whether you&rsquo;re checking <strong>Nebraska Lottery results</strong>, reviewing <strong>winning numbers</strong>, or playing your favorite scratch game, each ticket purchased helps fund programs that benefit Nebraska communities statewide.</p>
","Nebraska lottery, ne lottery, Nebraska lottery results, ne lottery results,Nebraska lottery numbers, ne lottery numbers,  Nebraska powerball results, Nebraska powerball winning numbers,Nebraska powerball, ne powerball, Nebraska lottery powerball,nh powerball numbers, new Hampshire lottery results","Nebraska ( NE ) Lottery results, history and drawings with plenty of information on the oldest US lottery on our website.",0.05,Nebraska (NE) Lottery Latest Results | Lottery Corner,"<p>Here, you can find the <b>past winning numbers</b>, <b>statistics</b>, and
<b>in-depth analysis</b> for Nebraska lottery games. These include
Pick 3, Pick 5, MyDay, 2by2, Lucky for Life, Lotto America, Mega
Millions, and Powerball.</p>
<p>The <b>Nebraska winning numbers history</b> is provided, and it&apos;s
<b>FREE</b>. You can save it or print it. Explore <a href=""https://lotterycorner.com"" title="" Lottery Corner"">Lottery Corner</a>, we offer
a tool to search for a winning number or a set of numbers for all
Nebraska lottery games. <a href=""https://lotterycorner.com/insider/register"" title=""Register lottery corner""> Register today</a> to check it out!</p>
<p>For in-depth analysis and other resources of the game winning numbers, visit the game home page. Summary of winning numbers is available for the <b>Nebraska lottery</b> as of today!</p>
"
124,New Hampshire,nh,Eastern Standard Time (GMT-5:00),T,New Hampshire Lottery Commission,"14 Integra Drive",Concord,NH,"03301",USA,(603) 271-3391,http://www.nhlottery.com,webmaster@Lottery.nh.gov,"<p>The <strong>New Hampshire Lottery</strong> is the oldest state lottery in the United States, established in 1964. For over six decades, it has been providing players with exciting games while helping to fund public education across the state.</p>

<p><b>A Brief History</b></p>
<p>New Hampshire voters approved the creation of the Lottery in 1963, and the first tickets were sold in 1964. Since then, the Lottery has expanded its offerings and evolved into a major contributor to the state&rsquo;s Education Trust Fund.</p>

<p><b>Games Offered</b></p>
<p>Players in New Hampshire can choose from a wide range of games, including:</p>
<p><ul style=""list-style-type:disc"">
  <li>Tri-State Megabucks Plus</li>
  <li>Tri-State Pick 3</li>
  <li>Tri-State Pick 4</li>
  <li>Gimme 5</li>
  <li>Powerball</li>
  <li>Mega Millions</li>
  <li>Lucky for Life</li>
  <li>KENO 603</li>
  <li>Instant scratch tickets</li>
  <li>Fast Play games</li>
</ul></p>
<p>Games are available at thousands of retail locations, with draws held daily or multiple times per week.</p>

<p><b>Where the Money Goes</b></p>
<p>Proceeds from New Hampshire Lottery ticket sales support <strong>K-12 public education</strong>. The Lottery has contributed more than <strong>$2.6 billion</strong> to the state&rsquo;s Education Trust Fund since its inception. Funds help:</p>
<p><ul style=""list-style-type:disc"">
  <li>Support public schools and districts</li>
  <li>Provide classroom resources</li>
  <li>Fund educational programs and opportunities for students</li>
</ul></p>
<p>Retailers across New Hampshire also benefit, earning commissions on ticket sales.</p>

<p><b>New Hampshire Lottery in 2025 and Beyond</b></p>
<p>As of <strong>2025</strong>, the New Hampshire Lottery continues to expand its offerings and enhance its digital platforms. Whether you&rsquo;re checking <strong>New Hampshire Lottery results</strong>, tracking <strong>winning numbers</strong>, or playing your favorite game, every ticket sold helps strengthen public education throughout the state.</p>
","nh lottery, new hampshire lottery, nh powerball, nh megabucks, tri state megabucks, nh lottery numbers,  nh lottery history, nh lottery information, nh lottery replaynew Hampshire lottery numbers, nh lottery results",Results for the New Hampshire ( NH ) Lottery with winning numbers for all lotteries available in the state including Mega millions and Powerball on our website.,0.00,New Hampshire (NH) Lottery Latest Results | Lottery Corner,
125,New Jersey,nj,Eastern Standard Time (GMT-5:00),F,Lottery Headquarters,PO BOX 041 comma ,Trenton,NJ,"08625",USA,(609) 599-5800,https://www.njlottery.com/en-us/home.html,,"<p>The <strong>New Jersey Lottery</strong> has been offering exciting games and supporting public services since its inception in 1970. As one of the first state lotteries in the U.S., it has contributed billions of dollars to education, pensions, and various programs that benefit New Jersey residents.</p>

<p><b>A Brief History</b></p>
<p>The New Jersey Lottery was created through public approval in 1969, with ticket sales beginning in December 1970. Over the years, the Lottery has grown to include a wide array of draw and instant-win games while becoming a key source of state revenue.</p>

<p><b>Games Offered</b></p>
<p>New Jersey Lottery players can choose from a broad selection of games, including:</p>
<p><ul style=""list-style-type:disc"">
  <li>Pick 3</li>
  <li>Pick 4</li>
  <li>Jersey Cash 5</li>
  <li>Pick 6</li>
  <li>Quick Draw</li>
  <li>Powerball</li>
  <li>Mega Millions</li>
  <li>Cash4Life</li>
  <li>Scratch-off tickets</li>
</ul></p>
<p>Games are drawn daily or several times a week, giving players frequent opportunities to win.</p>

<p><b>Where the Money Goes</b></p>
<p>Proceeds from New Jersey Lottery ticket sales support numerous state programs. Since its start, the Lottery has contributed over <strong>$30 billion</strong> to benefit:</p>
<p><ul style=""list-style-type:disc"">
  <li>Public employee pension systems</li>
  <li>Educational institutions</li>
  <li>Veterans programs</li>
  <li>Senior citizen programs</li>
  <li>Institutions for individuals with disabilities</li>
</ul></p>
<p>Retailers across the state also benefit from commissions and incentives, helping support local economies.</p>

<p><b>New Jersey Lottery in 2025 and Beyond</b></p>
<p>As of <strong>2025</strong>, the New Jersey Lottery continues to deliver innovative game options, enhanced digital experiences, and strong community support. Whether you&rsquo;re reviewing <strong>New Jersey Lottery results</strong>, checking <strong>winning numbers</strong>, or trying a new game, each ticket helps fund vital programs that improve life for residents across the state.</p>
","nj lottery, nj lottery results,New Jersey lottery, New Jersey lottery results,new jersey mega millions, new jersey powerball,New Jersey lottery pick 4, New Jersey lottery numbers","Complete and up-to-date New Jersey ( NJ ) lottery results, offering winning numbers and jackpots for all New Jersey lotteries, including Powerball and Mega Millions on our website.",0.08,,
126,New Mexico,nm,Mountain Standard Time (GMT-7:00),F,New Mexico Lottery,Public Information Officer comma  PO Box 93130,Albuquerque,NM,"87199",USA,(505) 342-7600,http://www.nmlottery.com/,,"<p>The <strong>New Mexico Lottery</strong> has been providing entertainment and supporting education since its launch in 1996. Over the years, it has contributed millions of dollars to scholarship programs, helping thousands of New Mexico students pursue higher education.</p>

<p><b>A Brief History</b></p>
<p>Following legislative approval in 1995, the New Mexico Lottery sold its first ticket on April 27, 1996. The Lottery was created to generate additional funding for education without raising taxes, and it has continued to meet this mission for nearly three decades.</p>

<p><b>Games Offered</b></p>
<p>The New Mexico Lottery offers a wide variety of games to suit different player preferences:</p>
<p><ul style=""list-style-type:disc"">
  <li>Pick 3</li>
  <li>Pick 4</li>
  <li>Roadrunner Cash</li>
  <li>Lotto America</li>
  <li>Mega Millions</li>
  <li>Powerball</li>
  <li>Lucky for Life</li>
  <li>Scratch-off games</li>
  <li>Fast Play games</li>
</ul></p>
<p>Games are available at licensed retailers statewide, with drawings held daily or multiple times per week.</p>

<p><b>Where the Money Goes</b></p>
<p>Proceeds from New Mexico Lottery ticket sales support the <strong>Legislative Lottery Scholarship Program</strong>. Since 1996, the Lottery has provided over <strong>$1 billion</strong> to fund scholarships, benefiting more than <strong>138,000 students</strong> attending public colleges and universities in New Mexico.</p>
<p>Lottery revenue also supports retailer commissions, benefiting local businesses across the state.</p>

<p><b>New Mexico Lottery in 2025 and Beyond</b></p>
<p>As of <strong>2025</strong>, the New Mexico Lottery continues to introduce new games and digital features to enhance the player experience. Whether you&rsquo;re checking <strong>New Mexico Lottery results</strong>, exploring <strong>winning numbers</strong>, or supporting local students with each ticket purchase, the Lottery remains a valuable part of New Mexico&rsquo;s future.</p>
","new mexico lottery, nm lottery, new mexico lotto, nm lotto, new mexico lottery results, nm lottery results, nm powerball, new mexico powerball, , nm lottery winning numbers","Get latest update on New Mexico ( NM ) lottery results and winning numbers for Lotto america, Powerball, Mega Millions and all other New Mexico lottery games",0.06,New Mexico (NM) Lottery Latest Results | Lottery Corner,
127,New York,ny,Eastern Standard Time (GMT-5:00),F,NewYork State Gaming Commission ,One Broadway Center comma P.O.Box 7500,Schenectady,NY,"12301",USA,(518) 388-3300,https://nylottery.ny.gov/,,"<p>The <strong>New York Lottery</strong> is the oldest and one of the largest state lotteries in the United States. Established in 1967, it has generated billions of dollars for public education across the state while providing exciting gaming options for players.</p>

<p><b>A Brief History</b></p>
<p>The New York Lottery began following a constitutional amendment approved by voters in 1966. The first ticket was sold on June 8, 1967. Over the decades, the Lottery has expanded its offerings, introduced new technologies, and become a national leader in lottery sales.</p>

<p><b>Games Offered</b></p>
<p>Players can enjoy a wide variety of games through the New York Lottery, including:</p>
<p><ul style=""list-style-type:disc"">
  <li>New York Lotto</li>
  <li>Cash4Life</li>
  <li>Take 5</li>
  <li>Numbers</li>
  <li>Win 4</li>
  <li>Quick Draw</li>
  <li>Pick 10</li>
  <li>Powerball</li>
  <li>Mega Millions</li>
  <li>Scratch-off tickets</li>
</ul></p>
<p>Drawings are held daily or multiple times per week, offering players frequent chances to win.</p>

<p><b>Where the Money Goes</b></p>
<p>Proceeds from New York Lottery ticket sales support K-12 public education in New York State. Since its launch, the Lottery has contributed more than <strong>$78 billion</strong> to education. Funds help:</p>
<p><ul style=""list-style-type:disc"">
  <li>Support school districts across the state</li>
  <li>Offset local property taxes</li>
  <li>Provide additional classroom resources</li>
</ul></p>
<p>The Lottery also supports local businesses, with retailers earning significant commissions from ticket sales.</p>

<p><b>New York Lottery in 2025 and Beyond</b></p>
<p>As of <strong>2025</strong>, the New York Lottery continues to lead with innovative game offerings and digital tools that enhance the player experience. Whether you&rsquo;re checking <strong>New York Lottery results</strong>, tracking <strong>winning numbers</strong>, or purchasing your favorite scratcher, every ticket contributes to the future of New York&rsquo;s students and schools.</p>
","New York lottery, New York lotto results,ny lottery,ny lottery results,ny lotto, New York lottery results, NY lotto, New York winning numbers, Midday Numbers, Take 5, Win 4","Get latest information on New York ( NY ) lottery results, including Powerball and Mega Millions winning numbers on our website.",0.09,New York (NY) Lottery Latest Results | Lottery Corner,
128,North Carolina,nc,Eastern Standard Time (GMT-5:00),F,North Carolina Education Lottery Headquarters,"2100 Yonkers Rd comma",Raleigh ,NC,"27604",USA,(919) 715-6886,https://nclottery.com,webmaster@lotterync.net,"<p>The <strong>North Carolina Education Lottery</strong> has been providing exciting gaming options and critical education funding since its launch in 2006. The Lottery was created to enhance public education without raising taxes, and it continues to play a vital role in supporting students across the state.</p>

<p><b>A Brief History</b></p>
<p>Established by the North Carolina General Assembly in 2005, the first tickets were sold in March 2006. Since then, the Lottery has steadily grown, expanding its game offerings and increasing its contributions to education year after year.</p>

<p><b>Games Offered</b></p>
<p>Players in North Carolina can enjoy a wide selection of games, including:</p>
<p><ul style=""list-style-type:disc"">
  <li>Carolina Pick 3</li>
  <li>Carolina Pick 4</li>
  <li>Carolina Cash 5</li>
  <li>Powerball</li>
  <li>Mega Millions</li>
  <li>Lucky for Life</li>
  <li>Fast Play games</li>
  <li>Scratch-off tickets</li>
</ul></p>
<p>With daily and multi-weekly drawings, there are plenty of chances for players to win.</p>

<p><b>Where the Money Goes</b></p>
<p>Proceeds from North Carolina Lottery ticket sales fund a variety of educational programs across the state. To date, the Lottery has contributed more than <strong>$9 billion</strong> to education. These funds help:</p>
<p><ul style=""list-style-type:disc"">
  <li>Build and repair schools</li>
  <li>Provide scholarships and grants for college students</li>
  <li>Support early childhood education</li>
  <li>Fund school transportation and other education-related needs</li>
</ul></p>
<p>Local businesses also benefit, with retailers earning commissions on ticket sales.</p>

<p><b>North Carolina Lottery in 2025 and Beyond</b></p>
<p>As of <strong>2025</strong>, the North Carolina Lottery continues to introduce new games and expand its digital offerings. Whether you&rsquo;re checking <strong>North Carolina Lottery results</strong>, tracking <strong>winning numbers</strong>, or buying your next ticket, every play helps strengthen education and create opportunities for students across North Carolina.</p>
","nc lottery, nc lottery results,NC Lottery Winning Numbers, North Carolina Lottery Results, North Carolina Winning Numbers, NC Lotto,North Carolina Education Lottery","North Carolina ( NC ) Lottery winning numbers and results for Cash 5, Pick 3, Pick 4, Mega millions and North Carolina Powerball",0.06,North Carolina (NC) Lottery Results - Winning numbers | Lottery Corner,
129,North Dakota,nd,Central Standard Time (GMT-6:00),T,North Dakota Lottery,"1050 East Interstate Ave. comma  Suite 200",Bismarck,ND,"58503",USA,(701) 328-1574,http://www.lottery.nd.gov,ndlottery@nd.gov,"<p>The <strong>North Dakota Lottery</strong> has been providing players with the chance to win exciting prizes while contributing to state programs since its start in 2004. Though one of the newer lotteries in the U.S., it plays a key role in funding public services and supporting responsible gaming initiatives.</p>

<p><b>A Brief History</b></p>
<p>After being approved by voters in 2002, the North Dakota Lottery officially launched in 2004. Unlike many state lotteries, North Dakota focuses exclusively on multi-state draw games, giving players access to some of the nation&rsquo;s largest jackpots.</p>

<p><b>Games Offered</b></p>
<p>North Dakota Lottery players can participate in the following games:</p>
<p><ul style=""list-style-type:disc"">
  <li>Powerball</li>
  <li>Mega Millions</li>
  <li>Lotto America</li>
  <li>Lucky for Life</li>
  <li>2by2</li>
</ul></p>
<p>The Lottery does not currently offer instant-win games or scratch-offs. Drawings for these games take place daily or multiple times per week.</p>

<p><b>Where the Money Goes</b></p>
<p>Proceeds from North Dakota Lottery ticket sales support the <strong>state&rsquo;s General Fund</strong> and several key programs. To date, the Lottery has contributed more than <strong>$100 million</strong> to:</p>
<p>
<ul style=""list-style-type:disc"">
  <li>State General Fund, which supports a wide range of public services</li>
  <li>Compulsive Gambling Prevention and Treatment Fund</li>
  <li>North Dakota veterans programs</li>
</ul></p>
<p>Retailers throughout the state also benefit from commissions and bonuses on ticket sales.</p>

<p><b>North Dakota Lottery in 2025 and Beyond</b></p>
<p>As of <strong>2025</strong>, the North Dakota Lottery continues to deliver big-jackpot games and responsible gaming options. Whether you&rsquo;re checking <strong>North Dakota Lottery results</strong>, reviewing <strong>winning numbers</strong>, or purchasing your next ticket, every play helps support essential programs and services for North Dakota residents.</p>
","north Dakota lottery, nd lottery, north Dakota lottery results, nd lottery results, north Dakota lottery numbers, nd lottery winning numbers,north Dakota powerball, nd powerball, nd lottery powerball","Get Complate information about North Dakota Lottery reusilts, Latest winning numbers and Jackpot amount on our website.",0.03,North Dakota (ND) Lottery Latest Results | Lottery Corner,
130,Ohio,oh,Eastern Standard Time (GMT-5:00),F,Ohio Lottery Commission,"615 W. Superior Ave.",Cleveland,OH,"44113",USA,(855) 319-7189,https://www.ohiolottery.com/,,"<p>The <strong>Ohio Lottery</strong> has been offering fun and exciting games since its launch in 1974. Over the years, it has become a vital source of funding for public education across Ohio while giving players the opportunity to win big.</p>

<p><b>A Brief History</b></p>
<p>The Ohio Lottery was created through a statewide vote in 1973, with the first game launching in August 1974. Since then, the Lottery has expanded significantly, introducing new draw games, instant tickets, and innovative digital options to engage players.</p>

<p><b>Games Offered</b></p>
<p>Ohio Lottery players can enjoy a wide range of games, including:</p>
<p><ul style=""list-style-type:disc"">
  <li>Pick 3</li>
  <li>Pick 4</li>
  <li>Pick 5</li>
  <li>Rolling Cash 5</li>
  <li>Classic Lotto</li>
  <li>KENO</li>
  <li>Powerball</li>
  <li>Mega Millions</li>
  <li>Lucky for Life</li>
  <li>EZPLAY Games</li>
  <li>Scratch-off tickets</li>
</ul></p>
<p>With frequent drawings and various ways to play, Ohio Lottery offers something for everyone.</p>

<p><b>Where the Money Goes</b></p>
<p>Proceeds from Ohio Lottery ticket sales support the <strong>Lottery Profits Education Fund</strong>. Since its inception, the Lottery has contributed more than <strong>$31 billion</strong> to public education in Ohio. These funds help:</p>
<p><ul style=""list-style-type:disc"">
  <li>Support K-12 public schools</li>
  <li>Enhance classroom resources</li>
  <li>Fund educational programs and services</li>
</ul></p>
<p>Ohio Lottery also benefits local businesses, with retailers earning commissions and bonuses from ticket sales.</p>

<p><b>Ohio Lottery in 2025 and Beyond</b></p>
<p>As of <strong>2025</strong>, the Ohio Lottery continues to expand its offerings with new games and enhanced digital experiences. Whether you&rsquo;re following <strong>Ohio Lottery results</strong>, checking <strong>winning numbers</strong>, or playing your favorite game, every ticket helps strengthen Ohio&rsquo;s schools and educational programs.</p>","oh lottery results,ohio lottery, ohio lotto, oh lottery, ohio lottery results, oh lotto, ohio lottery numbers","Get latest information on Ohio ( OH ) lottery results, covering OH only lotto games, as well as Mega Millions and Powerball draws on our website.",0.04,,
131,Oklahoma,ok,Central Standard Time (GMT-6:00),F,Oklahoma Lottery Commission,"3817 N.Santa Fe",Oklahoma City,OK,"73118",USA,(405) - 522-770,https://www.lottery.ok.gov,Nikki.Phipps@lottery.ok.gov,"<p>The <strong>Oklahoma Lottery</strong> was launched in 2005 with a mission to fund Oklahoma&rsquo;s public education system. Since its inception, the Lottery has provided billions in funding for schools, colleges, and other educational initiatives across the state, all while offering exciting gaming opportunities to players.</p>

<p><b>A Brief History</b></p>
<p>The Oklahoma Lottery was established following a public vote in 2004 that approved the creation of a state-run lottery. The first scratch-off tickets were sold in October 2005, followed shortly by draw games. Over the years, the Lottery has expanded its offerings and improved its contributions to education.</p>

<p><b>Games Offered</b></p>
<p>Oklahoma Lottery players can enjoy a variety of games, including:</p>
<p><ul style=""list-style-type:disc"">
  <li>Pick 3</li>
  <li>Cash 5</li>
  <li>Lotto America</li>
  <li>Powerball</li>
  <li>Mega Millions</li>
  <li>Lucky for Life</li>
  <li>Scratchers</li>
  <li>Fast Play games</li>
</ul></p>
<p>With new games introduced regularly, players have numerous ways to win and support state education programs.</p>

<p><b>Where the Money Goes</b></p>
<p>Proceeds from Oklahoma Lottery ticket sales are used exclusively to benefit education in the state. Since its launch, the Lottery has contributed more than <strong>$1.3 billion</strong> to public education. These funds support:</p>
<p><ul style=""list-style-type:disc"">
  <li>K-12 public schools</li>
  <li>Career and technology education</li>
  <li>Higher education and scholarships</li>
  <li>Teachers&rsquo; Retirement System</li>
</ul></p>
<p>A portion of revenue also supports retailer commissions, helping local businesses across Oklahoma.</p>

<p><b>Oklahoma Lottery in 2025 and Beyond</b></p>
<p>As of <strong>2025</strong>, the Oklahoma Lottery continues to innovate with new games and digital offerings, making it easier than ever for players to participate. Whether you&rsquo;re looking for <strong>Oklahoma Lottery results</strong>, checking <strong>winning numbers</strong>, or trying your luck with a new ticket, every play helps support education and build a brighter future for Oklahoma students.</p>
","Oklahoma lottery, ok lottery, Oklahoma lottery results, ok lottery results, ok powerball, Oklahoma powerball,Oklahoma lottery winning numbers, Oklahoma lottery winners,Oklahoma lotto, Oklahoma lottery numbers","Get complete information on Oklahoma (OK) lottery results, winning numbers and all other games on our website.",0.04,Oklahoma (OK) Lottery Latest Results | Lottery Corner,
132,Oregon,or,Pacific Standard Time (GMT-8:00),F,"500 Airport Road SE",,Salem,OR,"97301",USA,(503) 540-1068,https://www.oregonlottery.org/,lottery.webcenter@state.or.us,"<p>The <strong>Oregon Lottery</strong> has been entertaining players and supporting state programs since its launch in 1985. It is a major source of funding for public education, economic development, state parks, and other vital services across Oregon.</p>

<p><b>A Brief History</b></p>
<p>Created by a public vote in 1984, the Oregon Lottery began operations in 1985. It was one of the first lotteries in the country to introduce video lottery terminals (VLTs), helping to diversify its game offerings and increase its revenue impact.</p>

<p><b>Games Offered</b></p>
<p>Oregon Lottery players can enjoy a wide variety of games, including:</p>
<p><ul style=""list-style-type:disc"">
  <li>Megabucks</li>
  <li>Win for Life</li>
  <li>Pick 4</li>
  <li>Keno</li>
  <li>Powerball</li>
  <li>Mega Millions</li>
  <li>Lucky Lines</li>
  <li>Scratch-it tickets</li>
  <li>Video Lottery games</li>
</ul></p>
<p>Games are available at thousands of retailers and establishments statewide, with drawings held daily or multiple times per week.</p>

<p><b>Where the Money Goes</b></p>
<p>Proceeds from Oregon Lottery ticket sales and video lottery help fund several critical state programs. To date, the Lottery has contributed more than <strong>$13 billion</strong> to:</p>
<p><ul style=""list-style-type:disc"">
  <li>Public education</li>
  <li>Economic development and job creation</li>
  <li>State parks and natural resources</li>
  <li>Problem gambling prevention and treatment</li>
</ul></p>
<p>In addition to supporting these programs, Oregon Lottery retailers earn commissions and bonuses on ticket and video lottery sales.</p>

<p><b>Oregon Lottery in 2025 and Beyond</b></p>
<p>As of <strong>2025</strong>, the Oregon Lottery continues to innovate with new games and expanded digital offerings. Whether you&rsquo;re checking <strong>Oregon Lottery results</strong>, tracking <strong>winning numbers</strong>, or playing your favorite game, each ticket purchased helps support programs that benefit Oregon communities statewide.</p>
","Oregon lottery megabucks, Oregon lottery, or lottery, Oregon powerball, or lottery results, Oregon lottery results, Oregon lottery numbers, or lottery numbers,Oregon lottery powerball, Oregon megabucks",Get complete information on Oregon ( OR ) lottery results and winning numbers including Powerball and the Oregon Mega millions on our website.,0.08,,
133,Pennsylvania,pa,Eastern Standard Time (GMT-5:00),F,Lottery Headquarters,"1200 Fulling Mill Road comma  Suite 1",Middletown,PA,"17057",USA,(717) -702-8000,http://www.palottery.state.pa.us/,lotterysecurity@pa.gov,"<p>The <strong>Pennsylvania Lottery</strong> has been a trusted source of entertainment and public support since 1972. It is the only lottery in the United States that is dedicated exclusively to benefiting older Pennsylvanians, helping fund essential services for seniors across the state.</p>

<p><b>A Brief History</b></p>
<p>The Pennsylvania Lottery was created by the state legislature in 1971, with the first tickets sold in March 1972. From its earliest days, the Lottery&rsquo;s mission has been to provide funding for senior citizens through responsible gaming.</p>

<p><b>Games Offered</b></p>
<p>Pennsylvania Lottery players can choose from a wide range of games, including:</p>
<p><ul style=""list-style-type:disc"">
  <li>PICK 2</li>
  <li>PICK 3</li>
  <li>PICK 4</li>
  <li>PICK 5</li>
  <li>Treasure Hunt</li>
  <li>Match 6 Lotto</li>
  <li>Cash 5 with Quick Cash</li>
  <li>Keno</li>
  <li>Xpress Sports</li>
  <li>Powerball</li>
  <li>Mega Millions</li>
  <li>Cash4Life</li>
  <li>Scratch-Off tickets</li>
  <li>Fast Play games</li>
  <li>iLottery games (online instant games)</li>
</ul></p>
<p>With numerous options and frequent drawings, the Pennsylvania Lottery offers something for every type of player.</p>

<p><b>Where the Money Goes</b></p>
<p>Proceeds from Pennsylvania Lottery sales support programs exclusively for older Pennsylvanians. Since its start, the Lottery has contributed more than <strong>$35 billion</strong> to programs such as:</p>
<p><ul style=""list-style-type:disc"">
  <li>Property tax and rent rebates</li>
  <li>Low-cost prescription drug programs</li>
  <li>Free and reduced-fare transportation</li>
  <li>Senior centers and services</li>
  <li>Long-term living services</li>
</ul></p>
<p>Retailers throughout the state also benefit, earning commissions and bonuses from ticket sales.</p>

<p><b>Pennsylvania Lottery in 2025 and Beyond</b></p>
<p>As of <strong>2025</strong>, the Pennsylvania Lottery continues to expand its game portfolio and digital platforms, providing players with more ways to participate while supporting seniors across the state. Whether you&rsquo;re checking <strong>Pennsylvania Lottery results</strong>, tracking <strong>winning numbers</strong>, or playing online, every ticket purchased helps improve the lives of older Pennsylvanians.</p>","pa lottery, pa lottery results, Pennsylvania Lottery, Pennsylvania Results, PA Lottery Winning Numbers, PA lotto","Get updated and accurate winning numbers and lottery results for a variety of Pennsylvania lottery games, including Mega Millions on our website.",0.03,,
134,Puerto Rico,pr,Eastern Standard Time (GMT-5:00),F,,,,,,,,https://loteriasdepuertorico.pr.gov/,,"<p>The <b>Puerto Rico Lottery</b>, which is also known as PR Lottery, is one of the oldest Lotteries in the country. This lottery began in 1934 and is currently run by the Puerto Rico Treasury Department. The PR lottery has a rich history of conducting fair and transparent lotteries. The citizens of Puerto Rico enjoy the wide variety of games offered by the Puerto Rico Lottery. Puerto Rico Lottery offers special draws for a few games before Christmas and Mother’s Day. The PR lottery has also been offering instant scratch-off games along with their popular lottery games, such as Lotto Puerto Rico, since their introduction in the year of 2010.</p> <p>Being one of the oldest modern lotteries in the USA, the <b>Puerto Rico Lottery has a vast range of games</b> on offer to all the eligible players. These lottery games are highly exciting to play, which is why the players in Puerto Rico participate in these games quite regularly. Here’s a detailed look at the games offered by the PR Lottery:</p> <p><strong>Pega 3: </strong>This Puerto Rico lottery game is also drawn everyday like it&rsquo;s predecessor. The gameplay of Pega 3 lottery game is similar to the Pega 2, except for the fact that three ball machines are used are instead of two ball machines. Any player who matches the numbers over three ball machine drawings can win the Pega 3.</p> <p><strong>Pega 4: </strong>Pega 4 is one of the most played games at the PR lottery. This lottery game is drawn once per day. A total of four ball machines are used in this game, each ball machine drawing one number. The player who&rsquo;s able to match 4 numbers over all the four ball machines involved is deemed to win the game. The order of matching can vary according to the way the numbers are played.</p> <p><strong>Loto: </strong>This PR lotto game is highly infamous for the simplicity it brings to the table. The game is quite easy and simple to play, which is why a huge number of lottery players prefer playing this lotto pr game. This Puerto rico lotto game is drawn twice a week, each on Wednesdays and Saturdays. You need to make a line on your lotto de Puerto rico ticket with 6 numbers ranging from 1 to 40. In order to enter a draw, players must play a minimum of four lines.</p> <p><strong>Revancha: </strong>One of the exotic lottery games that every player likes to try out is none other than Revancha offered by the PR lottery. The player must pick 5 numbers from a group of 40 and one from a group of 15 to stay on top of the Puerto rico lottery results.</p> <p><strong>Powerball: </strong>Drawn every Wednesday and Saturday, Powerball is one of the most played lottery games at the PR lottery. A player must pick 6 numbers from two sets. Five numbers from a set of 69 numbers and one number from a set of 26 numbers must be selected.</p>","Puerto rico lottery, pr lottery,PR lottery, Puerto rico lotto, pr lotto, Puerto rico lottery winning numbers,Puerto rico lottery results, lotto de Puerto rico, lotto pr, lotto Puerto rico","Get Information on Puerto Rico ( PR ) Lottery results including past numbers,jackpots and all other games on our website.",0.00,Puerto Rico (PR) Lottery Latest Results | Lottery Corner,
135,Rhode Island,ri,Eastern Standard Time (GMT-5:00),F,Rhode Island Lottery,"1425 Pontiac Avenue",Cranston,RI,"02920",USA,(401) 463-6500,http://www.rilot.com,,"<p>The <strong>Rhode Island Lottery</strong> has been entertaining players and contributing to state programs since its launch in 1974. As the largest voluntary source of income for the state, the Lottery helps fund important public services while providing players with exciting opportunities to win.</p>

<p><b>A Brief History</b></p>
<p>Established by a constitutional amendment approved by voters in 1973, the Rhode Island Lottery began operations in 1974. It has grown over the years to include a wide range of games and, more recently, online sports betting.</p>

<p><b>Games Offered</b></p>
<p>Rhode Island Lottery players can enjoy a variety of games, including:</p>
<p><ul style=""list-style-type:disc"">
  <li>Numbers Daily</li>
  <li>Wild Money</li>
  <li>Keno</li>
  <li>Powerball</li>
  <li>Mega Millions</li>
  <li>Lucky for Life</li>
  <li>Instant games (Scratch Tickets)</li>
  <li>eInstants (online instant games)</li>
  <li>Sports betting through the Rhode Island Sportsbook</li>
</ul></p>
<p>With options for both traditional and modern gaming, the Lottery offers something for everyone.</p>

<p><b>Where the Money Goes</b></p>
<p>Proceeds from Rhode Island Lottery ticket sales and gaming activities contribute to the state&rsquo;s General Fund. Since its inception, the Lottery has transferred more than <strong>$8 billion</strong> to support:</p>
<p><ul style=""list-style-type:disc"">
  <li>Education</li>
  <li>Public safety</li>
  <li>Healthcare</li>
  <li>Transportation</li>
  <li>Other vital state services</li>
</ul></p>
<p>Local businesses also benefit, as Lottery retailers and sports betting partners earn commissions and bonuses.</p>

<p><b>Rhode Island Lottery in 2025 and Beyond</b></p>
<p>As of <strong>2025</strong>, the Rhode Island Lottery continues to evolve with new games and expanded online offerings. Whether you&rsquo;re checking <strong>Rhode Island Lottery results</strong>, reviewing <strong>winning numbers</strong>, or participating in the latest draw, every ticket and wager helps support programs that benefit communities throughout the state.</p>
","rhode island lottery, ri lottery, rilot, ri lottery results,ri lottery winning numbers, , ri powerball winning numbers, rhode island lottery numbers,rhode island powerball, ri powerball, rhode island lottery winning numbers","Get complete information about Rhode Island ( RI ) Lottery results, latest winning numbers of Mega millions and Power ball on our website.",0.06,Rhode Island (RI) Lottery Latest Results | Lottery Corner,
136,South Carolina,sc,Eastern Standard Time (GMT-5:00),F,South Carolina Education Lottery,P.O.Box 11949,Columbia,SC,"29211-1949",USA,(803) 737-2002,http://www.sceducationlottery.com/,,"<p>The <strong>South Carolina Education Lottery</strong> has been enriching lives and funding education since its launch in 2002. Created to provide additional support for public education, the Lottery gives players the chance to win while helping build a brighter future for students across the state.</p>

<p><b>A Brief History</b></p>
<p>Established by a public vote in 2000, the South Carolina Education Lottery began ticket sales in January 2002. From the start, its mission has been to generate funds specifically for education, and it continues to do so with great success.</p>

<p><b>Games Offered</b></p>
<p>South Carolina Lottery players can choose from a wide variety of games, including:</p>
<p><ul style=""list-style-type:disc"">
  <li>Pick 3</li>
  <li>Pick 4</li>
  <li>Palmetto Cash 5</li>
  <li>Powerball</li>
  <li>Mega Millions</li>
  <li>Lucky for Life</li>
  <li>Instant games (Scratch-offs)</li>
</ul></p>
<p>With daily and multi-weekly draws, players have many chances to win while supporting education.</p>

<p><b>Where the Money Goes</b></p>
<p>Proceeds from South Carolina Lottery ticket sales are used exclusively to benefit education. Since its inception, the Lottery has contributed more than <strong>$7.3 billion</strong> to support:</p>
<p><ul style=""list-style-type:disc"">
  <li>Scholarships and grants for higher education</li>
  <li>K&ndash;12 education programs</li>
  <li>School construction and renovation</li>
  <li>Early childhood education initiatives</li>
</ul></p>
<p>Retailers across the state also earn commissions on ticket sales, benefiting local businesses.</p>

<p><b>South Carolina Lottery in 2025 and Beyond</b></p>
<p>As of <strong>2025</strong>, the South Carolina Education Lottery continues to offer innovative games and expanded digital services. Whether you&rsquo;re checking <strong>South Carolina Lottery results</strong>, tracking <strong>winning numbers</strong>, or playing your favorite game, every ticket sold helps provide educational opportunities for students throughout the state.</p>
","South Carolina Education Lottery,sc lottery, sc lottery results, South Carolina Lottery Results, SC Lottery Winning Numbers","We offer all South Carolina ( SC ) lottery results, including information on the winning numbers for Mega Millions and PowerBall. Enquire now",0.07,South Carolina (SC) Lottery Latest Results | Lottery Corner,
137,South Dakota,sd,Central Standard Time (GMT-6:00),F,South Dakota Lottery,"207 E. Capitol comma  Suite 200",Pierre,SD ,"57501",USA,(605) 773-5570,http://www.lottery.sd.gov/,,"<p>The <strong>South Dakota Lottery</strong> has been bringing excitement to players and supporting public programs since its inception in 1987. The Lottery is a major contributor to the state&rsquo;s General Fund and Capital Construction Fund, as well as other vital programs that benefit all South Dakotans.</p>

<p><b>A Brief History</b></p>
<p>The South Dakota Lottery was created through a voter-approved constitutional amendment in 1986. The first scratch ticket went on sale in September 1987, and since then, the Lottery has expanded to include video lottery and multi-state draw games.</p>

<p><b>Games Offered</b></p>
<p>South Dakota Lottery players can choose from a variety of games, including:</p>
<p><ul style=""list-style-type:disc"">
 <li>Powerball</li>
 <li>Mega Millions</li>
 <li>Lotto America</li>
 <li>Dakota Cash</li>
 <li>Lucky for Life</li>
 <li>Scratch tickets</li>
 <li>Video Lottery terminals (available at licensed establishments statewide)</li>
</ul></p>
<p>With options for both instant-win and draw games, the Lottery offers entertainment for players across the state.</p>

<p><b>Where the Money Goes</b></p>
<p>Proceeds from South Dakota Lottery ticket sales fund several key programs:</p>
<p><ul style=""list-style-type:disc"">
 <li>The <strong>General Fund</strong>, which supports education, public safety, and health services</li>
 <li>The <strong>Capital Construction Fund</strong>, which helps maintain state buildings</li>
 <li>The <strong>Ethanol Fuel Fund</strong>, supporting alternative fuel initiatives</li>
 <li>Local businesses also benefit, with retailers and video lottery operators earning commissions and bonuses.</li>
</ul></p>
<p>Since its launch, the Lottery has contributed over <strong>$3.7 billion</strong> to these important programs.</p>

<p><b>South Dakota Lottery in 2025 and Beyond</b></p>
<p>As of <strong>2025</strong>, the South Dakota Lottery continues to evolve with new games and technologies that enhance the player experience. Whether you&rsquo;re checking <strong>South Dakota Lottery results</strong>, reviewing <strong>winning numbers</strong>, or trying your luck at a local establishment, each ticket purchased supports programs that make a difference for all South Dakotans.</p>
","south Dakota lottery,sd lottery, south Dakota lottery results, sd lottery results, south Dakota lottery numbers, sd lottery numbers,south Dakota powerball winning numbers,south Dakota lottery winning numbers, sd lottery winning numbers,SD lottery winning numbers","Get updated and accurate winning numbers and lottery results for a variety of  South Dakota ( SD ) lottery games, including Mega Millions on our website.",0.00,South Dakota (SD) Lottery Latest Results | Lottery Corner,
138,Tennessee,tn,Central Standard Time (GMT-6:00),F,Headquarters,P.O.Box 291869,Nashville,TN,"37229-1869",USA,(615) 324-6500,https://www.tnlottery.com,,"<p>The <strong>Tennessee Education Lottery</strong> has been funding educational programs and delivering exciting gaming experiences since its launch in 2004. The Lottery plays a vital role in providing scholarships and grants to students across the state.</p><p><b>A Brief History</b></p><p>Established by a public vote in 2002, the Tennessee Education Lottery began ticket sales in January 2004. From its first year, the Lottery exceeded revenue expectations and has continued to grow, becoming a key contributor to Tennessee&rsquo;s education system.</p><p><b>Games Offered</b></p><p>Tennessee Lottery players can participate in a broad selection of games, including:</p><p><ul style=""list-style-type:disc""><li>Cash 3</li><li>Cash 4</li><li>Tennessee Cash</li><li>Powerball</li><li>Mega Millions</li><li>Lotto America</li><li>Lucky for Life</li><li>Instant games (Scratch-offs)</li><li>Keno to Go</li></ul></p><p><b>Where the Money Goes</b></p><p>Proceeds from Tennessee Lottery ticket sales support education across the state. Since its inception, the Lottery has raised more than <strong>$7 billion</strong> for education, funding:</p><p><ul style=""list-style-type:disc""><li>Scholarships and grants for Tennessee students</li><li>After-school programs</li><li>Early childhood education</li><li>K&ndash;12 school support</li></ul></p><p>Local businesses also benefit, with Lottery retailers earning commissions on ticket sales.</p><p><b>Tennessee Lottery in 2025 and Beyond</b></p><p>As of <strong>2025</strong>, the Tennessee Education Lottery continues to introduce new games and enhance the player experience with expanded digital options. Whether you&rsquo;re checking <strong>Tennessee Lottery results</strong>, reviewing <strong>winning numbers</strong>, or purchasing your next ticket, every play helps fund educational opportunities for students throughout Tennessee.</p>","tennessee lottery,  tn lotto, tennessee lottery numbers, tn lottery results, tennessee powerball,tennessee lotto, tennessee lottery results","Get latest Tennessee ( TN ) lottery results, with winning numbers for the Mega Millions and Powerball lotteries, as well as jackpot amounts and past results.",0.00,Tennessee (TN) Lottery Latest Results | Lottery Corner,
139,Texas,tx,Central Standard Time (GMT-6:00),F,Texas Lottery Commission Headquarters,"611 E. 6th Street",Austin,TX,"78701",USA,(512) 34-5000,http://www.txlottery.org/,,"<p>The <strong>Texas Lottery</strong> has been offering exciting games and generating funds for public education and veterans&rsquo; services since its launch in 1992. It remains one of the most successful lotteries in the United States, both in sales and in its contributions to state programs.</p><p><b>A Brief History</b></p><p>Approved by voters in 1991, the Texas Lottery sold its first ticket in May 1992. The launch was record-breaking at the time, and the Lottery has continued to grow, now offering a wide range of games and digital services to players across Texas.</p><p><b>Games Offered</b></p><p>Texas Lottery players can enjoy a diverse lineup of games, including:</p><p><ul style=""list-style-type:disc""><li>Lotto Texas</li><li>Texas Two Step</li><li>Pick 3</li><li>Daily 4</li><li>Cash Five</li><li>All or Nothing</li><li>Powerball</li><li>Mega Millions</li><li>Scratch-off games</li><li>Fast Play games</li></ul></p><p>Draws take place daily or multiple times a week, providing plenty of chances to win.</p><p><b>Where the Money Goes</b></p><p>Proceeds from Texas Lottery ticket sales support several critical state programs. Since its start, the Lottery has contributed more than <strong>$37 billion</strong>, primarily to:</p><p><ul style=""list-style-type:disc""><li>The Foundation School Fund, which supports public education</li><li>Texas Veterans Commission Fund for Veterans&rsquo; Assistance</li><li>Other state programs as authorized by the Texas Legislature</li></ul></p><p>Additionally, Lottery retailers statewide earn commissions and bonuses, supporting local businesses.</p><p><b>Texas Lottery in 2025 and Beyond</b></p><p>As of <strong>2025</strong>, the Texas Lottery continues to grow with innovative new games and expanded digital offerings. Whether you&rsquo;re checking <strong>Texas Lottery results</strong>, reviewing <strong>winning numbers</strong>, or playing your favorite scratch ticket, every ticket purchased helps support education and veterans&rsquo; programs throughout Texas.</p>","Texas Lottery, tx lottery,tx lottery results, TX lottery winning numbers,Texas Lotto Results, Texas Lottery Winning Numbers, TX lotto, Texas lotto, lotto Texas, Texas Powerball, Texas Mega Millions","Get complete information about Texas ( TX ) lottery results, winning numbers for state-wide lotto games, as well as Powerball & Mega Millions on our website.",0.00,,
140,Vermont,vt,Eastern Standard Time (GMT-5:00),T,Vermont Lottery,"1311 US Route 302 comma  Suite 100",Barre,VT,"05641",USA,(802) 479-5686,http://www.vtlottery.com/,staff@vtlottery.com,"<p>The <strong>Vermont Lottery</strong> has been entertaining players and supporting public education since its establishment in 1977. Every ticket sold helps fund Vermont&rsquo;s schools, providing resources that benefit students across the state.</p><p><b>A Brief History</b></p><p>Approved by the Vermont General Assembly in 1977, the Vermont Lottery began operations later that same year. Over the decades, it has evolved to include a broad selection of games, generating significant revenue to support education.</p><p><b>Games Offered</b></p><p>Vermont Lottery players can participate in a variety of games, including:</p><p><ul style=""list-style-type:disc""><li>Tri-State Megabucks Plus</li><li>Tri-State Pick 3</li><li>Tri-State Pick 4</li><li>Gimme 5</li><li>Powerball</li><li>Mega Millions</li><li>Lucky for Life</li><li>Instant scratch tickets</li><li>Fast Play games</li></ul></p><p>Players enjoy both in-state and multi-state games, with draws held daily or multiple times per week.</p><p><b>Where the Money Goes</b></p><p>Proceeds from Vermont Lottery ticket sales support the state&rsquo;s <strong>Education Fund</strong>. Since its inception, the Lottery has contributed hundreds of millions of dollars to public education, helping to:</p><p><ul style=""list-style-type:disc""><li>Support school programs</li><li>Fund classroom resources</li><li>Improve educational opportunities for Vermont students</li></ul></p><p>Retailers across Vermont also benefit through commissions and bonuses on ticket sales.</p><p><b>Vermont Lottery in 2025 and Beyond</b></p><p>As of <strong>2025</strong>, the Vermont Lottery continues to expand its game offerings and enhance player experiences through digital innovation. Whether you&rsquo;re checking <strong>Vermont Lottery results</strong>, tracking <strong>winning numbers</strong>, or playing your favorite scratch ticket, every purchase helps support education for students across the Green Mountain State.</p>","Vermont lottery, vt lottery, Vermont lottery results, vt lottery results, vt lottery numbers,vt lottery powerball, Vermont powerball numbers,Vermont powerball, vt powerball, Vermont megabucks",Get results and winning numbers for all of the VerMont ( VT ) lotteries including Powerball and local lotteries such as Pick 3 & Pick 4 on our website.,0.06,,
141,Virginia,va,Eastern Standard Time (GMT-5:00),F,Lottery Headquarters,"900 E.Main Street",Richmond,VA,"23219",USA,(804) 692-7000,http://www.valottery.com/,,"<p>The <strong>Virginia Lottery</strong> has been providing fun and entertainment while supporting public education since it began in 1988. Today, it is a major contributor to Virginia&rsquo;s K&ndash;12 public schools, helping to fund programs that benefit students statewide.</p>

<p><b>A Brief History</b></p>
<p>Approved by voters in 1987, the Virginia Lottery sold its first tickets in September 1988. Over the years, the Lottery has expanded its game offerings and embraced new technology, becoming one of the most successful lotteries in the country.</p>

<p><b>Games Offered</b></p>
<p>Virginia Lottery players can enjoy a wide variety of games, including:</p>
<p><ul style=""list-style-type:disc"">
  <li>Pick 3</li>
  <li>Pick 4</li>
  <li>Cash 5 with EZ Match</li>
  <li>Bank a Million</li>
  <li>Powerball</li>
  <li>Mega Millions</li>
  <li>Cash4Life</li>
  <li>Print &lsquo;n Play games</li>
  <li>Scratchers</li>
  <li>Online instant win games and draw entries</li>
</ul></p>
<p>Games are available online and at thousands of retail locations across the state, with daily or multiple weekly drawings.</p>

<p><b>Where the Money Goes</b></p>
<p>Proceeds from Virginia Lottery ticket sales are directed to the <strong>Lottery Proceeds Fund</strong>, which is used exclusively to support K&ndash;12 public education. Since 1999, the Lottery has contributed more than <strong>$12 billion</strong> to Virginia&rsquo;s schools, helping to:</p>
<p><ul style=""list-style-type:disc"">
  <li>Fund classroom instruction and resources</li>
  <li>Support school construction and renovation projects</li>
  <li>Provide educational opportunities for students across the state</li>
</ul></p>
<p>Retailers also benefit through commissions on ticket sales, supporting businesses across Virginia.</p>

<p><b>Virginia Lottery in 2025 and Beyond</b></p>
<p>As of <strong>2025</strong>, the Virginia Lottery continues to innovate with new games and enhanced digital options, giving players more ways to participate. Whether you&rsquo;re checking <strong>Virginia Lottery results</strong>, tracking <strong>winning numbers</strong>, or trying a new game online or in-store, every ticket sold helps support public education and strengthen Virginia&rsquo;s schools.</p>","va lottery, va lottery results,VA Lottery, Virginia Lottery, VA Lotto,Virginia Lotto, VA Lottery Winning Numbers","Get all information about Virginia ( VA ) Lottery reusilts such as Pick3 ,Pick 4 including Mega millions and Powerball on our website.",0.04,Virginia (VA) Lottery Latest Results | Lottery Corner,
142,Washington,wa,Pacific Standard Time (GMT-8:00),F,Washington's Lottery,PO Box 43000,Olympia,WA,"98504-3000",USA,,http://www.walottery.com/,,"<p>The <strong>Washington&rsquo;s Lottery</strong> has been providing fun games and helping fund vital state programs since it launched in 1982. Its contributions go far beyond entertainment&mdash;each ticket sold helps support education, economic development, and social services across the state.</p>

<p><b>A Brief History</b></p>
<p>Washington voters approved the creation of a state lottery in 1982, and the first ticket was sold in 1982. Over the years, Washington&rsquo;s Lottery has expanded its offerings and become a trusted source of funding for key state initiatives.</p>

<p><b>Games Offered</b></p>
<p>Washington Lottery players can participate in a variety of games, including:</p>
<p><ul style=""list-style-type:disc"">
  <li>Lotto</li>
  <li>Hit 5</li>
  <li>Daily Game</li>
  <li>Match 4</li>
  <li>Powerball</li>
  <li>Mega Millions</li>
  <li>Lucky for Life</li>
  <li>Scratch tickets</li>
</ul></p>
<p>Draws are held daily or multiple times per week, offering players many chances to win.</p>

<p><b>Where the Money Goes</b></p>
<p>Proceeds from Washington Lottery ticket sales fund several important programs. Since its inception, the Lottery has contributed more than <strong>$5 billion</strong> to:</p>
<p><ul style=""list-style-type:disc"">
  <li>The Washington Opportunity Pathways Account, which funds college grants and scholarships</li>
  <li>Early childhood education programs</li>
  <li>Vocational excellence programs</li>
  <li>Economic development initiatives</li>
  <li>Problem gambling prevention and treatment</li>
</ul></p>
<p>Local retailers also benefit by earning commissions and bonuses on ticket sales.</p>

<p><b>Washington Lottery in 2025 and Beyond</b></p>
<p>As of <strong>2025</strong>, Washington&rsquo;s Lottery continues to evolve, introducing new games and improving digital access. Whether you&rsquo;re checking <strong>Washington Lottery results</strong>, reviewing <strong>winning numbers</strong>, or purchasing a ticket at your local store, every play helps support education and opportunity for residents throughout the state.</p>","Washington state lottery, wa state lottery,Washington state lottery results, wa state lotto, WA lotto,washington lottery winning numbers, washington lottery numbers, washington lotto, washington powerball,wa lottery results,wa lottery","Find the latest Washington ( WA ) lottery results, including the winning numbers for both Powerball and Mega Millions on our website.",0.00,,
143,Washington DC,dc,Eastern Standard Time (GMT-5:00),F,The DC Lottery and Charitable Games Control Board,"2101 Martin Luther King comma  Jr.Avenue comma  S.E.",Washington,D.C,"20020-5731",USA,(202) 645-8000,http://dclottery.com/,,"<p><strong>WHEN WAS IT FORMED?</strong></p> <p>When it comes to the first-ever tickets of the <b>District of Columbia lottery</b> being sold, the event took place on a Wednesday, which fell on August 25, <b>1982</b>. The most remarkable thing about the ticket selling of this stateâ€™s lottery is that all the 10 million tickets of &quot;Match 3,&quot; which was an instant game, managed to get sold to the people by the sanctioned lottery agents in a matter of just a few days. This immediately led to an order being placed for <b>10 million more tickets</b>, so that no one felt deprived of the high-demand lottery game.</p> <p><strong>WHO TAKES THE CASH?</strong></p> <p><strong>DC Lottery</strong> is well-known for distributing the benefits and profits that it generates amongst all areas of the state. Ever since 1982, which is also the year the lottery was made available to the general public, about $2 billion of all the profits generated have been going to the District's General Fund, which makes the General Fund more capable of taking care of other sectors of the state, which include education of the youngsters, recreational places, especially parks, the safety and security of the general people, residencies, and even services for the elderly and minors.</p> <p>The rest of the benefits are divided in the following ways:</p> <p>Around $130,000 goes to the people who have won the prizes. $14,000 are given to the lottery agents. $6,9000 are distributed for the contracts. And about$6,500 are spent in advertising of the <strong>DC lottery. </strong></p> <p><strong>GAMES:</strong></p> <p><strong>DC </strong><strong>Lottery results </strong>have changed a number of lives, especially because of the fact that they offer so many lottery games. Some of which are as follows:</p> <p>In <a href=""https://lotterycorner.com/dc/dc-2-midday"">DC-2</a>, which is one of the many games in the DC series, the player chooses 2 numbers, and then waits to see if they are the winning digits or not. A ticket of just $0.50 can help the player win around $50.</p> <p>In <a href=""https://lotterycorner.com/dc/dc-3-midday"">DC-3</a>, the player has to pick 3 numbers, and the best part is that these numbers can be played in literally three different ways, and there are nine ways to win the prize. You can win something as small as $25 or as big as $500.</p> <p>In <a href=""https://lotterycorner.com/dc/dc-4-midday"">DC-4</a>, the player gets to choose 4 numbers which may or may not be the winning digits. This game has eleven different ways to win prizes, and you can earn a jackpot of $5,000.</p> <p>In <a href=""https://lotterycorner.com/dc/dc-5-midday"">DC-5</a>, the players choose 5 digits and they can have 120 ways of winning. You can win prizes from $25 to $25,000, and even a jackpot of $50,000.</p> <p><a href=""https://lotterycorner.com/dc/powerball"">Powerball</a> and <a href=""http://localhost:8080/LuckGeneratorWeb40/dc/mega-millions"">Mega Millions</a> are two legendary lottery games which let the players win jackpots of around $40,000!</p> <p>In <a href=""https://lotterycorner.com/dc/lucky-for-life"">Lucky For Life</a>&trade;, once a player wins, they will get the prize every day for the rest of their life. These <strong>DC lottery winning numbers </strong>can literally change your life!</p> <p>In DC Keno, players can win <b>up to $1,000,000</b>.</p> <p>The Lucky One is actually a unique game in which players draw a number on the monitor.</p> <p><b>Other DC lottery games</b> include DC Fast Play, Race2Riches, Scratchers and TAP-N-PLAY.</p>","dc lottery, dc lottery results,DC Lottery Winning Numbers,Washington D C lottery",Get Winning numbers & results for all lottery games available from the District of Columbia (DC) Lottery including Mega Millions &Powerball on our website.,0.09,Washington DC (DC) Lottery Latest Results | Lottery Corner,
144,West Virginia,wv,Eastern Standard Time (GMT-5:00),F,Headquarters - Charleston,"900 Pennsylvania AV",Charleston,WV,"25302",USA,(800) 982-2274,http://www.wvlottery.com/,mail@wvlottery.com,"<p>The <strong>West Virginia Lottery</strong> has been entertaining players and funding important state programs since 1986. It has made a lasting impact by generating revenue that supports education, senior services, and tourism, helping to improve life for West Virginians.</p>

<p><b>A Brief History</b></p>
<p>Created by a constitutional amendment approved by voters in 1984, the West Virginia Lottery began operations in January 1986. Over time, the Lottery has grown to offer a wide range of games, including video lottery and table games at licensed facilities.</p>

<p><b>Games Offered</b></p>
<p>West Virginia Lottery players can enjoy a diverse mix of games, including:</p>
<p><ul style=""list-style-type:disc"">
  <li>Daily 3</li>
  <li>Daily 4</li>
  <li>Cash 25</li>
  <li>Powerball</li>
  <li>Mega Millions</li>
  <li>Lotto America</li>
  <li>Keno</li>
  <li>Lucky for Life</li>
  <li>Scratch-off tickets</li>
  <li>Video Lottery games</li>
  <li>Table games at racetrack casinos</li>
</ul></p>
<p>With daily and multi-weekly draws, players have numerous opportunities to win.</p>

<p><b>Where the Money Goes</b></p>
<p>Proceeds from West Virginia Lottery ticket and gaming sales benefit a variety of state programs. Since its inception, the Lottery has generated more than <strong>$11 billion</strong> to support:</p>
<p><ul style=""list-style-type:disc"">
  <li>Education (public schools and higher education)</li>
  <li>Senior citizen programs</li>
  <li>Tourism and state park improvements</li>
  <li>Economic development projects</li>
  <li>Veterans&rsquo; services</li>
</ul></p>
<p>Retailers and licensed gaming establishments across the state also benefit through commissions and fees.</p>

<p><b>West Virginia Lottery in 2025 and Beyond</b></p>
<p>As of <strong>2025</strong>, the West Virginia Lottery continues to expand its offerings and adopt new technologies to enhance the player experience. Whether you&rsquo;re checking <strong>West Virginia Lottery results</strong>, following <strong>winning numbers</strong>, or trying a new game, every ticket purchased helps fund programs that strengthen communities throughout West Virginia.</p>","west virginia lottery, wv lottery, west virginia lottery results, wv lotto, west virginia lottery winning numbers, west virginia lotto, west virginia powerball, west Virginia mega millions","Winning numbers, results and information on the West Virginia ( WV ) Lottery and all of the games offered by it including Powerball. Enquire now",0.07,West Virginia (WV) Lottery Results - Winning numbers | Lottery Corner,
145,Wisconsin,wi,Central Standard Time (GMT-6:00),F,Wisconsin Lottery,PO Box 8941,Madison,WI,"53708-8941",USA,(608) 261-4916,http://www.wilottery.com/,,"<p>The <strong>Wisconsin Lottery</strong> has been offering exciting games and funding property tax relief for state residents since its launch in 1988. With a wide variety of draw and instant games, the Lottery continues to provide both entertainment and meaningful community benefits.</p>

<p><b>A Brief History</b></p>
<p>The Wisconsin Lottery was created by a constitutional amendment approved by voters in 1987, and the first tickets went on sale in September 1988. Since then, it has steadily grown, becoming an important source of state revenue dedicated to property tax relief.</p>

<p><b>Games Offered</b></p>
<p>Wisconsin Lottery players can choose from a wide range of games, including:</p>
<p><ul style=""list-style-type:disc"">
  <li>Pick 3</li>
  <li>Pick 4</li>
  <li>Badger 5</li>
  <li>SuperCash!</li>
  <li>Megabucks</li>
  <li>Powerball</li>
  <li>Mega Millions</li>
  <li>All or Nothing</li>
  <li>Scratch tickets</li>
  <li>Fast Play games</li>
</ul></p>
<p>Daily and multi-weekly draws provide plenty of opportunities for players to win.</p>

<p><b>Where the Money Goes</b></p>
<p>Proceeds from Wisconsin Lottery ticket sales directly fund <strong>property tax relief</strong> for Wisconsin homeowners. Since its inception, the Lottery has returned more than <strong>$5 billion</strong> to eligible property owners through the state&rsquo;s lottery and gaming credit.</p>
<p>Additionally, Lottery retailers across Wisconsin benefit by earning commissions and bonuses on ticket sales.</p>

<p><b>Wisconsin Lottery in 2025 and Beyond</b></p>
<p>As of <strong>2025</strong>, the Wisconsin Lottery continues to innovate with new games and digital enhancements. Whether you&rsquo;re checking <strong>Wisconsin Lottery results</strong>, tracking <strong>winning numbers</strong>, or playing your favorite scratch ticket, every purchase helps fund property tax relief and supports Wisconsin residents.</p>","Wisconsin lottery, wi lottery,Wisconsin lottery results, wi lottery results,  Wisconsin megabucks, wi lottery numbers,Wisconsin lottery numbers, Wisconsin lottery tickets","Get up to date Wisconsin ( WI ) lottery results, such as the winning numbers for Powerball, Mega Millions and super cash on our website",0.08,Wisconsin (WI) Lottery Latest Results | Lottery Corner,
146,Wyoming,wy,Mountain Standard Time (GMT-7:00),T,Wyoming Lottery Corporation,"1620 Central Ave comma  Suite 100",Cheyenne,WY,"82001",USA,(855) 995-6886,http://wyolotto.com/,,"<p>The <strong>Wyoming Lottery</strong>, also known as <strong>WyoLotto</strong>, has been offering exciting games and supporting Wyoming communities since its launch in 2013. It is one of the youngest lotteries in the U.S., created to generate revenue without raising taxes.</p>

<p><b>A Brief History</b></p>
<p>The Wyoming Lottery Corporation was established in 2013 following approval by the state legislature. The first tickets were sold in August 2014. Unlike many states, Wyoming does not offer scratch-off games; instead, it focuses solely on draw-based games.</p>

<p><b>Games Offered</b></p>
<p>Wyoming Lottery players can enjoy a selection of draw games, including:</p>
<p><ul style=""list-style-type:disc"">
  <li>Cowboy Draw</li>
  <li>2by2</li>
  <li>Lucky for Life</li>
  <li>Powerball</li>
  <li>Mega Millions</li>
</ul></p>
<p>Draws are held daily or several times per week, giving players multiple chances to win.</p>

<p><b>Where the Money Goes</b></p>
<p>Proceeds from Wyoming Lottery ticket sales support the state&rsquo;s General Fund and local communities. Since its inception, the Lottery has contributed more than <strong>$34 million</strong> to:</p>
<p><ul style=""list-style-type:disc"">
  <li>Wyoming cities, towns, and counties</li>
  <li>The state&rsquo;s General Fund to support various public programs</li>
</ul></p>
<p>Retailers across Wyoming also benefit through commissions and bonuses on ticket sales.</p>

<p><b>Wyoming Lottery in 2025 and Beyond</b></p>
<p>As of <strong>2025</strong>, the Wyoming Lottery continues to grow and offer new ways to play. Whether you&rsquo;re checking <strong>Wyoming Lottery results</strong>, tracking <strong>winning numbers</strong>, or trying your luck with <strong>Cowboy Draw</strong>, every ticket purchased helps strengthen Wyoming communities and support essential state services.</p>","Wyoming Lottery, WY Lottery Results, Wyoming Lotto Results, wy lotto, lotto Wyoming, Wyoming Powerball, Wyoming Mega Millions,Wyoming Lottery Winning Numbers, WY lotto, Wyoming lotto","Get complete guide to the latest Wyoming ( WY ) lottery results, offering winning numbers for state-wide lotto games, as well as Powerball and Mega Millions",0.00,,
147,Mississippi,ms,Central Standard Time (GMT-6:00),F,,,,,,,,https://www.mslotteryhome.com/,,"<p>The <b>Mississippi Lottery</b> Corporation officially began operations in <b>2019</b>, making it one of the newest state lotteries in the U.S. Despite its recent launch, it has quickly established itself as a key contributor to state infrastructure and education funding.</p>
<p><b>A Brief History</b></p><p><ul style=""list-style-type:disc"">
<li><b>2018</b>: The Mississippi Legislature passed the Alyce G. Clarke Mississippi Lottery Law</li>
<li><b>2019</b>: First scratch-off tickets went on sale in November</li>
<li><b>2020</b>: The state joined national games like Powerball and Mega Millions</li>
<li><b>Today</b>: The Mississippi Lottery continues to expand its game offerings and impact</li></ul></p>
<p><b>Games Offered</b></p>
<p>Mississippi Lottery games include a growing variety of draw and instant&hyphen;win options:</p><p><ul style=""list-style-type:disc""><li>Powerball</li>
<li>Mega Millions</li>
<li>Mississippi Match 5</li>
<li>Cash 3 and Cash 4</li>
<li>Scratch&hyphen;off tickets</li>
<li>Fast Play games</li></ul></p><p>
These games provide daily chances to win while supporting programs that improve life in Mississippi communities.
</p><p><b>Where the Money Goes</b></p>
<p>The Mississippi Lottery contributes millions of dollars each year to benefit two main areas:</p><p><ul style=""list-style-type: disc"">
<li><b>State Infrastructure Fund &ndash;</b> Up to $80 million annually goes toward repairing and maintaining roads and bridges</li>
<li><b>Education Enhancement Fund &ndash;</b> Any revenue beyond the initial $80 million supports K&hyphen;12 and higher education programs</li></ul></p><p>Retailers across Mississippi also benefit through commissions and bonuses, adding economic value to local businesses.
</p><p><b>Mississippi Lottery in 2025 and Beyond</b></p>
<p>As of <b>2025</b>, the Mississippi Lottery continues to grow in both participation and revenue. With new games, improved access, and a clear focus on supporting state infrastructure and education, every ticket sold helps move Mississippi forward&mdash;one play at a time.</p>

","ms lottery,mississippi lottery results, mississippi lottery winning numbers,ms lottery,ms lottery winning numbers","Check Results and Analysis of all Mississippi (MS) lotteries, winning numbers for the major multi-state lotteries and information on the lottery on our website.",0.07,,
148,US Virgin Islands,vi,Eastern Standard Time (GMT-5:00),F,"St.thomas,V.I-00802",,St.Thomas,vi,"00802",US,(340)774-2502,http://www.winusvilottery.com/,win@vilottery.com,"<p>The <b>Virgin Islands Lottery</b> has been an important part of the U.S. Virgin Islands since its establishment in <b>1937</b>, making it one of the oldest lotteries in the Caribbean. It was founded to provide fun, fair games while generating funds to support the local government and community-based initiatives.</p><p><b>A Brief History</b></p><p><ul style=""list-style-type:disc""><li><b>1937</b>: Officially established as the Virgin Islands Lottery</li>
<li><b>1940s&hyphen;1970s</b>: Gained popularity with traditional draw&hyphen;style games</li>
<li><b>2000s&hyphen;Present</b>: Expanded its mission to include charitable sponsorships, public partnerships, and local grant support</li>
<li><b>Today</b>: Continues to hold bi-weekly draws and fund various community programs across the territory</li></ul>
</p><p><b>Games Offered</b></p>
<p>The Virgin Islands Lottery offers a variety of draw and instant-win games tailored to local preferences:</p><p> <b>Draw Games</b></p>
<p><ul style='list-style-type:disc'><li>Powerball</li>
<li>Mega Millions</li>
<li>Pick 3</li>
<li>Pick 4</li>
<li>Lucky Pick</li>
<li>Super Lotto</li>
<li>Express Cash</li>
<li>Caribbean Numbers</li>
<li>VI Jackpots</li></ul></p>
<p><b>Instant Games</b></p>
<p><ul style='list-style-type:disc'><li>Scratch & Win &ndash; Instant scratch-off tickets</li></ul></li></p>
<p><b>Additional Options</b></p>
<p><ul style='list-style-type:disc'><li>Caribbean Keno</li>
<li>Entertainment Centers for interactive play</li>
<li>Virgin Islands bi&hyphen;weekly draw game</li>
<li>Southland Gaming electronic games</li></ul></p>
<p>Each game offers entertainment while also supporting public services and education throughout the islands.
</p><p><b>Supporting the Community</b></p><p>Between <b>Fiscal Year 2021 and 2025</b>, the Virgin Islands Lottery provided over <b>$937,000</b> in sponsorships to <b>132 organizations</b> across the territory.</p>
<p><b>Key Funding Areas:</b></p>
<p><ul style='list-style-type:disc'><li>	<b>Government Agencies</b>: Supported departments such as Health, Education, Tourism, and Public Broadcasting</li>
<li><b>Community Enrichment</b>: Over $166,000 distributed to nonprofits, veterans' groups, and outreach programs</li>
<li><b>Arts & Culture</b>: Funded more than $178,000 in local music, film, and heritage events</li>
<li><b>Youth Enrichment</b>: Contributed over $201,000 to schools, STEM programs, and youth development initiatives</li>
<li><b>Sports</b>: Sponsored leagues and events with over $332,000 in support for youth and adult athletics</li></ul></p>
<p><b>The Virgin Islands Lottery in 2025 and Beyond</b></p><p>As of <b>2025</b>, the Virgin Islands Lottery continues to provide entertainment, funding, and opportunity through its growing lineup of games. Every ticket sold helps build a stronger Virgin Islands&mdash;supporting education, health services, culture, and recreation across the territory.</p>
","vi lottery,vi lottery results,vi lottery winning numbers,carrrebean lottery,virgin islands lottery,carrebean lottery winning numbers,vi lottery games","Get results and analysis of all US Virgin Islands (VI) lotteries, winning numbers for the major multi-state lotteries on our website.",0.37,US Virgin Islands (VI) Lottery Latest Results | Lottery Corner,
149,Alabama,al,Central Standard Time (GMT-6:00),F,,,,,,,,,,,,,,,
150,Alaska,ak, Alaska Standard Time (GMT-8:00),F,,,,,,,,,,,,,,,
151,Hawaii,hi,Hawaii Standard Time (GMT-10:00),F,,,,,,,,,,,,,,,
152,Nevada,nv,Mountain Standard Time (GMT-7:00),F,,,,,,,,,,,,,,,
153,Utah,ut,Mountain Standard Time (GMT-7:00),F,,,,,,,,,,,,,,,
